customer_id,period_date,feature_name,active_users,purchased_seats,seat_utilization,feature_adoption_rate,api_calls
CUST-0001,2025-09-04,Analytics,439,628,0.699,0.5124,41266
CUST-0001,2025-09-04,Workflow Automation,439,628,0.699,0.5677,4829
CUST-0001,2025-09-04,API Integration,439,628,0.699,0.6613,42583
CUST-0001,2025-09-04,Executive Reporting,439,628,0.699,0.7781,7024
CUST-0001,2025-09-04,Collaboration,439,628,0.699,0.8508,32047
CUST-0001,2025-10-04,Analytics,432,628,0.6879,0.8466,17016
CUST-0001,2025-10-04,Workflow Automation,432,628,0.6879,0.6839,23997
CUST-0001,2025-10-04,API Integration,432,628,0.6879,0.4705,14834
CUST-0001,2025-10-04,Executive Reporting,432,628,0.6879,0.6915,41886
CUST-0001,2025-10-04,Collaboration,432,628,0.6879,0.7656,41014
CUST-0001,2025-11-03,Analytics,427,628,0.6799,0.4252,9581
CUST-0001,2025-11-03,Workflow Automation,427,628,0.6799,0.8469,40069
CUST-0001,2025-11-03,API Integration,427,628,0.6799,0.3717,28745
CUST-0001,2025-11-03,Executive Reporting,427,628,0.6799,0.3684,24390
CUST-0001,2025-11-03,Collaboration,427,628,0.6799,0.7528,9146
CUST-0001,2025-12-03,Analytics,446,628,0.7102,0.5297,28940
CUST-0001,2025-12-03,Workflow Automation,446,628,0.7102,0.4466,11943
CUST-0001,2025-12-03,API Integration,446,628,0.7102,0.7826,25725
CUST-0001,2025-12-03,Executive Reporting,446,628,0.7102,0.642,20212
CUST-0001,2025-12-03,Collaboration,446,628,0.7102,0.8068,19293
CUST-0001,2026-01-02,Analytics,451,628,0.7182,0.8693,22044
CUST-0001,2026-01-02,Workflow Automation,451,628,0.7182,0.7606,24859
CUST-0001,2026-01-02,API Integration,451,628,0.7182,0.7923,32363
CUST-0001,2026-01-02,Executive Reporting,451,628,0.7182,0.8796,13133
CUST-0001,2026-01-02,Collaboration,451,628,0.7182,0.7648,17823
CUST-0001,2026-02-01,Analytics,451,628,0.7182,0.7483,28413
CUST-0001,2026-02-01,Workflow Automation,451,628,0.7182,0.882,38357
CUST-0001,2026-02-01,API Integration,451,628,0.7182,0.5512,28413
CUST-0001,2026-02-01,Executive Reporting,451,628,0.7182,0.3577,36936
CUST-0001,2026-02-01,Collaboration,451,628,0.7182,0.418,26992
CUST-0001,2026-03-03,Analytics,443,628,0.7054,0.7198,39444
CUST-0001,2026-03-03,Workflow Automation,443,628,0.7054,0.5596,42731
CUST-0001,2026-03-03,API Integration,443,628,0.7054,0.8672,10800
CUST-0001,2026-03-03,Executive Reporting,443,628,0.7054,0.7212,32870
CUST-0001,2026-03-03,Collaboration,443,628,0.7054,0.3638,38035
CUST-0001,2026-04-02,Analytics,423,628,0.6736,0.6855,41640
CUST-0001,2026-04-02,Workflow Automation,423,628,0.6736,0.3848,31230
CUST-0001,2026-04-02,API Integration,423,628,0.6736,0.8502,21725
CUST-0001,2026-04-02,Executive Reporting,423,628,0.6736,0.7071,10862
CUST-0001,2026-04-02,Collaboration,423,628,0.6736,0.4269,6336
CUST-0001,2026-05-02,Analytics,425,628,0.6768,0.6209,10098
CUST-0001,2026-05-02,Workflow Automation,425,628,0.6768,0.4791,35802
CUST-0001,2026-05-02,API Integration,425,628,0.6768,0.4246,31212
CUST-0001,2026-05-02,Executive Reporting,425,628,0.6768,0.5541,45441
CUST-0001,2026-05-02,Collaboration,425,628,0.6768,0.8703,28917
CUST-0001,2026-06-01,Analytics,449,628,0.715,0.7496,30832
CUST-0001,2026-06-01,Workflow Automation,449,628,0.715,0.7102,35237
CUST-0001,2026-06-01,API Integration,449,628,0.715,0.6886,22023
CUST-0001,2026-06-01,Executive Reporting,449,628,0.715,0.368,27896
CUST-0001,2026-06-01,Collaboration,449,628,0.715,0.4695,32301
CUST-0001,2026-07-01,Analytics,479,628,0.7627,0.8205,11591
CUST-0001,2026-07-01,Workflow Automation,479,628,0.7627,0.8895,30033
CUST-0001,2026-07-01,API Integration,479,628,0.7627,0.6495,48474
CUST-0001,2026-07-01,Executive Reporting,479,628,0.7627,0.5473,31614
CUST-0001,2026-07-01,Collaboration,479,628,0.7627,0.5017,13172
CUST-0001,2026-07-31,Analytics,484,628,0.7707,0.8033,11282
CUST-0001,2026-07-31,Workflow Automation,484,628,0.7707,0.7145,49426
CUST-0001,2026-07-31,API Integration,484,628,0.7707,0.7017,6446
CUST-0001,2026-07-31,Executive Reporting,484,628,0.7707,0.3778,27936
CUST-0001,2026-07-31,Collaboration,484,628,0.7707,0.484,13968
CUST-0002,2025-09-04,Analytics,260,310,0.8387,0.4639,9620
CUST-0002,2025-09-04,Workflow Automation,260,310,0.8387,0.7972,10140
CUST-0002,2025-09-04,API Integration,260,310,0.8387,0.5307,7280
CUST-0002,2025-09-04,Executive Reporting,260,310,0.8387,0.7838,22360
CUST-0002,2025-09-04,Collaboration,260,310,0.8387,0.3516,7280
CUST-0002,2025-10-04,Analytics,269,310,0.8677,0.6471,8608
CUST-0002,2025-10-04,Workflow Automation,269,310,0.8677,0.4105,3497
CUST-0002,2025-10-04,API Integration,269,310,0.8677,0.4225,14795
CUST-0002,2025-10-04,Executive Reporting,269,310,0.8677,0.7845,10760
CUST-0002,2025-10-04,Collaboration,269,310,0.8677,0.6739,3228
CUST-0002,2025-11-03,Analytics,236,310,0.7613,0.3788,14868
CUST-0002,2025-11-03,Workflow Automation,236,310,0.7613,0.6393,4248
CUST-0002,2025-11-03,API Integration,236,310,0.7613,0.6119,13216
CUST-0002,2025-11-03,Executive Reporting,236,310,0.7613,0.6323,5428
CUST-0002,2025-11-03,Collaboration,236,310,0.7613,0.5986,8968
CUST-0002,2025-12-03,Analytics,267,310,0.8613,0.3739,25098
CUST-0002,2025-12-03,Workflow Automation,267,310,0.8613,0.6368,18156
CUST-0002,2025-12-03,API Integration,267,310,0.8613,0.7038,3471
CUST-0002,2025-12-03,Executive Reporting,267,310,0.8613,0.3835,18957
CUST-0002,2025-12-03,Collaboration,267,310,0.8613,0.816,17088
CUST-0002,2026-01-02,Analytics,257,310,0.829,0.6196,16962
CUST-0002,2026-01-02,Workflow Automation,257,310,0.829,0.3904,5140
CUST-0002,2026-01-02,API Integration,257,310,0.829,0.5272,7196
CUST-0002,2026-01-02,Executive Reporting,257,310,0.829,0.3861,11565
CUST-0002,2026-01-02,Collaboration,257,310,0.829,0.6934,21588
CUST-0002,2026-02-01,Analytics,251,310,0.8097,0.5289,21586
CUST-0002,2026-02-01,Workflow Automation,251,310,0.8097,0.6418,17068
CUST-0002,2026-02-01,API Integration,251,310,0.8097,0.6281,16315
CUST-0002,2026-02-01,Executive Reporting,251,310,0.8097,0.4045,24849
CUST-0002,2026-02-01,Collaboration,251,310,0.8097,0.4129,23343
CUST-0002,2026-03-03,Analytics,256,310,0.8258,0.7729,9472
CUST-0002,2026-03-03,Workflow Automation,256,310,0.8258,0.5865,9984
CUST-0002,2026-03-03,API Integration,256,310,0.8258,0.5776,17408
CUST-0002,2026-03-03,Executive Reporting,256,310,0.8258,0.5693,5632
CUST-0002,2026-03-03,Collaboration,256,310,0.8258,0.5219,12800
CUST-0002,2026-04-02,Analytics,256,310,0.8258,0.5559,7424
CUST-0002,2026-04-02,Workflow Automation,256,310,0.8258,0.7278,17920
CUST-0002,2026-04-02,API Integration,256,310,0.8258,0.3869,5120
CUST-0002,2026-04-02,Executive Reporting,256,310,0.8258,0.4013,5632
CUST-0002,2026-04-02,Collaboration,256,310,0.8258,0.7595,14592
CUST-0002,2026-05-02,Analytics,262,310,0.8452,0.656,22270
CUST-0002,2026-05-02,Workflow Automation,262,310,0.8452,0.8761,21222
CUST-0002,2026-05-02,API Integration,262,310,0.8452,0.5313,6550
CUST-0002,2026-05-02,Executive Reporting,262,310,0.8452,0.5759,24890
CUST-0002,2026-05-02,Collaboration,262,310,0.8452,0.8676,16768
CUST-0002,2026-06-01,Analytics,264,310,0.8516,0.7466,12144
CUST-0002,2026-06-01,Workflow Automation,264,310,0.8516,0.6802,14520
CUST-0002,2026-06-01,API Integration,264,310,0.8516,0.407,19536
CUST-0002,2026-06-01,Executive Reporting,264,310,0.8516,0.467,24816
CUST-0002,2026-06-01,Collaboration,264,310,0.8516,0.6152,6072
CUST-0002,2026-07-01,Analytics,244,310,0.7871,0.6559,5856
CUST-0002,2026-07-01,Workflow Automation,244,310,0.7871,0.7694,20252
CUST-0002,2026-07-01,API Integration,244,310,0.7871,0.4744,15616
CUST-0002,2026-07-01,Executive Reporting,244,310,0.7871,0.8148,21716
CUST-0002,2026-07-01,Collaboration,244,310,0.7871,0.6875,22448
CUST-0002,2026-07-31,Analytics,252,310,0.8129,0.6849,23688
CUST-0002,2026-07-31,Workflow Automation,252,310,0.8129,0.8062,11088
CUST-0002,2026-07-31,API Integration,252,310,0.8129,0.3659,11088
CUST-0002,2026-07-31,Executive Reporting,252,310,0.8129,0.7365,12348
CUST-0002,2026-07-31,Collaboration,252,310,0.8129,0.8568,13608
CUST-0003,2025-09-04,Analytics,43,60,0.7167,0.7115,774
CUST-0003,2025-09-04,Workflow Automation,43,60,0.7167,0.428,3913
CUST-0003,2025-09-04,API Integration,43,60,0.7167,0.8845,903
CUST-0003,2025-09-04,Executive Reporting,43,60,0.7167,0.7604,1591
CUST-0003,2025-09-04,Collaboration,43,60,0.7167,0.5569,2924
CUST-0003,2025-10-04,Analytics,44,60,0.7333,0.5535,2244
CUST-0003,2025-10-04,Workflow Automation,44,60,0.7333,0.7773,3608
CUST-0003,2025-10-04,API Integration,44,60,0.7333,0.6779,704
CUST-0003,2025-10-04,Executive Reporting,44,60,0.7333,0.4356,3916
CUST-0003,2025-10-04,Collaboration,44,60,0.7333,0.3774,880
CUST-0003,2025-11-03,Analytics,44,60,0.7333,0.7141,3168
CUST-0003,2025-11-03,Workflow Automation,44,60,0.7333,0.6839,2772
CUST-0003,2025-11-03,API Integration,44,60,0.7333,0.5002,3300
CUST-0003,2025-11-03,Executive Reporting,44,60,0.7333,0.4126,2860
CUST-0003,2025-11-03,Collaboration,44,60,0.7333,0.411,4224
CUST-0003,2025-12-03,Analytics,47,60,0.7833,0.6176,4465
CUST-0003,2025-12-03,Workflow Automation,47,60,0.7833,0.5196,1786
CUST-0003,2025-12-03,API Integration,47,60,0.7833,0.5674,4042
CUST-0003,2025-12-03,Executive Reporting,47,60,0.7833,0.3801,1692
CUST-0003,2025-12-03,Collaboration,47,60,0.7833,0.5158,1739
CUST-0003,2026-01-02,Analytics,47,60,0.7833,0.7703,2209
CUST-0003,2026-01-02,Workflow Automation,47,60,0.7833,0.5305,470
CUST-0003,2026-01-02,API Integration,47,60,0.7833,0.6236,3055
CUST-0003,2026-01-02,Executive Reporting,47,60,0.7833,0.4466,2726
CUST-0003,2026-01-02,Collaboration,47,60,0.7833,0.6429,1833
CUST-0003,2026-02-01,Analytics,46,60,0.7667,0.8083,2530
CUST-0003,2026-02-01,Workflow Automation,46,60,0.7667,0.3896,690
CUST-0003,2026-02-01,API Integration,46,60,0.7667,0.5899,3128
CUST-0003,2026-02-01,Executive Reporting,46,60,0.7667,0.8566,2300
CUST-0003,2026-02-01,Collaboration,46,60,0.7667,0.6667,3818
CUST-0003,2026-03-03,Analytics,45,60,0.75,0.7021,2115
CUST-0003,2026-03-03,Workflow Automation,45,60,0.75,0.4133,540
CUST-0003,2026-03-03,API Integration,45,60,0.75,0.8814,1395
CUST-0003,2026-03-03,Executive Reporting,45,60,0.75,0.7907,4005
CUST-0003,2026-03-03,Collaboration,45,60,0.75,0.6031,4410
CUST-0003,2026-04-02,Analytics,49,60,0.8167,0.3985,1127
CUST-0003,2026-04-02,Workflow Automation,49,60,0.8167,0.4838,4165
CUST-0003,2026-04-02,API Integration,49,60,0.8167,0.5702,980
CUST-0003,2026-04-02,Executive Reporting,49,60,0.8167,0.5677,2401
CUST-0003,2026-04-02,Collaboration,49,60,0.8167,0.7602,1862
CUST-0003,2026-05-02,Analytics,44,60,0.7333,0.4425,3300
CUST-0003,2026-05-02,Workflow Automation,44,60,0.7333,0.6983,3388
CUST-0003,2026-05-02,API Integration,44,60,0.7333,0.6305,2376
CUST-0003,2026-05-02,Executive Reporting,44,60,0.7333,0.5431,4048
CUST-0003,2026-05-02,Collaboration,44,60,0.7333,0.7983,1760
CUST-0003,2026-06-01,Analytics,43,60,0.7167,0.4908,1376
CUST-0003,2026-06-01,Workflow Automation,43,60,0.7167,0.6813,3999
CUST-0003,2026-06-01,API Integration,43,60,0.7167,0.3914,3870
CUST-0003,2026-06-01,Executive Reporting,43,60,0.7167,0.6218,3526
CUST-0003,2026-06-01,Collaboration,43,60,0.7167,0.7679,2881
CUST-0003,2026-07-01,Analytics,47,60,0.7833,0.8351,4324
CUST-0003,2026-07-01,Workflow Automation,47,60,0.7833,0.6994,4183
CUST-0003,2026-07-01,API Integration,47,60,0.7833,0.5278,4230
CUST-0003,2026-07-01,Executive Reporting,47,60,0.7833,0.5239,3102
CUST-0003,2026-07-01,Collaboration,47,60,0.7833,0.3876,3102
CUST-0003,2026-07-31,Analytics,46,60,0.7667,0.788,3910
CUST-0003,2026-07-31,Workflow Automation,46,60,0.7667,0.3809,3404
CUST-0003,2026-07-31,API Integration,46,60,0.7667,0.3908,3174
CUST-0003,2026-07-31,Executive Reporting,46,60,0.7667,0.5986,782
CUST-0003,2026-07-31,Collaboration,46,60,0.7667,0.5528,2116
CUST-0004,2025-09-04,Analytics,127,187,0.6791,0.3997,10922
CUST-0004,2025-09-04,Workflow Automation,127,187,0.6791,0.6289,8763
CUST-0004,2025-09-04,API Integration,127,187,0.6791,0.6692,1905
CUST-0004,2025-09-04,Executive Reporting,127,187,0.6791,0.5974,10541
CUST-0004,2025-09-04,Collaboration,127,187,0.6791,0.7085,6477
CUST-0004,2025-10-04,Analytics,119,187,0.6364,0.6258,2023
CUST-0004,2025-10-04,Workflow Automation,119,187,0.6364,0.5978,6307
CUST-0004,2025-10-04,API Integration,119,187,0.6364,0.8903,2380
CUST-0004,2025-10-04,Executive Reporting,119,187,0.6364,0.6275,3808
CUST-0004,2025-10-04,Collaboration,119,187,0.6364,0.3715,11900
CUST-0004,2025-11-03,Analytics,116,187,0.6203,0.5917,8816
CUST-0004,2025-11-03,Workflow Automation,116,187,0.6203,0.6854,6496
CUST-0004,2025-11-03,API Integration,116,187,0.6203,0.5551,5336
CUST-0004,2025-11-03,Executive Reporting,116,187,0.6203,0.5631,6148
CUST-0004,2025-11-03,Collaboration,116,187,0.6203,0.7234,1856
CUST-0004,2025-12-03,Analytics,123,187,0.6578,0.706,2214
CUST-0004,2025-12-03,Workflow Automation,123,187,0.6578,0.5313,9963
CUST-0004,2025-12-03,API Integration,123,187,0.6578,0.7231,5658
CUST-0004,2025-12-03,Executive Reporting,123,187,0.6578,0.4886,11562
CUST-0004,2025-12-03,Collaboration,123,187,0.6578,0.8804,10701
CUST-0004,2026-01-02,Analytics,125,187,0.6684,0.5333,10500
CUST-0004,2026-01-02,Workflow Automation,125,187,0.6684,0.715,6750
CUST-0004,2026-01-02,API Integration,125,187,0.6684,0.5206,11625
CUST-0004,2026-01-02,Executive Reporting,125,187,0.6684,0.7342,7500
CUST-0004,2026-01-02,Collaboration,125,187,0.6684,0.4209,12500
CUST-0004,2026-02-01,Analytics,126,187,0.6738,0.5203,7308
CUST-0004,2026-02-01,Workflow Automation,126,187,0.6738,0.7039,6552
CUST-0004,2026-02-01,API Integration,126,187,0.6738,0.7973,11970
CUST-0004,2026-02-01,Executive Reporting,126,187,0.6738,0.7366,12222
CUST-0004,2026-02-01,Collaboration,126,187,0.6738,0.8518,2646
CUST-0004,2026-03-03,Analytics,120,187,0.6417,0.5829,6720
CUST-0004,2026-03-03,Workflow Automation,120,187,0.6417,0.36,5880
CUST-0004,2026-03-03,API Integration,120,187,0.6417,0.4491,4440
CUST-0004,2026-03-03,Executive Reporting,120,187,0.6417,0.538,8640
CUST-0004,2026-03-03,Collaboration,120,187,0.6417,0.4556,3240
CUST-0004,2026-04-02,Analytics,111,187,0.5936,0.5127,2442
CUST-0004,2026-04-02,Workflow Automation,111,187,0.5936,0.6292,8769
CUST-0004,2026-04-02,API Integration,111,187,0.5936,0.8093,8547
CUST-0004,2026-04-02,Executive Reporting,111,187,0.5936,0.3708,5883
CUST-0004,2026-04-02,Collaboration,111,187,0.5936,0.832,9879
CUST-0004,2026-05-02,Analytics,111,187,0.5936,0.5572,3330
CUST-0004,2026-05-02,Workflow Automation,111,187,0.5936,0.4495,10878
CUST-0004,2026-05-02,API Integration,111,187,0.5936,0.7741,3441
CUST-0004,2026-05-02,Executive Reporting,111,187,0.5936,0.7467,1665
CUST-0004,2026-05-02,Collaboration,111,187,0.5936,0.576,10656
CUST-0004,2026-06-01,Analytics,122,187,0.6524,0.8833,10736
CUST-0004,2026-06-01,Workflow Automation,122,187,0.6524,0.5067,8174
CUST-0004,2026-06-01,API Integration,122,187,0.6524,0.4787,4880
CUST-0004,2026-06-01,Executive Reporting,122,187,0.6524,0.5202,8540
CUST-0004,2026-06-01,Collaboration,122,187,0.6524,0.8472,4148
CUST-0004,2026-07-01,Analytics,115,187,0.615,0.8709,7590
CUST-0004,2026-07-01,Workflow Automation,115,187,0.615,0.6039,5290
CUST-0004,2026-07-01,API Integration,115,187,0.615,0.778,8510
CUST-0004,2026-07-01,Executive Reporting,115,187,0.615,0.6401,3450
CUST-0004,2026-07-01,Collaboration,115,187,0.615,0.7993,10005
CUST-0004,2026-07-31,Analytics,111,187,0.5936,0.4875,10212
CUST-0004,2026-07-31,Workflow Automation,111,187,0.5936,0.6143,6327
CUST-0004,2026-07-31,API Integration,111,187,0.5936,0.655,2553
CUST-0004,2026-07-31,Executive Reporting,111,187,0.5936,0.7413,8436
CUST-0004,2026-07-31,Collaboration,111,187,0.5936,0.8181,5106
CUST-0005,2025-09-04,Analytics,120,207,0.5797,0.8479,3360
CUST-0005,2025-09-04,Workflow Automation,120,207,0.5797,0.8071,2520
CUST-0005,2025-09-04,API Integration,120,207,0.5797,0.8705,4560
CUST-0005,2025-09-04,Executive Reporting,120,207,0.5797,0.7992,6480
CUST-0005,2025-09-04,Collaboration,120,207,0.5797,0.8618,7560
CUST-0005,2025-10-04,Analytics,116,207,0.5604,0.6261,4640
CUST-0005,2025-10-04,Workflow Automation,116,207,0.5604,0.5624,2320
CUST-0005,2025-10-04,API Integration,116,207,0.5604,0.5562,1508
CUST-0005,2025-10-04,Executive Reporting,116,207,0.5604,0.5253,2552
CUST-0005,2025-10-04,Collaboration,116,207,0.5604,0.8115,10788
CUST-0005,2025-11-03,Analytics,121,207,0.5845,0.4303,1694
CUST-0005,2025-11-03,Workflow Automation,121,207,0.5845,0.5078,8470
CUST-0005,2025-11-03,API Integration,121,207,0.5845,0.7328,3267
CUST-0005,2025-11-03,Executive Reporting,121,207,0.5845,0.7674,8470
CUST-0005,2025-11-03,Collaboration,121,207,0.5845,0.5967,1210
CUST-0005,2025-12-03,Analytics,133,207,0.6425,0.3605,4921
CUST-0005,2025-12-03,Workflow Automation,133,207,0.6425,0.8092,10640
CUST-0005,2025-12-03,API Integration,133,207,0.6425,0.8671,11571
CUST-0005,2025-12-03,Executive Reporting,133,207,0.6425,0.6403,3192
CUST-0005,2025-12-03,Collaboration,133,207,0.6425,0.7769,5320
CUST-0005,2026-01-02,Analytics,121,207,0.5845,0.3763,7623
CUST-0005,2026-01-02,Workflow Automation,121,207,0.5845,0.7014,10769
CUST-0005,2026-01-02,API Integration,121,207,0.5845,0.6014,2904
CUST-0005,2026-01-02,Executive Reporting,121,207,0.5845,0.8102,8833
CUST-0005,2026-01-02,Collaboration,121,207,0.5845,0.6782,1452
CUST-0005,2026-02-01,Analytics,127,207,0.6135,0.6663,3556
CUST-0005,2026-02-01,Workflow Automation,127,207,0.6135,0.5102,1270
CUST-0005,2026-02-01,API Integration,127,207,0.6135,0.6881,5080
CUST-0005,2026-02-01,Executive Reporting,127,207,0.6135,0.6639,4191
CUST-0005,2026-02-01,Collaboration,127,207,0.6135,0.7154,2540
CUST-0005,2026-03-03,Analytics,125,207,0.6039,0.5483,9625
CUST-0005,2026-03-03,Workflow Automation,125,207,0.6039,0.6492,9250
CUST-0005,2026-03-03,API Integration,125,207,0.6039,0.6548,7375
CUST-0005,2026-03-03,Executive Reporting,125,207,0.6039,0.8303,1875
CUST-0005,2026-03-03,Collaboration,125,207,0.6039,0.6996,7125
CUST-0005,2026-04-02,Analytics,120,207,0.5797,0.3589,2160
CUST-0005,2026-04-02,Workflow Automation,120,207,0.5797,0.5396,11280
CUST-0005,2026-04-02,API Integration,120,207,0.5797,0.6955,10080
CUST-0005,2026-04-02,Executive Reporting,120,207,0.5797,0.7544,6240
CUST-0005,2026-04-02,Collaboration,120,207,0.5797,0.4234,6600
CUST-0005,2026-05-02,Analytics,125,207,0.6039,0.7974,4000
CUST-0005,2026-05-02,Workflow Automation,125,207,0.6039,0.8067,12125
CUST-0005,2026-05-02,API Integration,125,207,0.6039,0.6055,12375
CUST-0005,2026-05-02,Executive Reporting,125,207,0.6039,0.6132,4125
CUST-0005,2026-05-02,Collaboration,125,207,0.6039,0.7963,2250
CUST-0005,2026-06-01,Analytics,129,207,0.6232,0.869,1806
CUST-0005,2026-06-01,Workflow Automation,129,207,0.6232,0.5114,1935
CUST-0005,2026-06-01,API Integration,129,207,0.6232,0.7851,1935
CUST-0005,2026-06-01,Executive Reporting,129,207,0.6232,0.5236,6321
CUST-0005,2026-06-01,Collaboration,129,207,0.6232,0.6335,10191
CUST-0005,2026-07-01,Analytics,72,207,0.3478,0.3701,3841
CUST-0005,2026-07-01,Workflow Automation,72,207,0.3478,0.4551,2296
CUST-0005,2026-07-01,API Integration,72,207,0.3478,0.8242,668
CUST-0005,2026-07-01,Executive Reporting,72,207,0.3478,0.8262,2171
CUST-0005,2026-07-01,Collaboration,72,207,0.3478,0.5003,2380
CUST-0005,2026-07-31,Analytics,71,207,0.343,0.57,2717
CUST-0005,2026-07-31,Workflow Automation,71,207,0.343,0.8421,2429
CUST-0005,2026-07-31,API Integration,71,207,0.343,0.5365,1358
CUST-0005,2026-07-31,Executive Reporting,71,207,0.343,0.6229,3006
CUST-0005,2026-07-31,Collaboration,71,207,0.343,0.552,3129
CUST-0006,2025-09-04,Analytics,324,526,0.616,0.3934,28188
CUST-0006,2025-09-04,Workflow Automation,324,526,0.616,0.8973,10692
CUST-0006,2025-09-04,API Integration,324,526,0.616,0.65,16524
CUST-0006,2025-09-04,Executive Reporting,324,526,0.616,0.4064,16524
CUST-0006,2025-09-04,Collaboration,324,526,0.616,0.7135,15876
CUST-0006,2025-10-04,Analytics,310,526,0.5894,0.7447,9610
CUST-0006,2025-10-04,Workflow Automation,310,526,0.5894,0.7294,16740
CUST-0006,2025-10-04,API Integration,310,526,0.5894,0.5959,17050
CUST-0006,2025-10-04,Executive Reporting,310,526,0.5894,0.6882,20150
CUST-0006,2025-10-04,Collaboration,310,526,0.5894,0.501,5270
CUST-0006,2025-11-03,Analytics,291,526,0.5532,0.7006,16296
CUST-0006,2025-11-03,Workflow Automation,291,526,0.5532,0.6322,27936
CUST-0006,2025-11-03,API Integration,291,526,0.5532,0.438,3783
CUST-0006,2025-11-03,Executive Reporting,291,526,0.5532,0.4285,25317
CUST-0006,2025-11-03,Collaboration,291,526,0.5532,0.7229,19206
CUST-0006,2025-12-03,Analytics,289,526,0.5494,0.387,26588
CUST-0006,2025-12-03,Workflow Automation,289,526,0.5494,0.5515,17051
CUST-0006,2025-12-03,API Integration,289,526,0.5494,0.8722,4046
CUST-0006,2025-12-03,Executive Reporting,289,526,0.5494,0.6828,27744
CUST-0006,2025-12-03,Collaboration,289,526,0.5494,0.5975,16473
CUST-0006,2026-01-02,Analytics,306,526,0.5817,0.7697,25398
CUST-0006,2026-01-02,Workflow Automation,306,526,0.5817,0.4257,17136
CUST-0006,2026-01-02,API Integration,306,526,0.5817,0.5689,28458
CUST-0006,2026-01-02,Executive Reporting,306,526,0.5817,0.5033,7344
CUST-0006,2026-01-02,Collaboration,306,526,0.5817,0.3643,10098
CUST-0006,2026-02-01,Analytics,312,526,0.5932,0.5628,25272
CUST-0006,2026-02-01,Workflow Automation,312,526,0.5932,0.4148,13416
CUST-0006,2026-02-01,API Integration,312,526,0.5932,0.7372,11544
CUST-0006,2026-02-01,Executive Reporting,312,526,0.5932,0.898,14352
CUST-0006,2026-02-01,Collaboration,312,526,0.5932,0.7317,22464
CUST-0006,2026-03-03,Analytics,297,526,0.5646,0.4247,5643
CUST-0006,2026-03-03,Workflow Automation,297,526,0.5646,0.5986,19602
CUST-0006,2026-03-03,API Integration,297,526,0.5646,0.8985,28809
CUST-0006,2026-03-03,Executive Reporting,297,526,0.5646,0.8822,14850
CUST-0006,2026-03-03,Collaboration,297,526,0.5646,0.7173,29700
CUST-0006,2026-04-02,Analytics,291,526,0.5532,0.6482,13968
CUST-0006,2026-04-02,Workflow Automation,291,526,0.5532,0.8182,29100
CUST-0006,2026-04-02,API Integration,291,526,0.5532,0.86,26481
CUST-0006,2026-04-02,Executive Reporting,291,526,0.5532,0.4458,16296
CUST-0006,2026-04-02,Collaboration,291,526,0.5532,0.6298,7275
CUST-0006,2026-05-02,Analytics,337,526,0.6407,0.7856,13480
CUST-0006,2026-05-02,Workflow Automation,337,526,0.6407,0.7847,4381
CUST-0006,2026-05-02,API Integration,337,526,0.6407,0.5485,27971
CUST-0006,2026-05-02,Executive Reporting,337,526,0.6407,0.5529,26960
CUST-0006,2026-05-02,Collaboration,337,526,0.6407,0.4214,7077
CUST-0006,2026-06-01,Analytics,291,526,0.5532,0.569,20661
CUST-0006,2026-06-01,Workflow Automation,291,526,0.5532,0.6391,18042
CUST-0006,2026-06-01,API Integration,291,526,0.5532,0.8028,5529
CUST-0006,2026-06-01,Executive Reporting,291,526,0.5532,0.4189,14550
CUST-0006,2026-06-01,Collaboration,291,526,0.5532,0.7033,19497
CUST-0006,2026-07-01,Analytics,311,526,0.5913,0.6345,8086
CUST-0006,2026-07-01,Workflow Automation,311,526,0.5913,0.8329,24880
CUST-0006,2026-07-01,API Integration,311,526,0.5913,0.7019,10263
CUST-0006,2026-07-01,Executive Reporting,311,526,0.5913,0.7723,8086
CUST-0006,2026-07-01,Collaboration,311,526,0.5913,0.5879,5287
CUST-0006,2026-07-31,Analytics,329,526,0.6255,0.635,15792
CUST-0006,2026-07-31,Workflow Automation,329,526,0.6255,0.4406,16779
CUST-0006,2026-07-31,API Integration,329,526,0.6255,0.8641,12502
CUST-0006,2026-07-31,Executive Reporting,329,526,0.6255,0.5403,25004
CUST-0006,2026-07-31,Collaboration,329,526,0.6255,0.8422,6580
CUST-0007,2025-09-04,Analytics,317,390,0.8128,0.5009,28530
CUST-0007,2025-09-04,Workflow Automation,317,390,0.8128,0.5166,24726
CUST-0007,2025-09-04,API Integration,317,390,0.8128,0.4014,29164
CUST-0007,2025-09-04,Executive Reporting,317,390,0.8128,0.4427,26628
CUST-0007,2025-09-04,Collaboration,317,390,0.8128,0.4348,29798
CUST-0007,2025-10-04,Analytics,301,390,0.7718,0.8461,15953
CUST-0007,2025-10-04,Workflow Automation,301,390,0.7718,0.8134,24682
CUST-0007,2025-10-04,API Integration,301,390,0.7718,0.3727,3913
CUST-0007,2025-10-04,Executive Reporting,301,390,0.7718,0.3947,27692
CUST-0007,2025-10-04,Collaboration,301,390,0.7718,0.7741,12943
CUST-0007,2025-11-03,Analytics,303,390,0.7769,0.7718,19089
CUST-0007,2025-11-03,Workflow Automation,303,390,0.7769,0.69,3939
CUST-0007,2025-11-03,API Integration,303,390,0.7769,0.6239,27270
CUST-0007,2025-11-03,Executive Reporting,303,390,0.7769,0.6501,27876
CUST-0007,2025-11-03,Collaboration,303,390,0.7769,0.8762,21513
CUST-0007,2025-12-03,Analytics,283,390,0.7256,0.794,17263
CUST-0007,2025-12-03,Workflow Automation,283,390,0.7256,0.5136,5377
CUST-0007,2025-12-03,API Integration,283,390,0.7256,0.7287,8490
CUST-0007,2025-12-03,Executive Reporting,283,390,0.7256,0.5918,20093
CUST-0007,2025-12-03,Collaboration,283,390,0.7256,0.6054,14999
CUST-0007,2026-01-02,Analytics,301,390,0.7718,0.5219,15050
CUST-0007,2026-01-02,Workflow Automation,301,390,0.7718,0.7538,16254
CUST-0007,2026-01-02,API Integration,301,390,0.7718,0.8865,7826
CUST-0007,2026-01-02,Executive Reporting,301,390,0.7718,0.7684,22575
CUST-0007,2026-01-02,Collaboration,301,390,0.7718,0.6589,15050
CUST-0007,2026-02-01,Analytics,283,390,0.7256,0.4174,18961
CUST-0007,2026-02-01,Workflow Automation,283,390,0.7256,0.4864,6226
CUST-0007,2026-02-01,API Integration,283,390,0.7256,0.3778,16697
CUST-0007,2026-02-01,Executive Reporting,283,390,0.7256,0.8253,17829
CUST-0007,2026-02-01,Collaboration,283,390,0.7256,0.4865,8490
CUST-0007,2026-03-03,Analytics,310,390,0.7949,0.8636,15500
CUST-0007,2026-03-03,Workflow Automation,310,390,0.7949,0.4544,9300
CUST-0007,2026-03-03,API Integration,310,390,0.7949,0.624,23250
CUST-0007,2026-03-03,Executive Reporting,310,390,0.7949,0.6067,15190
CUST-0007,2026-03-03,Collaboration,310,390,0.7949,0.6236,6510
CUST-0007,2026-04-02,Analytics,317,390,0.8128,0.628,12680
CUST-0007,2026-04-02,Workflow Automation,317,390,0.8128,0.4683,17435
CUST-0007,2026-04-02,API Integration,317,390,0.8128,0.3768,14582
CUST-0007,2026-04-02,Executive Reporting,317,390,0.8128,0.6222,29481
CUST-0007,2026-04-02,Collaboration,317,390,0.8128,0.7199,14582
CUST-0007,2026-05-02,Analytics,297,390,0.7615,0.8159,19305
CUST-0007,2026-05-02,Workflow Automation,297,390,0.7615,0.4237,12771
CUST-0007,2026-05-02,API Integration,297,390,0.7615,0.7501,18117
CUST-0007,2026-05-02,Executive Reporting,297,390,0.7615,0.5513,18117
CUST-0007,2026-05-02,Collaboration,297,390,0.7615,0.3781,24057
CUST-0007,2026-06-01,Analytics,281,390,0.7205,0.6543,5339
CUST-0007,2026-06-01,Workflow Automation,281,390,0.7205,0.5625,18827
CUST-0007,2026-06-01,API Integration,281,390,0.7205,0.7704,12645
CUST-0007,2026-06-01,Executive Reporting,281,390,0.7205,0.8039,25009
CUST-0007,2026-06-01,Collaboration,281,390,0.7205,0.7242,7025
CUST-0007,2026-07-01,Analytics,278,390,0.7128,0.4032,15846
CUST-0007,2026-07-01,Workflow Automation,278,390,0.7128,0.7872,14734
CUST-0007,2026-07-01,API Integration,278,390,0.7128,0.6568,15568
CUST-0007,2026-07-01,Executive Reporting,278,390,0.7128,0.7652,9730
CUST-0007,2026-07-01,Collaboration,278,390,0.7128,0.6814,16958
CUST-0007,2026-07-31,Analytics,296,390,0.759,0.3749,7992
CUST-0007,2026-07-31,Workflow Automation,296,390,0.759,0.7425,20720
CUST-0007,2026-07-31,API Integration,296,390,0.759,0.6356,8584
CUST-0007,2026-07-31,Executive Reporting,296,390,0.759,0.6834,22200
CUST-0007,2026-07-31,Collaboration,296,390,0.759,0.4269,26048
CUST-0008,2025-09-04,Analytics,394,474,0.8312,0.7566,18912
CUST-0008,2025-09-04,Workflow Automation,394,474,0.8312,0.6765,29156
CUST-0008,2025-09-04,API Integration,394,474,0.8312,0.8056,30732
CUST-0008,2025-09-04,Executive Reporting,394,474,0.8312,0.6194,32308
CUST-0008,2025-09-04,Collaboration,394,474,0.8312,0.5149,4728
CUST-0008,2025-10-04,Analytics,361,474,0.7616,0.7206,22970
CUST-0008,2025-10-04,Workflow Automation,361,474,0.7616,0.671,35731
CUST-0008,2025-10-04,API Integration,361,474,0.7616,0.6961,31356
CUST-0008,2025-10-04,Executive Reporting,361,474,0.7616,0.611,33908
CUST-0008,2025-10-04,Collaboration,361,474,0.7616,0.7806,30627
CUST-0008,2025-11-03,Analytics,377,474,0.7954,0.7468,32301
CUST-0008,2025-11-03,Workflow Automation,377,474,0.7954,0.6142,29609
CUST-0008,2025-11-03,API Integration,377,474,0.7954,0.696,34224
CUST-0008,2025-11-03,Executive Reporting,377,474,0.7954,0.776,22303
CUST-0008,2025-11-03,Collaboration,377,474,0.7954,0.4313,37300
CUST-0008,2025-12-03,Analytics,361,474,0.7616,0.6649,36811
CUST-0008,2025-12-03,Workflow Automation,361,474,0.7616,0.4104,4461
CUST-0008,2025-12-03,API Integration,361,474,0.7616,0.5926,23425
CUST-0008,2025-12-03,Executive Reporting,361,474,0.7616,0.4333,36439
CUST-0008,2025-12-03,Collaboration,361,474,0.7616,0.4621,27515
CUST-0008,2026-01-02,Analytics,397,474,0.8376,0.8563,7018
CUST-0008,2026-01-02,Workflow Automation,397,474,0.8376,0.7382,31378
CUST-0008,2026-01-02,API Integration,397,474,0.8376,0.464,21056
CUST-0008,2026-01-02,Executive Reporting,397,474,0.8376,0.899,29314
CUST-0008,2026-01-02,Collaboration,397,474,0.8376,0.639,20644
CUST-0008,2026-02-01,Analytics,412,474,0.8692,0.6028,33742
CUST-0008,2026-02-01,Workflow Automation,412,474,0.8692,0.5383,23793
CUST-0008,2026-02-01,API Integration,412,474,0.8692,0.7217,41962
CUST-0008,2026-02-01,Executive Reporting,412,474,0.8692,0.7038,42394
CUST-0008,2026-02-01,Collaboration,412,474,0.8692,0.4954,30714
CUST-0008,2026-03-03,Analytics,368,474,0.7764,0.4856,31596
CUST-0008,2026-03-03,Workflow Automation,368,474,0.7764,0.5142,18723
CUST-0008,2026-03-03,API Integration,368,474,0.7764,0.7741,39008
CUST-0008,2026-03-03,Executive Reporting,368,474,0.7764,0.464,39008
CUST-0008,2026-03-03,Collaboration,368,474,0.7764,0.619,27695
CUST-0008,2026-04-02,Analytics,382,474,0.8059,0.8635,18393
CUST-0008,2026-04-02,Workflow Automation,382,474,0.8059,0.5083,33925
CUST-0008,2026-04-02,API Integration,382,474,0.8059,0.7221,23706
CUST-0008,2026-04-02,Executive Reporting,382,474,0.8059,0.8427,24524
CUST-0008,2026-04-02,Collaboration,382,474,0.8059,0.8001,11444
CUST-0008,2026-05-02,Analytics,382,474,0.8059,0.5082,8251
CUST-0008,2026-05-02,Workflow Automation,382,474,0.8059,0.5405,27228
CUST-0008,2026-05-02,API Integration,382,474,0.8059,0.7108,29291
CUST-0008,2026-05-02,Executive Reporting,382,474,0.8059,0.4677,32179
CUST-0008,2026-05-02,Collaboration,382,474,0.8059,0.4991,33417
CUST-0008,2026-06-01,Analytics,411,474,0.8671,0.4255,39423
CUST-0008,2026-06-01,Workflow Automation,411,474,0.8671,0.7575,17919
CUST-0008,2026-06-01,API Integration,411,474,0.8671,0.4834,42559
CUST-0008,2026-06-01,Executive Reporting,411,474,0.8671,0.8479,17023
CUST-0008,2026-06-01,Collaboration,411,474,0.8671,0.7009,7167
CUST-0008,2026-07-01,Analytics,376,474,0.7932,0.5317,28952
CUST-0008,2026-07-01,Workflow Automation,376,474,0.7932,0.4053,11167
CUST-0008,2026-07-01,API Integration,376,474,0.7932,0.3528,33088
CUST-0008,2026-07-01,Executive Reporting,376,474,0.7932,0.8879,12408
CUST-0008,2026-07-01,Collaboration,376,474,0.7932,0.5738,28952
CUST-0008,2026-07-31,Analytics,404,474,0.8523,0.4597,20628
CUST-0008,2026-07-31,Workflow Automation,404,474,0.8523,0.5266,41256
CUST-0008,2026-07-31,API Integration,404,474,0.8523,0.3825,9417
CUST-0008,2026-07-31,Executive Reporting,404,474,0.8523,0.7088,17489
CUST-0008,2026-07-31,Collaboration,404,474,0.8523,0.6443,6278
CUST-0009,2025-09-04,Analytics,230,317,0.7256,0.8637,3220
CUST-0009,2025-09-04,Workflow Automation,230,317,0.7256,0.8984,13800
CUST-0009,2025-09-04,API Integration,230,317,0.7256,0.7834,7590
CUST-0009,2025-09-04,Executive Reporting,230,317,0.7256,0.8651,10810
CUST-0009,2025-09-04,Collaboration,230,317,0.7256,0.8322,2530
CUST-0009,2025-10-04,Analytics,211,317,0.6656,0.6815,10972
CUST-0009,2025-10-04,Workflow Automation,211,317,0.6656,0.5065,19412
CUST-0009,2025-10-04,API Integration,211,317,0.6656,0.6488,15403
CUST-0009,2025-10-04,Executive Reporting,211,317,0.6656,0.8391,5697
CUST-0009,2025-10-04,Collaboration,211,317,0.6656,0.8181,14559
CUST-0009,2025-11-03,Analytics,211,317,0.6656,0.7948,10972
CUST-0009,2025-11-03,Workflow Automation,211,317,0.6656,0.4394,14348
CUST-0009,2025-11-03,API Integration,211,317,0.6656,0.7066,6963
CUST-0009,2025-11-03,Executive Reporting,211,317,0.6656,0.3577,11183
CUST-0009,2025-11-03,Collaboration,211,317,0.6656,0.7849,17302
CUST-0009,2025-12-03,Analytics,225,317,0.7098,0.4562,19800
CUST-0009,2025-12-03,Workflow Automation,225,317,0.7098,0.8209,13725
CUST-0009,2025-12-03,API Integration,225,317,0.7098,0.8048,16875
CUST-0009,2025-12-03,Executive Reporting,225,317,0.7098,0.5304,13725
CUST-0009,2025-12-03,Collaboration,225,317,0.7098,0.7181,7425
CUST-0009,2026-01-02,Analytics,235,317,0.7413,0.6126,9635
CUST-0009,2026-01-02,Workflow Automation,235,317,0.7413,0.3538,13865
CUST-0009,2026-01-02,API Integration,235,317,0.7413,0.4795,10340
CUST-0009,2026-01-02,Executive Reporting,235,317,0.7413,0.8747,11280
CUST-0009,2026-01-02,Collaboration,235,317,0.7413,0.6704,19505
CUST-0009,2026-02-01,Analytics,201,317,0.6341,0.7095,19698
CUST-0009,2026-02-01,Workflow Automation,201,317,0.6341,0.48,19095
CUST-0009,2026-02-01,API Integration,201,317,0.6341,0.415,9849
CUST-0009,2026-02-01,Executive Reporting,201,317,0.6341,0.4378,19497
CUST-0009,2026-02-01,Collaboration,201,317,0.6341,0.6264,20100
CUST-0009,2026-03-03,Analytics,228,317,0.7192,0.7297,20748
CUST-0009,2026-03-03,Workflow Automation,228,317,0.7192,0.8539,10716
CUST-0009,2026-03-03,API Integration,228,317,0.7192,0.5521,8664
CUST-0009,2026-03-03,Executive Reporting,228,317,0.7192,0.4705,6156
CUST-0009,2026-03-03,Collaboration,228,317,0.7192,0.613,15504
CUST-0009,2026-04-02,Analytics,227,317,0.7161,0.6832,14301
CUST-0009,2026-04-02,Workflow Automation,227,317,0.7161,0.7361,15890
CUST-0009,2026-04-02,API Integration,227,317,0.7161,0.7665,21565
CUST-0009,2026-04-02,Executive Reporting,227,317,0.7161,0.8041,9307
CUST-0009,2026-04-02,Collaboration,227,317,0.7161,0.7242,19522
CUST-0009,2026-05-02,Analytics,232,317,0.7319,0.395,15544
CUST-0009,2026-05-02,Workflow Automation,232,317,0.7319,0.6405,12992
CUST-0009,2026-05-02,API Integration,232,317,0.7319,0.393,19024
CUST-0009,2026-05-02,Executive Reporting,232,317,0.7319,0.4117,18560
CUST-0009,2026-05-02,Collaboration,232,317,0.7319,0.8466,8120
CUST-0009,2026-06-01,Analytics,221,317,0.6972,0.4324,11271
CUST-0009,2026-06-01,Workflow Automation,221,317,0.6972,0.82,14586
CUST-0009,2026-06-01,API Integration,221,317,0.6972,0.4139,7956
CUST-0009,2026-06-01,Executive Reporting,221,317,0.6972,0.7443,15912
CUST-0009,2026-06-01,Collaboration,221,317,0.6972,0.4,16575
CUST-0009,2026-07-01,Analytics,217,317,0.6845,0.3806,5642
CUST-0009,2026-07-01,Workflow Automation,217,317,0.6845,0.6323,14756
CUST-0009,2026-07-01,API Integration,217,317,0.6845,0.6602,17577
CUST-0009,2026-07-01,Executive Reporting,217,317,0.6845,0.6043,10633
CUST-0009,2026-07-01,Collaboration,217,317,0.6845,0.7478,13020
CUST-0009,2026-07-31,Analytics,210,317,0.6625,0.3517,7770
CUST-0009,2026-07-31,Workflow Automation,210,317,0.6625,0.6681,3150
CUST-0009,2026-07-31,API Integration,210,317,0.6625,0.583,20790
CUST-0009,2026-07-31,Executive Reporting,210,317,0.6625,0.3851,3570
CUST-0009,2026-07-31,Collaboration,210,317,0.6625,0.864,3780
CUST-0010,2025-09-04,Analytics,515,637,0.8085,0.7729,47380
CUST-0010,2025-09-04,Workflow Automation,515,637,0.8085,0.8881,47380
CUST-0010,2025-09-04,API Integration,515,637,0.8085,0.8801,29355
CUST-0010,2025-09-04,Executive Reporting,515,637,0.8085,0.8961,29870
CUST-0010,2025-09-04,Collaboration,515,637,0.8085,0.5967,29870
CUST-0010,2025-10-04,Analytics,512,637,0.8038,0.7255,48128
CUST-0010,2025-10-04,Workflow Automation,512,637,0.8038,0.831,13824
CUST-0010,2025-10-04,API Integration,512,637,0.8038,0.7094,27648
CUST-0010,2025-10-04,Executive Reporting,512,637,0.8038,0.4152,39936
CUST-0010,2025-10-04,Collaboration,512,637,0.8038,0.5662,13312
CUST-0010,2025-11-03,Analytics,542,637,0.8509,0.4725,5420
CUST-0010,2025-11-03,Workflow Automation,542,637,0.8509,0.7659,26016
CUST-0010,2025-11-03,API Integration,542,637,0.8509,0.6047,42818
CUST-0010,2025-11-03,Executive Reporting,542,637,0.8509,0.5833,31436
CUST-0010,2025-11-03,Collaboration,542,637,0.8509,0.8028,22222
CUST-0010,2025-12-03,Analytics,519,637,0.8148,0.4353,17646
CUST-0010,2025-12-03,Workflow Automation,519,637,0.8148,0.8656,12456
CUST-0010,2025-12-03,API Integration,519,637,0.8148,0.3677,48786
CUST-0010,2025-12-03,Executive Reporting,519,637,0.8148,0.5806,6228
CUST-0010,2025-12-03,Collaboration,519,637,0.8148,0.4824,9342
CUST-0010,2026-01-02,Analytics,489,637,0.7677,0.3685,42054
CUST-0010,2026-01-02,Workflow Automation,489,637,0.7677,0.7196,7824
CUST-0010,2026-01-02,API Integration,489,637,0.7677,0.4846,7335
CUST-0010,2026-01-02,Executive Reporting,489,637,0.7677,0.5712,19071
CUST-0010,2026-01-02,Collaboration,489,637,0.7677,0.6469,8313
CUST-0010,2026-02-01,Analytics,492,637,0.7724,0.8964,19188
CUST-0010,2026-02-01,Workflow Automation,492,637,0.7724,0.7987,40836
CUST-0010,2026-02-01,API Integration,492,637,0.7724,0.5254,42312
CUST-0010,2026-02-01,Executive Reporting,492,637,0.7724,0.7749,25092
CUST-0010,2026-02-01,Collaboration,492,637,0.7724,0.4803,13776
CUST-0010,2026-03-03,Analytics,563,637,0.8838,0.6367,34906
CUST-0010,2026-03-03,Workflow Automation,563,637,0.8838,0.5153,9571
CUST-0010,2026-03-03,API Integration,563,637,0.8838,0.6562,47855
CUST-0010,2026-03-03,Executive Reporting,563,637,0.8838,0.8338,18016
CUST-0010,2026-03-03,Collaboration,563,637,0.8838,0.6943,36032
CUST-0010,2026-04-02,Analytics,527,637,0.8273,0.3758,28458
CUST-0010,2026-04-02,Workflow Automation,527,637,0.8273,0.8679,50065
CUST-0010,2026-04-02,API Integration,527,637,0.8273,0.5596,40579
CUST-0010,2026-04-02,Executive Reporting,527,637,0.8273,0.5253,33201
CUST-0010,2026-04-02,Collaboration,527,637,0.8273,0.5745,25296
CUST-0010,2026-05-02,Analytics,512,637,0.8038,0.7649,35840
CUST-0010,2026-05-02,Workflow Automation,512,637,0.8038,0.4825,19456
CUST-0010,2026-05-02,API Integration,512,637,0.8038,0.5154,51200
CUST-0010,2026-05-02,Executive Reporting,512,637,0.8038,0.4294,35328
CUST-0010,2026-05-02,Collaboration,512,637,0.8038,0.8531,41472
CUST-0010,2026-06-01,Analytics,515,637,0.8085,0.5791,39655
CUST-0010,2026-06-01,Workflow Automation,515,637,0.8085,0.4238,21115
CUST-0010,2026-06-01,API Integration,515,637,0.8085,0.4902,26780
CUST-0010,2026-06-01,Executive Reporting,515,637,0.8085,0.7057,34505
CUST-0010,2026-06-01,Collaboration,515,637,0.8085,0.8159,10815
CUST-0010,2026-07-01,Analytics,525,637,0.8242,0.8062,8400
CUST-0010,2026-07-01,Workflow Automation,525,637,0.8242,0.4977,50400
CUST-0010,2026-07-01,API Integration,525,637,0.8242,0.6827,7875
CUST-0010,2026-07-01,Executive Reporting,525,637,0.8242,0.8305,17850
CUST-0010,2026-07-01,Collaboration,525,637,0.8242,0.7926,44625
CUST-0010,2026-07-31,Analytics,541,637,0.8493,0.6574,38411
CUST-0010,2026-07-31,Workflow Automation,541,637,0.8493,0.4649,28132
CUST-0010,2026-07-31,API Integration,541,637,0.8493,0.5168,5951
CUST-0010,2026-07-31,Executive Reporting,541,637,0.8493,0.4665,18394
CUST-0010,2026-07-31,Collaboration,541,637,0.8493,0.8791,13525
CUST-0011,2025-09-04,Analytics,546,926,0.5896,0.7371,32760
CUST-0011,2025-09-04,Workflow Automation,546,926,0.5896,0.8533,43680
CUST-0011,2025-09-04,API Integration,546,926,0.5896,0.5269,25116
CUST-0011,2025-09-04,Executive Reporting,546,926,0.5896,0.5594,42588
CUST-0011,2025-09-04,Collaboration,546,926,0.5896,0.7068,26754
CUST-0011,2025-10-04,Analytics,514,926,0.5551,0.632,37897
CUST-0011,2025-10-04,Workflow Automation,514,926,0.5551,0.6063,36339
CUST-0011,2025-10-04,API Integration,514,926,0.5551,0.7689,25957
CUST-0011,2025-10-04,Executive Reporting,514,926,0.5551,0.8529,29590
CUST-0011,2025-10-04,Collaboration,514,926,0.5551,0.5221,7787
CUST-0011,2025-11-03,Analytics,546,926,0.5896,0.4717,15593
CUST-0011,2025-11-03,Workflow Automation,546,926,0.5896,0.3589,44553
CUST-0011,2025-11-03,API Integration,546,926,0.5896,0.8641,46781
CUST-0011,2025-11-03,Executive Reporting,546,926,0.5896,0.746,26175
CUST-0011,2025-11-03,Collaboration,546,926,0.5896,0.4338,28959
CUST-0011,2025-12-03,Analytics,522,926,0.5637,0.6634,22044
CUST-0011,2025-12-03,Workflow Automation,522,926,0.5637,0.6246,50002
CUST-0011,2025-12-03,API Integration,522,926,0.5637,0.8689,28495
CUST-0011,2025-12-03,Executive Reporting,522,926,0.5637,0.4915,38711
CUST-0011,2025-12-03,Collaboration,522,926,0.5637,0.8816,49464
CUST-0011,2026-01-02,Analytics,572,926,0.6177,0.6035,32718
CUST-0011,2026-01-02,Workflow Automation,572,926,0.6177,0.4431,46995
CUST-0011,2026-01-02,API Integration,572,926,0.6177,0.6186,46995
CUST-0011,2026-01-02,Executive Reporting,572,926,0.6177,0.8947,10112
CUST-0011,2026-01-02,Collaboration,572,926,0.6177,0.6382,11302
CUST-0011,2026-02-01,Analytics,596,926,0.6436,0.7175,6258
CUST-0011,2026-02-01,Workflow Automation,596,926,0.6436,0.5768,56322
CUST-0011,2026-02-01,API Integration,596,926,0.6436,0.4773,62580
CUST-0011,2026-02-01,Executive Reporting,596,926,0.6436,0.4331,23154
CUST-0011,2026-02-01,Collaboration,596,926,0.6436,0.6282,35670
CUST-0011,2026-03-03,Analytics,522,926,0.5637,0.7008,48692
CUST-0011,2026-03-03,Workflow Automation,522,926,0.5637,0.852,52012
CUST-0011,2026-03-03,API Integration,522,926,0.5637,0.6183,5533
CUST-0011,2026-03-03,Executive Reporting,522,926,0.5637,0.6427,34305
CUST-0011,2026-03-03,Collaboration,522,926,0.5637,0.3565,42605
CUST-0011,2026-04-02,Analytics,587,926,0.6339,0.6447,28892
CUST-0011,2026-04-02,Workflow Automation,587,926,0.6339,0.3594,62180
CUST-0011,2026-04-02,API Integration,587,926,0.6339,0.7207,20098
CUST-0011,2026-04-02,Executive Reporting,587,926,0.6339,0.4089,13817
CUST-0011,2026-04-02,Collaboration,587,926,0.6339,0.6384,25123
CUST-0011,2026-05-02,Analytics,544,926,0.5875,0.6396,32313
CUST-0011,2026-05-02,Workflow Automation,544,926,0.5875,0.497,35251
CUST-0011,2026-05-02,API Integration,544,926,0.5875,0.3935,35838
CUST-0011,2026-05-02,Executive Reporting,544,926,0.5875,0.6024,24088
CUST-0011,2026-05-02,Collaboration,544,926,0.5875,0.8946,22325
CUST-0011,2026-06-01,Analytics,559,926,0.6037,0.8054,12186
CUST-0011,2026-06-01,Workflow Automation,559,926,0.6037,0.7096,56665
CUST-0011,2026-06-01,API Integration,559,926,0.6037,0.7678,12795
CUST-0011,2026-06-01,Executive Reporting,559,926,0.6037,0.5729,35339
CUST-0011,2026-06-01,Collaboration,559,926,0.6037,0.654,10358
CUST-0011,2026-07-01,Analytics,595,926,0.6425,0.7366,13090
CUST-0011,2026-07-01,Workflow Automation,595,926,0.6425,0.6249,42542
CUST-0011,2026-07-01,API Integration,595,926,0.6425,0.7047,34034
CUST-0011,2026-07-01,Executive Reporting,595,926,0.6425,0.6612,14399
CUST-0011,2026-07-01,Collaboration,595,926,0.6425,0.8421,9817
CUST-0011,2026-07-31,Analytics,562,926,0.6069,0.8457,61134
CUST-0011,2026-07-31,Workflow Automation,562,926,0.6069,0.8382,43667
CUST-0011,2026-07-31,API Integration,562,926,0.6069,0.4991,11852
CUST-0011,2026-07-31,Executive Reporting,562,926,0.6069,0.7264,28071
CUST-0011,2026-07-31,Collaboration,562,926,0.6069,0.8446,51153
CUST-0012,2025-09-04,Analytics,77,95,0.8105,0.3586,2772
CUST-0012,2025-09-04,Workflow Automation,77,95,0.8105,0.6729,4620
CUST-0012,2025-09-04,API Integration,77,95,0.8105,0.8609,3696
CUST-0012,2025-09-04,Executive Reporting,77,95,0.8105,0.4393,3080
CUST-0012,2025-09-04,Collaboration,77,95,0.8105,0.6617,4543
CUST-0012,2025-10-04,Analytics,75,95,0.7895,0.6473,4425
CUST-0012,2025-10-04,Workflow Automation,75,95,0.7895,0.7656,2025
CUST-0012,2025-10-04,API Integration,75,95,0.7895,0.7848,7350
CUST-0012,2025-10-04,Executive Reporting,75,95,0.7895,0.7483,5550
CUST-0012,2025-10-04,Collaboration,75,95,0.7895,0.76,4050
CUST-0012,2025-11-03,Analytics,67,95,0.7053,0.5904,1273
CUST-0012,2025-11-03,Workflow Automation,67,95,0.7053,0.5373,5896
CUST-0012,2025-11-03,API Integration,67,95,0.7053,0.8752,4020
CUST-0012,2025-11-03,Executive Reporting,67,95,0.7053,0.8829,3417
CUST-0012,2025-11-03,Collaboration,67,95,0.7053,0.3663,2948
CUST-0012,2025-12-03,Analytics,76,95,0.8,0.5978,2964
CUST-0012,2025-12-03,Workflow Automation,76,95,0.8,0.5457,4408
CUST-0012,2025-12-03,API Integration,76,95,0.8,0.5875,7372
CUST-0012,2025-12-03,Executive Reporting,76,95,0.8,0.6722,4408
CUST-0012,2025-12-03,Collaboration,76,95,0.8,0.3971,6764
CUST-0012,2026-01-02,Analytics,70,95,0.7368,0.4855,1330
CUST-0012,2026-01-02,Workflow Automation,70,95,0.7368,0.3951,2030
CUST-0012,2026-01-02,API Integration,70,95,0.7368,0.559,6370
CUST-0012,2026-01-02,Executive Reporting,70,95,0.7368,0.4349,4130
CUST-0012,2026-01-02,Collaboration,70,95,0.7368,0.5242,1610
CUST-0012,2026-02-01,Analytics,68,95,0.7158,0.8686,4488
CUST-0012,2026-02-01,Workflow Automation,68,95,0.7158,0.548,2992
CUST-0012,2026-02-01,API Integration,68,95,0.7158,0.4062,1428
CUST-0012,2026-02-01,Executive Reporting,68,95,0.7158,0.4531,4556
CUST-0012,2026-02-01,Collaboration,68,95,0.7158,0.6563,5100
CUST-0012,2026-03-03,Analytics,71,95,0.7474,0.3644,3905
CUST-0012,2026-03-03,Workflow Automation,71,95,0.7474,0.6548,6106
CUST-0012,2026-03-03,API Integration,71,95,0.7474,0.6789,3621
CUST-0012,2026-03-03,Executive Reporting,71,95,0.7474,0.825,781
CUST-0012,2026-03-03,Collaboration,71,95,0.7474,0.5105,4189
CUST-0012,2026-04-02,Analytics,76,95,0.8,0.7487,6156
CUST-0012,2026-04-02,Workflow Automation,76,95,0.8,0.8479,3116
CUST-0012,2026-04-02,API Integration,76,95,0.8,0.6646,2356
CUST-0012,2026-04-02,Executive Reporting,76,95,0.8,0.7269,2356
CUST-0012,2026-04-02,Collaboration,76,95,0.8,0.4264,3648
CUST-0012,2026-05-02,Analytics,70,95,0.7368,0.4303,2170
CUST-0012,2026-05-02,Workflow Automation,70,95,0.7368,0.5891,4410
CUST-0012,2026-05-02,API Integration,70,95,0.7368,0.5149,1330
CUST-0012,2026-05-02,Executive Reporting,70,95,0.7368,0.5486,2870
CUST-0012,2026-05-02,Collaboration,70,95,0.7368,0.7465,5110
CUST-0012,2026-06-01,Analytics,74,95,0.7789,0.4576,1702
CUST-0012,2026-06-01,Workflow Automation,74,95,0.7789,0.4245,740
CUST-0012,2026-06-01,API Integration,74,95,0.7789,0.8719,3848
CUST-0012,2026-06-01,Executive Reporting,74,95,0.7789,0.8129,4292
CUST-0012,2026-06-01,Collaboration,74,95,0.7789,0.7922,3848
CUST-0012,2026-07-01,Analytics,72,95,0.7579,0.5868,6696
CUST-0012,2026-07-01,Workflow Automation,72,95,0.7579,0.8858,1944
CUST-0012,2026-07-01,API Integration,72,95,0.7579,0.5152,6264
CUST-0012,2026-07-01,Executive Reporting,72,95,0.7579,0.871,2520
CUST-0012,2026-07-01,Collaboration,72,95,0.7579,0.6135,2304
CUST-0012,2026-07-31,Analytics,78,95,0.8211,0.8828,3666
CUST-0012,2026-07-31,Workflow Automation,78,95,0.8211,0.7542,7098
CUST-0012,2026-07-31,API Integration,78,95,0.8211,0.6201,6474
CUST-0012,2026-07-31,Executive Reporting,78,95,0.8211,0.7801,3978
CUST-0012,2026-07-31,Collaboration,78,95,0.8211,0.5568,4680
CUST-0013,2025-09-04,Analytics,417,523,0.7973,0.6757,32943
CUST-0013,2025-09-04,Workflow Automation,417,523,0.7973,0.449,33360
CUST-0013,2025-09-04,API Integration,417,523,0.7973,0.3648,28773
CUST-0013,2025-09-04,Executive Reporting,417,523,0.7973,0.8686,15012
CUST-0013,2025-09-04,Collaboration,417,523,0.7973,0.5912,19599
CUST-0013,2025-10-04,Analytics,434,523,0.8298,0.388,26908
CUST-0013,2025-10-04,Workflow Automation,434,523,0.8298,0.7201,11718
CUST-0013,2025-10-04,API Integration,434,523,0.8298,0.6983,17360
CUST-0013,2025-10-04,Executive Reporting,434,523,0.8298,0.489,12586
CUST-0013,2025-10-04,Collaboration,434,523,0.8298,0.7434,25172
CUST-0013,2025-11-03,Analytics,384,523,0.7342,0.8949,27264
CUST-0013,2025-11-03,Workflow Automation,384,523,0.7342,0.6702,29952
CUST-0013,2025-11-03,API Integration,384,523,0.7342,0.6286,37632
CUST-0013,2025-11-03,Executive Reporting,384,523,0.7342,0.5801,5376
CUST-0013,2025-11-03,Collaboration,384,523,0.7342,0.7849,21504
CUST-0013,2025-12-03,Analytics,426,523,0.8145,0.7968,36636
CUST-0013,2025-12-03,Workflow Automation,426,523,0.8145,0.701,8520
CUST-0013,2025-12-03,API Integration,426,523,0.8145,0.4102,17466
CUST-0013,2025-12-03,Executive Reporting,426,523,0.8145,0.7117,23430
CUST-0013,2025-12-03,Collaboration,426,523,0.8145,0.4415,37488
CUST-0013,2026-01-02,Analytics,382,523,0.7304,0.891,36672
CUST-0013,2026-01-02,Workflow Automation,382,523,0.7304,0.7057,19864
CUST-0013,2026-01-02,API Integration,382,523,0.7304,0.8811,24830
CUST-0013,2026-01-02,Executive Reporting,382,523,0.7304,0.4083,8404
CUST-0013,2026-01-02,Collaboration,382,523,0.7304,0.4923,28650
CUST-0013,2026-02-01,Analytics,429,523,0.8203,0.6569,42042
CUST-0013,2026-02-01,Workflow Automation,429,523,0.8203,0.6664,28743
CUST-0013,2026-02-01,API Integration,429,523,0.8203,0.5558,29601
CUST-0013,2026-02-01,Executive Reporting,429,523,0.8203,0.7748,36465
CUST-0013,2026-02-01,Collaboration,429,523,0.8203,0.7297,12441
CUST-0013,2026-03-03,Analytics,402,523,0.7686,0.3635,9246
CUST-0013,2026-03-03,Workflow Automation,402,523,0.7686,0.5125,8040
CUST-0013,2026-03-03,API Integration,402,523,0.7686,0.4138,11256
CUST-0013,2026-03-03,Executive Reporting,402,523,0.7686,0.5416,21306
CUST-0013,2026-03-03,Collaboration,402,523,0.7686,0.6004,14472
CUST-0013,2026-04-02,Analytics,414,523,0.7916,0.5416,9108
CUST-0013,2026-04-02,Workflow Automation,414,523,0.7916,0.591,40986
CUST-0013,2026-04-02,API Integration,414,523,0.7916,0.5988,7452
CUST-0013,2026-04-02,Executive Reporting,414,523,0.7916,0.5151,41400
CUST-0013,2026-04-02,Collaboration,414,523,0.7916,0.4133,21942
CUST-0013,2026-05-02,Analytics,376,523,0.7189,0.643,10373
CUST-0013,2026-05-02,Workflow Automation,376,523,0.7189,0.7667,13720
CUST-0013,2026-05-02,API Integration,376,523,0.7189,0.5641,26771
CUST-0013,2026-05-02,Executive Reporting,376,523,0.7189,0.3899,27105
CUST-0013,2026-05-02,Collaboration,376,523,0.7189,0.5202,23090
CUST-0013,2026-06-01,Analytics,308,523,0.5889,0.4468,7927
CUST-0013,2026-06-01,Workflow Automation,308,523,0.5889,0.353,22582
CUST-0013,2026-06-01,API Integration,308,523,0.5889,0.4584,3123
CUST-0013,2026-06-01,Executive Reporting,308,523,0.5889,0.5893,8408
CUST-0013,2026-06-01,Collaboration,308,523,0.5889,0.4659,15375
CUST-0013,2026-07-01,Analytics,271,523,0.5182,0.4942,6536
CUST-0013,2026-07-01,Workflow Automation,271,523,0.5182,0.3371,18156
CUST-0013,2026-07-01,API Integration,271,523,0.5182,0.5325,3268
CUST-0013,2026-07-01,Executive Reporting,271,523,0.5182,0.4473,14162
CUST-0013,2026-07-01,Collaboration,271,523,0.5182,0.3034,9260
CUST-0013,2026-07-31,Analytics,220,523,0.4207,0.2311,11704
CUST-0013,2026-07-31,Workflow Automation,220,523,0.4207,0.4617,9486
CUST-0013,2026-07-31,API Integration,220,523,0.4207,0.4935,6160
CUST-0013,2026-07-31,Executive Reporting,220,523,0.4207,0.3799,10841
CUST-0013,2026-07-31,Collaboration,220,523,0.4207,0.3169,2956
CUST-0014,2025-09-04,Analytics,393,558,0.7043,0.4449,37728
CUST-0014,2025-09-04,Workflow Automation,393,558,0.7043,0.7383,18864
CUST-0014,2025-09-04,API Integration,393,558,0.7043,0.8553,33405
CUST-0014,2025-09-04,Executive Reporting,393,558,0.7043,0.3966,10611
CUST-0014,2025-09-04,Collaboration,393,558,0.7043,0.5223,15720
CUST-0014,2025-10-04,Analytics,383,558,0.6864,0.4507,37534
CUST-0014,2025-10-04,Workflow Automation,383,558,0.6864,0.4277,22597
CUST-0014,2025-10-04,API Integration,383,558,0.6864,0.58,10341
CUST-0014,2025-10-04,Executive Reporting,383,558,0.6864,0.6661,24512
CUST-0014,2025-10-04,Collaboration,383,558,0.6864,0.4522,34853
CUST-0014,2025-11-03,Analytics,398,558,0.7133,0.8555,12736
CUST-0014,2025-11-03,Workflow Automation,398,558,0.7133,0.6552,28656
CUST-0014,2025-11-03,API Integration,398,558,0.7133,0.5089,13134
CUST-0014,2025-11-03,Executive Reporting,398,558,0.7133,0.523,26666
CUST-0014,2025-11-03,Collaboration,398,558,0.7133,0.6907,21890
CUST-0014,2025-12-03,Analytics,424,558,0.7599,0.6165,14416
CUST-0014,2025-12-03,Workflow Automation,424,558,0.7599,0.7984,34344
CUST-0014,2025-12-03,API Integration,424,558,0.7599,0.628,30952
CUST-0014,2025-12-03,Executive Reporting,424,558,0.7599,0.575,30528
CUST-0014,2025-12-03,Collaboration,424,558,0.7599,0.5786,27984
CUST-0014,2026-01-02,Analytics,395,558,0.7079,0.3955,5135
CUST-0014,2026-01-02,Workflow Automation,395,558,0.7079,0.7877,15010
CUST-0014,2026-01-02,API Integration,395,558,0.7079,0.5106,17775
CUST-0014,2026-01-02,Executive Reporting,395,558,0.7079,0.4737,18170
CUST-0014,2026-01-02,Collaboration,395,558,0.7079,0.4425,26860
CUST-0014,2026-02-01,Analytics,400,558,0.7168,0.7749,29200
CUST-0014,2026-02-01,Workflow Automation,400,558,0.7168,0.6523,9600
CUST-0014,2026-02-01,API Integration,400,558,0.7168,0.665,17600
CUST-0014,2026-02-01,Executive Reporting,400,558,0.7168,0.7763,22400
CUST-0014,2026-02-01,Collaboration,400,558,0.7168,0.6481,6000
CUST-0014,2026-03-03,Analytics,412,558,0.7384,0.5928,15244
CUST-0014,2026-03-03,Workflow Automation,412,558,0.7384,0.8944,9476
CUST-0014,2026-03-03,API Integration,412,558,0.7384,0.7548,38316
CUST-0014,2026-03-03,Executive Reporting,412,558,0.7384,0.7632,19776
CUST-0014,2026-03-03,Collaboration,412,558,0.7384,0.8311,5768
CUST-0014,2026-04-02,Analytics,392,558,0.7025,0.5417,8232
CUST-0014,2026-04-02,Workflow Automation,392,558,0.7025,0.5915,9800
CUST-0014,2026-04-02,API Integration,392,558,0.7025,0.7766,15680
CUST-0014,2026-04-02,Executive Reporting,392,558,0.7025,0.4654,33320
CUST-0014,2026-04-02,Collaboration,392,558,0.7025,0.729,39200
CUST-0014,2026-05-02,Analytics,358,558,0.6416,0.5211,28038
CUST-0014,2026-05-02,Workflow Automation,358,558,0.6416,0.3797,11470
CUST-0014,2026-05-02,API Integration,358,558,0.6416,0.7097,5416
CUST-0014,2026-05-02,Executive Reporting,358,558,0.6416,0.5906,24852
CUST-0014,2026-05-02,Collaboration,358,558,0.6416,0.4491,24852
CUST-0014,2026-06-01,Analytics,292,558,0.5233,0.693,10704
CUST-0014,2026-06-01,Workflow Automation,292,558,0.5233,0.3971,10021
CUST-0014,2026-06-01,API Integration,292,558,0.5233,0.6816,17082
CUST-0014,2026-06-01,Executive Reporting,292,558,0.5233,0.6958,21864
CUST-0014,2026-06-01,Collaboration,292,558,0.5233,0.6227,6149
CUST-0014,2026-07-01,Analytics,284,558,0.509,0.524,3234
CUST-0014,2026-07-01,Workflow Automation,284,558,0.509,0.6002,17696
CUST-0014,2026-07-01,API Integration,284,558,0.509,0.2813,4947
CUST-0014,2026-07-01,Executive Reporting,284,558,0.509,0.3265,9704
CUST-0014,2026-07-01,Collaboration,284,558,0.509,0.5398,18266
CUST-0014,2026-07-31,Analytics,217,558,0.3889,0.2398,10936
CUST-0014,2026-07-31,Workflow Automation,217,558,0.3889,0.2788,7655
CUST-0014,2026-07-31,API Integration,217,558,0.3889,0.3116,2308
CUST-0014,2026-07-31,Executive Reporting,217,558,0.3889,0.3912,2551
CUST-0014,2026-07-31,Collaboration,217,558,0.3889,0.3201,5468
CUST-0015,2025-09-04,Analytics,416,614,0.6775,0.6701,8736
CUST-0015,2025-09-04,Workflow Automation,416,614,0.6775,0.752,28288
CUST-0015,2025-09-04,API Integration,416,614,0.6775,0.6992,41184
CUST-0015,2025-09-04,Executive Reporting,416,614,0.6775,0.547,7488
CUST-0015,2025-09-04,Collaboration,416,614,0.6775,0.7876,24960
CUST-0015,2025-10-04,Analytics,398,614,0.6482,0.5863,14726
CUST-0015,2025-10-04,Workflow Automation,398,614,0.6482,0.6221,20298
CUST-0015,2025-10-04,API Integration,398,614,0.6482,0.8056,21094
CUST-0015,2025-10-04,Executive Reporting,398,614,0.6482,0.651,10348
CUST-0015,2025-10-04,Collaboration,398,614,0.6482,0.6614,28656
CUST-0015,2025-11-03,Analytics,436,614,0.7101,0.8418,6976
CUST-0015,2025-11-03,Workflow Automation,436,614,0.7101,0.3753,39240
CUST-0015,2025-11-03,API Integration,436,614,0.7101,0.7811,29648
CUST-0015,2025-11-03,Executive Reporting,436,614,0.7101,0.359,13080
CUST-0015,2025-11-03,Collaboration,436,614,0.7101,0.5927,4360
CUST-0015,2025-12-03,Analytics,449,614,0.7313,0.5853,44002
CUST-0015,2025-12-03,Workflow Automation,449,614,0.7313,0.8502,41757
CUST-0015,2025-12-03,API Integration,449,614,0.7313,0.516,20205
CUST-0015,2025-12-03,Executive Reporting,449,614,0.7313,0.4013,25144
CUST-0015,2025-12-03,Collaboration,449,614,0.7313,0.4877,25593
CUST-0015,2026-01-02,Analytics,427,614,0.6954,0.7069,6832
CUST-0015,2026-01-02,Workflow Automation,427,614,0.6954,0.568,20923
CUST-0015,2026-01-02,API Integration,427,614,0.6954,0.7493,16653
CUST-0015,2026-01-02,Executive Reporting,427,614,0.6954,0.5861,8967
CUST-0015,2026-01-02,Collaboration,427,614,0.6954,0.737,4270
CUST-0015,2026-02-01,Analytics,397,614,0.6466,0.3929,33745
CUST-0015,2026-02-01,Workflow Automation,397,614,0.6466,0.4744,38509
CUST-0015,2026-02-01,API Integration,397,614,0.6466,0.5948,4367
CUST-0015,2026-02-01,Executive Reporting,397,614,0.6466,0.7326,9925
CUST-0015,2026-02-01,Collaboration,397,614,0.6466,0.8935,25408
CUST-0015,2026-03-03,Analytics,429,614,0.6987,0.6127,16731
CUST-0015,2026-03-03,Workflow Automation,429,614,0.6987,0.5607,9867
CUST-0015,2026-03-03,API Integration,429,614,0.6987,0.4068,24453
CUST-0015,2026-03-03,Executive Reporting,429,614,0.6987,0.8345,11583
CUST-0015,2026-03-03,Collaboration,429,614,0.6987,0.5605,11583
CUST-0015,2026-04-02,Analytics,426,614,0.6938,0.7224,7668
CUST-0015,2026-04-02,Workflow Automation,426,614,0.6938,0.6418,4686
CUST-0015,2026-04-02,API Integration,426,614,0.6938,0.6857,13206
CUST-0015,2026-04-02,Executive Reporting,426,614,0.6938,0.5921,15762
CUST-0015,2026-04-02,Collaboration,426,614,0.6938,0.6954,12354
CUST-0015,2026-05-02,Analytics,445,614,0.7248,0.6888,29370
CUST-0015,2026-05-02,Workflow Automation,445,614,0.7248,0.823,9345
CUST-0015,2026-05-02,API Integration,445,614,0.7248,0.8431,12015
CUST-0015,2026-05-02,Executive Reporting,445,614,0.7248,0.7638,37825
CUST-0015,2026-05-02,Collaboration,445,614,0.7248,0.7515,24030
CUST-0015,2026-06-01,Analytics,447,614,0.728,0.523,12069
CUST-0015,2026-06-01,Workflow Automation,447,614,0.728,0.4863,41124
CUST-0015,2026-06-01,API Integration,447,614,0.728,0.3963,35760
CUST-0015,2026-06-01,Executive Reporting,447,614,0.728,0.6805,38889
CUST-0015,2026-06-01,Collaboration,447,614,0.728,0.5067,43806
CUST-0015,2026-07-01,Analytics,223,614,0.3632,0.8159,6208
CUST-0015,2026-07-01,Workflow Automation,223,614,0.3632,0.463,11252
CUST-0015,2026-07-01,API Integration,223,614,0.3632,0.6302,7760
CUST-0015,2026-07-01,Executive Reporting,223,614,0.3632,0.5125,2069
CUST-0015,2026-07-01,Collaboration,223,614,0.3632,0.7811,5173
CUST-0015,2026-07-31,Analytics,241,614,0.3925,0.412,10203
CUST-0015,2026-07-31,Workflow Automation,241,614,0.3925,0.7009,2655
CUST-0015,2026-07-31,API Integration,241,614,0.3925,0.6406,1537
CUST-0015,2026-07-31,Executive Reporting,241,614,0.3925,0.8928,6988
CUST-0015,2026-07-31,Collaboration,241,614,0.3925,0.4226,11461
CUST-0016,2025-09-04,Analytics,483,667,0.7241,0.7695,9177
CUST-0016,2025-09-04,Workflow Automation,483,667,0.7241,0.3592,8694
CUST-0016,2025-09-04,API Integration,483,667,0.7241,0.3576,17871
CUST-0016,2025-09-04,Executive Reporting,483,667,0.7241,0.3719,8211
CUST-0016,2025-09-04,Collaboration,483,667,0.7241,0.8718,28980
CUST-0016,2025-10-04,Analytics,475,667,0.7121,0.6957,35501
CUST-0016,2025-10-04,Workflow Automation,475,667,0.7121,0.7719,30704
CUST-0016,2025-10-04,API Integration,475,667,0.7121,0.736,9595
CUST-0016,2025-10-04,Executive Reporting,475,667,0.7121,0.7023,37420
CUST-0016,2025-10-04,Collaboration,475,667,0.7121,0.6888,21588
CUST-0016,2025-11-03,Analytics,447,667,0.6702,0.3935,16413
CUST-0016,2025-11-03,Workflow Automation,447,667,0.6702,0.8859,13222
CUST-0016,2025-11-03,API Integration,447,667,0.6702,0.645,27356
CUST-0016,2025-11-03,Executive Reporting,447,667,0.6702,0.6725,42402
CUST-0016,2025-11-03,Collaboration,447,667,0.6702,0.7246,8206
CUST-0016,2025-12-03,Analytics,469,667,0.7031,0.5906,19322
CUST-0016,2025-12-03,Workflow Automation,469,667,0.7031,0.3818,10144
CUST-0016,2025-12-03,API Integration,469,667,0.7031,0.8585,11593
CUST-0016,2025-12-03,Executive Reporting,469,667,0.7031,0.5994,42027
CUST-0016,2025-12-03,Collaboration,469,667,0.7031,0.3803,45891
CUST-0016,2026-01-02,Analytics,507,667,0.7601,0.7574,13182
CUST-0016,2026-01-02,Workflow Automation,507,667,0.7601,0.357,14236
CUST-0016,2026-01-02,API Integration,507,667,0.7601,0.7358,15818
CUST-0016,2026-01-02,Executive Reporting,507,667,0.7601,0.623,28473
CUST-0016,2026-01-02,Collaboration,507,667,0.7601,0.6377,22673
CUST-0016,2026-02-01,Analytics,467,667,0.7001,0.4198,21575
CUST-0016,2026-02-01,Workflow Automation,467,667,0.7001,0.7531,12258
CUST-0016,2026-02-01,API Integration,467,667,0.7001,0.7743,6374
CUST-0016,2026-02-01,Executive Reporting,467,667,0.7001,0.5343,31382
CUST-0016,2026-02-01,Collaboration,467,667,0.7001,0.4996,8826
CUST-0016,2026-03-03,Analytics,479,667,0.7181,0.8863,45696
CUST-0016,2026-03-03,Workflow Automation,479,667,0.7181,0.3924,34526
CUST-0016,2026-03-03,API Integration,479,667,0.7181,0.6309,8631
CUST-0016,2026-03-03,Executive Reporting,479,667,0.7181,0.6248,41634
CUST-0016,2026-03-03,Collaboration,479,667,0.7181,0.4418,15232
CUST-0016,2026-04-02,Analytics,483,667,0.7241,0.4066,42895
CUST-0016,2026-04-02,Workflow Automation,483,667,0.7241,0.7208,12403
CUST-0016,2026-04-02,API Integration,483,667,0.7241,0.4756,38760
CUST-0016,2026-04-02,Executive Reporting,483,667,0.7241,0.3514,5684
CUST-0016,2026-04-02,Collaboration,483,667,0.7241,0.4845,36176
CUST-0016,2026-05-02,Analytics,496,667,0.7436,0.8561,17141
CUST-0016,2026-05-02,Workflow Automation,496,667,0.7436,0.8621,7499
CUST-0016,2026-05-02,API Integration,496,667,0.7436,0.6541,49818
CUST-0016,2026-05-02,Executive Reporting,496,667,0.7436,0.5807,27319
CUST-0016,2026-05-02,Collaboration,496,667,0.7436,0.4865,26784
CUST-0016,2026-06-01,Analytics,493,667,0.7391,0.3928,30630
CUST-0016,2026-06-01,Workflow Automation,493,667,0.7391,0.4157,51587
CUST-0016,2026-06-01,API Integration,493,667,0.7391,0.8461,17195
CUST-0016,2026-06-01,Executive Reporting,493,667,0.7391,0.4728,40840
CUST-0016,2026-06-01,Collaboration,493,667,0.7391,0.8898,32779
CUST-0016,2026-07-01,Analytics,481,667,0.7211,0.6058,24338
CUST-0016,2026-07-01,Workflow Automation,481,667,0.7211,0.7754,25925
CUST-0016,2026-07-01,API Integration,481,667,0.7211,0.53,42328
CUST-0016,2026-07-01,Executive Reporting,481,667,0.7211,0.6012,30158
CUST-0016,2026-07-01,Collaboration,481,667,0.7211,0.4604,43386
CUST-0016,2026-07-31,Analytics,545,667,0.8171,0.7568,24802
CUST-0016,2026-07-31,Workflow Automation,545,667,0.8171,0.6052,51420
CUST-0016,2026-07-31,API Integration,545,667,0.8171,0.8845,21173
CUST-0016,2026-07-31,Executive Reporting,545,667,0.8171,0.7529,47791
CUST-0016,2026-07-31,Collaboration,545,667,0.8171,0.7683,24802
CUST-0017,2025-09-04,Analytics,191,233,0.8197,0.4781,10314
CUST-0017,2025-09-04,Workflow Automation,191,233,0.8197,0.6998,18718
CUST-0017,2025-09-04,API Integration,191,233,0.8197,0.8325,9932
CUST-0017,2025-09-04,Executive Reporting,191,233,0.8197,0.3508,17954
CUST-0017,2025-09-04,Collaboration,191,233,0.8197,0.557,9359
CUST-0017,2025-10-04,Analytics,181,233,0.7768,0.6414,7240
CUST-0017,2025-10-04,Workflow Automation,181,233,0.7768,0.5809,3077
CUST-0017,2025-10-04,API Integration,181,233,0.7768,0.8849,5068
CUST-0017,2025-10-04,Executive Reporting,181,233,0.7768,0.7414,3801
CUST-0017,2025-10-04,Collaboration,181,233,0.7768,0.3741,7059
CUST-0017,2025-11-03,Analytics,206,233,0.8841,0.6359,20394
CUST-0017,2025-11-03,Workflow Automation,206,233,0.8841,0.8426,14008
CUST-0017,2025-11-03,API Integration,206,233,0.8841,0.886,4120
CUST-0017,2025-11-03,Executive Reporting,206,233,0.8841,0.6694,15244
CUST-0017,2025-11-03,Collaboration,206,233,0.8841,0.4234,12360
CUST-0017,2025-12-03,Analytics,180,233,0.7725,0.6623,11700
CUST-0017,2025-12-03,Workflow Automation,180,233,0.7725,0.7143,4680
CUST-0017,2025-12-03,API Integration,180,233,0.7725,0.4802,7740
CUST-0017,2025-12-03,Executive Reporting,180,233,0.7725,0.818,10800
CUST-0017,2025-12-03,Collaboration,180,233,0.7725,0.7354,9180
CUST-0017,2026-01-02,Analytics,188,233,0.8069,0.4996,3572
CUST-0017,2026-01-02,Workflow Automation,188,233,0.8069,0.869,5076
CUST-0017,2026-01-02,API Integration,188,233,0.8069,0.779,15792
CUST-0017,2026-01-02,Executive Reporting,188,233,0.8069,0.4099,4324
CUST-0017,2026-01-02,Collaboration,188,233,0.8069,0.4404,12972
CUST-0017,2026-02-01,Analytics,188,233,0.8069,0.4164,10340
CUST-0017,2026-02-01,Workflow Automation,188,233,0.8069,0.8805,6768
CUST-0017,2026-02-01,API Integration,188,233,0.8069,0.5986,12972
CUST-0017,2026-02-01,Executive Reporting,188,233,0.8069,0.4958,4700
CUST-0017,2026-02-01,Collaboration,188,233,0.8069,0.3997,18236
CUST-0017,2026-03-03,Analytics,187,233,0.8026,0.7376,16269
CUST-0017,2026-03-03,Workflow Automation,187,233,0.8026,0.3722,9537
CUST-0017,2026-03-03,API Integration,187,233,0.8026,0.4316,7667
CUST-0017,2026-03-03,Executive Reporting,187,233,0.8026,0.8826,11220
CUST-0017,2026-03-03,Collaboration,187,233,0.8026,0.6324,17952
CUST-0017,2026-04-02,Analytics,187,233,0.8026,0.801,5984
CUST-0017,2026-04-02,Workflow Automation,187,233,0.8026,0.3671,11407
CUST-0017,2026-04-02,API Integration,187,233,0.8026,0.82,15147
CUST-0017,2026-04-02,Executive Reporting,187,233,0.8026,0.7614,7667
CUST-0017,2026-04-02,Collaboration,187,233,0.8026,0.4021,4301
CUST-0017,2026-05-02,Analytics,203,233,0.8712,0.4269,2233
CUST-0017,2026-05-02,Workflow Automation,203,233,0.8712,0.3839,7714
CUST-0017,2026-05-02,API Integration,203,233,0.8712,0.4219,12383
CUST-0017,2026-05-02,Executive Reporting,203,233,0.8712,0.5547,18270
CUST-0017,2026-05-02,Collaboration,203,233,0.8712,0.8657,4060
CUST-0017,2026-06-01,Analytics,196,233,0.8412,0.4924,3724
CUST-0017,2026-06-01,Workflow Automation,196,233,0.8412,0.362,3528
CUST-0017,2026-06-01,API Integration,196,233,0.8412,0.4588,18032
CUST-0017,2026-06-01,Executive Reporting,196,233,0.8412,0.5939,5096
CUST-0017,2026-06-01,Collaboration,196,233,0.8412,0.4006,10192
CUST-0017,2026-07-01,Analytics,105,233,0.4506,0.8683,974
CUST-0017,2026-07-01,Workflow Automation,105,233,0.4506,0.4424,5054
CUST-0017,2026-07-01,API Integration,105,233,0.4506,0.5882,3653
CUST-0017,2026-07-01,Executive Reporting,105,233,0.4506,0.6229,3532
CUST-0017,2026-07-01,Collaboration,105,233,0.4506,0.7258,1948
CUST-0017,2026-07-31,Analytics,109,233,0.4678,0.8496,2844
CUST-0017,2026-07-31,Workflow Automation,109,233,0.4678,0.5039,1833
CUST-0017,2026-07-31,API Integration,109,233,0.4678,0.3691,5626
CUST-0017,2026-07-31,Executive Reporting,109,233,0.4678,0.6893,5816
CUST-0017,2026-07-31,Collaboration,109,233,0.4678,0.5123,3919
CUST-0018,2025-09-04,Analytics,511,655,0.7802,0.4255,17885
CUST-0018,2025-09-04,Workflow Automation,511,655,0.7802,0.7035,39347
CUST-0018,2025-09-04,API Integration,511,655,0.7802,0.487,40369
CUST-0018,2025-09-04,Executive Reporting,511,655,0.7802,0.7872,29638
CUST-0018,2025-09-04,Collaboration,511,655,0.7802,0.7801,28105
CUST-0018,2025-10-04,Analytics,533,655,0.8137,0.7798,29069
CUST-0018,2025-10-04,Workflow Automation,533,655,0.8137,0.852,39836
CUST-0018,2025-10-04,API Integration,533,655,0.8137,0.5269,23686
CUST-0018,2025-10-04,Executive Reporting,533,655,0.8137,0.4489,26916
CUST-0018,2025-10-04,Collaboration,533,655,0.8137,0.6784,6998
CUST-0018,2025-11-03,Analytics,574,655,0.8763,0.7782,9953
CUST-0018,2025-11-03,Workflow Automation,574,655,0.8763,0.7948,40983
CUST-0018,2025-11-03,API Integration,574,655,0.8763,0.6412,49180
CUST-0018,2025-11-03,Executive Reporting,574,655,0.8763,0.8998,17564
CUST-0018,2025-11-03,Collaboration,574,655,0.8763,0.4051,55035
CUST-0018,2025-12-03,Analytics,523,655,0.7985,0.6435,9157
CUST-0018,2025-12-03,Workflow Automation,523,655,0.7985,0.7702,20470
CUST-0018,2025-12-03,API Integration,523,655,0.7985,0.6666,31782
CUST-0018,2025-12-03,Executive Reporting,523,655,0.7985,0.5451,17238
CUST-0018,2025-12-03,Collaboration,523,655,0.7985,0.4469,45788
CUST-0018,2026-01-02,Analytics,535,655,0.8168,0.756,30602
CUST-0018,2026-01-02,Workflow Automation,535,655,0.8168,0.8527,7233
CUST-0018,2026-01-02,API Integration,535,655,0.8168,0.7369,30602
CUST-0018,2026-01-02,Executive Reporting,535,655,0.8168,0.8712,45624
CUST-0018,2026-01-02,Collaboration,535,655,0.8168,0.4282,18917
CUST-0018,2026-02-01,Analytics,586,655,0.8947,0.7957,44916
CUST-0018,2026-02-01,Workflow Automation,586,655,0.8947,0.6482,19689
CUST-0018,2026-02-01,API Integration,586,655,0.8947,0.6197,12921
CUST-0018,2026-02-01,Executive Reporting,586,655,0.8947,0.3809,53531
CUST-0018,2026-02-01,Collaboration,586,655,0.8947,0.4703,47378
CUST-0018,2026-03-03,Analytics,559,655,0.8534,0.5325,52143
CUST-0018,2026-03-03,Workflow Automation,559,655,0.8534,0.4608,15406
CUST-0018,2026-03-03,API Integration,559,655,0.8534,0.5374,18961
CUST-0018,2026-03-03,Executive Reporting,559,655,0.8534,0.8553,30219
CUST-0018,2026-03-03,Collaboration,559,655,0.8534,0.3828,16591
CUST-0018,2026-04-02,Analytics,574,655,0.8763,0.8545,14740
CUST-0018,2026-04-02,Workflow Automation,574,655,0.8763,0.8156,34394
CUST-0018,2026-04-02,API Integration,574,655,0.8763,0.8783,35008
CUST-0018,2026-04-02,Executive Reporting,574,655,0.8763,0.7375,57732
CUST-0018,2026-04-02,Collaboration,574,655,0.8763,0.5676,13511
CUST-0018,2026-05-02,Analytics,557,655,0.8504,0.5274,18046
CUST-0018,2026-05-02,Workflow Automation,557,655,0.8504,0.7528,39101
CUST-0018,2026-05-02,API Integration,557,655,0.8504,0.7855,43312
CUST-0018,2026-05-02,Executive Reporting,557,655,0.8504,0.707,19249
CUST-0018,2026-05-02,Collaboration,557,655,0.8504,0.739,48726
CUST-0018,2026-06-01,Analytics,595,655,0.9084,0.8609,35670
CUST-0018,2026-06-01,Workflow Automation,595,655,0.9084,0.4728,55126
CUST-0018,2026-06-01,API Integration,595,655,0.9084,0.7979,37615
CUST-0018,2026-06-01,Executive Reporting,595,655,0.9084,0.5188,63557
CUST-0018,2026-06-01,Collaboration,595,655,0.9084,0.512,20753
CUST-0018,2026-07-01,Analytics,604,655,0.9221,0.8718,55145
CUST-0018,2026-07-01,Workflow Automation,604,655,0.9221,0.5654,54480
CUST-0018,2026-07-01,API Integration,604,655,0.9221,0.3678,57802
CUST-0018,2026-07-01,Executive Reporting,604,655,0.9221,0.525,58467
CUST-0018,2026-07-01,Collaboration,604,655,0.9221,0.4715,54480
CUST-0018,2026-07-31,Analytics,551,655,0.8412,0.6229,31803
CUST-0018,2026-07-31,Workflow Automation,551,655,0.8412,0.7599,24464
CUST-0018,2026-07-31,API Integration,551,655,0.8412,0.5407,30580
CUST-0018,2026-07-31,Executive Reporting,551,655,0.8412,0.4423,12843
CUST-0018,2026-07-31,Collaboration,551,655,0.8412,0.8019,58102
CUST-0019,2025-09-04,Analytics,368,562,0.6548,0.4872,6624
CUST-0019,2025-09-04,Workflow Automation,368,562,0.6548,0.5428,8464
CUST-0019,2025-09-04,API Integration,368,562,0.6548,0.7462,5888
CUST-0019,2025-09-04,Executive Reporting,368,562,0.6548,0.5623,23184
CUST-0019,2025-09-04,Collaboration,368,562,0.6548,0.883,22816
CUST-0019,2025-10-04,Analytics,382,562,0.6797,0.5583,30178
CUST-0019,2025-10-04,Workflow Automation,382,562,0.6797,0.5564,27122
CUST-0019,2025-10-04,API Integration,382,562,0.6797,0.7838,31706
CUST-0019,2025-10-04,Executive Reporting,382,562,0.6797,0.708,37054
CUST-0019,2025-10-04,Collaboration,382,562,0.6797,0.4741,25594
CUST-0019,2025-11-03,Analytics,356,562,0.6335,0.8152,16732
CUST-0019,2025-11-03,Workflow Automation,356,562,0.6335,0.361,15308
CUST-0019,2025-11-03,API Integration,356,562,0.6335,0.8734,6764
CUST-0019,2025-11-03,Executive Reporting,356,562,0.6335,0.538,20648
CUST-0019,2025-11-03,Collaboration,356,562,0.6335,0.4385,6764
CUST-0019,2025-12-03,Analytics,385,562,0.6851,0.844,8085
CUST-0019,2025-12-03,Workflow Automation,385,562,0.6851,0.5359,33880
CUST-0019,2025-12-03,API Integration,385,562,0.6851,0.8413,38500
CUST-0019,2025-12-03,Executive Reporting,385,562,0.6851,0.367,35805
CUST-0019,2025-12-03,Collaboration,385,562,0.6851,0.4407,25025
CUST-0019,2026-01-02,Analytics,361,562,0.6423,0.4057,12996
CUST-0019,2026-01-02,Workflow Automation,361,562,0.6423,0.8859,22382
CUST-0019,2026-01-02,API Integration,361,562,0.6423,0.7335,28519
CUST-0019,2026-01-02,Executive Reporting,361,562,0.6423,0.4959,16606
CUST-0019,2026-01-02,Collaboration,361,562,0.6423,0.5136,7942
CUST-0019,2026-02-01,Analytics,355,562,0.6317,0.6645,25560
CUST-0019,2026-02-01,Workflow Automation,355,562,0.6317,0.4345,19880
CUST-0019,2026-02-01,API Integration,355,562,0.6317,0.3521,7455
CUST-0019,2026-02-01,Executive Reporting,355,562,0.6317,0.512,33370
CUST-0019,2026-02-01,Collaboration,355,562,0.6317,0.6938,25205
CUST-0019,2026-03-03,Analytics,364,562,0.6477,0.3642,11284
CUST-0019,2026-03-03,Workflow Automation,364,562,0.6477,0.701,7280
CUST-0019,2026-03-03,API Integration,364,562,0.6477,0.6105,8736
CUST-0019,2026-03-03,Executive Reporting,364,562,0.6477,0.5196,21840
CUST-0019,2026-03-03,Collaboration,364,562,0.6477,0.609,34216
CUST-0019,2026-04-02,Analytics,368,562,0.6548,0.703,21712
CUST-0019,2026-04-02,Workflow Automation,368,562,0.6548,0.4517,21344
CUST-0019,2026-04-02,API Integration,368,562,0.6548,0.5532,24656
CUST-0019,2026-04-02,Executive Reporting,368,562,0.6548,0.3745,24288
CUST-0019,2026-04-02,Collaboration,368,562,0.6548,0.6058,13984
CUST-0019,2026-05-02,Analytics,403,562,0.7171,0.6603,11687
CUST-0019,2026-05-02,Workflow Automation,403,562,0.7171,0.7637,38285
CUST-0019,2026-05-02,API Integration,403,562,0.7171,0.4032,38285
CUST-0019,2026-05-02,Executive Reporting,403,562,0.7171,0.5391,31837
CUST-0019,2026-05-02,Collaboration,403,562,0.7171,0.5777,34255
CUST-0019,2026-06-01,Analytics,366,562,0.6512,0.3835,21594
CUST-0019,2026-06-01,Workflow Automation,366,562,0.6512,0.8001,23058
CUST-0019,2026-06-01,API Integration,366,562,0.6512,0.8811,35502
CUST-0019,2026-06-01,Executive Reporting,366,562,0.6512,0.8268,25620
CUST-0019,2026-06-01,Collaboration,366,562,0.6512,0.665,14640
CUST-0019,2026-07-01,Analytics,381,562,0.6779,0.3934,5334
CUST-0019,2026-07-01,Workflow Automation,381,562,0.6779,0.6262,28956
CUST-0019,2026-07-01,API Integration,381,562,0.6779,0.7902,36576
CUST-0019,2026-07-01,Executive Reporting,381,562,0.6779,0.8905,10668
CUST-0019,2026-07-01,Collaboration,381,562,0.6779,0.4162,25527
CUST-0019,2026-07-31,Analytics,362,562,0.6441,0.8914,13394
CUST-0019,2026-07-31,Workflow Automation,362,562,0.6441,0.7947,9412
CUST-0019,2026-07-31,API Integration,362,562,0.6441,0.3735,7240
CUST-0019,2026-07-31,Executive Reporting,362,562,0.6441,0.8936,23530
CUST-0019,2026-07-31,Collaboration,362,562,0.6441,0.4611,32580
CUST-0020,2025-09-04,Analytics,183,324,0.5648,0.8509,3294
CUST-0020,2025-09-04,Workflow Automation,183,324,0.5648,0.3979,14823
CUST-0020,2025-09-04,API Integration,183,324,0.5648,0.5685,9333
CUST-0020,2025-09-04,Executive Reporting,183,324,0.5648,0.8211,13908
CUST-0020,2025-09-04,Collaboration,183,324,0.5648,0.602,2013
CUST-0020,2025-10-04,Analytics,199,324,0.6142,0.6927,15124
CUST-0020,2025-10-04,Workflow Automation,199,324,0.6142,0.7799,4776
CUST-0020,2025-10-04,API Integration,199,324,0.6142,0.5779,5572
CUST-0020,2025-10-04,Executive Reporting,199,324,0.6142,0.6616,16716
CUST-0020,2025-10-04,Collaboration,199,324,0.6142,0.7671,4378
CUST-0020,2025-11-03,Analytics,203,324,0.6265,0.6595,4466
CUST-0020,2025-11-03,Workflow Automation,203,324,0.6265,0.7822,15834
CUST-0020,2025-11-03,API Integration,203,324,0.6265,0.8341,12586
CUST-0020,2025-11-03,Executive Reporting,203,324,0.6265,0.4953,18879
CUST-0020,2025-11-03,Collaboration,203,324,0.6265,0.6171,17661
CUST-0020,2025-12-03,Analytics,190,324,0.5864,0.4447,11590
CUST-0020,2025-12-03,Workflow Automation,190,324,0.5864,0.4291,16530
CUST-0020,2025-12-03,API Integration,190,324,0.5864,0.7244,11590
CUST-0020,2025-12-03,Executive Reporting,190,324,0.5864,0.3713,9880
CUST-0020,2025-12-03,Collaboration,190,324,0.5864,0.7298,3040
CUST-0020,2026-01-02,Analytics,198,324,0.6111,0.8565,11286
CUST-0020,2026-01-02,Workflow Automation,198,324,0.6111,0.3611,9504
CUST-0020,2026-01-02,API Integration,198,324,0.6111,0.521,14256
CUST-0020,2026-01-02,Executive Reporting,198,324,0.6111,0.822,19206
CUST-0020,2026-01-02,Collaboration,198,324,0.6111,0.404,7722
CUST-0020,2026-02-01,Analytics,179,324,0.5525,0.8858,11814
CUST-0020,2026-02-01,Workflow Automation,179,324,0.5525,0.7757,9129
CUST-0020,2026-02-01,API Integration,179,324,0.5525,0.4982,11277
CUST-0020,2026-02-01,Executive Reporting,179,324,0.5525,0.6827,3759
CUST-0020,2026-02-01,Collaboration,179,324,0.5525,0.4534,6623
CUST-0020,2026-03-03,Analytics,203,324,0.6265,0.5739,14616
CUST-0020,2026-03-03,Workflow Automation,203,324,0.6265,0.7677,11571
CUST-0020,2026-03-03,API Integration,203,324,0.6265,0.8016,15225
CUST-0020,2026-03-03,Executive Reporting,203,324,0.6265,0.7853,3654
CUST-0020,2026-03-03,Collaboration,203,324,0.6265,0.5211,15022
CUST-0020,2026-04-02,Analytics,188,324,0.5802,0.7793,14476
CUST-0020,2026-04-02,Workflow Automation,188,324,0.5802,0.8336,2444
CUST-0020,2026-04-02,API Integration,188,324,0.5802,0.4456,6580
CUST-0020,2026-04-02,Executive Reporting,188,324,0.5802,0.8103,7708
CUST-0020,2026-04-02,Collaboration,188,324,0.5802,0.3682,3008
CUST-0020,2026-05-02,Analytics,203,324,0.6265,0.7375,9135
CUST-0020,2026-05-02,Workflow Automation,203,324,0.6265,0.5526,14007
CUST-0020,2026-05-02,API Integration,203,324,0.6265,0.6278,18473
CUST-0020,2026-05-02,Executive Reporting,203,324,0.6265,0.8577,19691
CUST-0020,2026-05-02,Collaboration,203,324,0.6265,0.3668,11571
CUST-0020,2026-06-01,Analytics,190,324,0.5864,0.5954,13300
CUST-0020,2026-06-01,Workflow Automation,190,324,0.5864,0.6728,10260
CUST-0020,2026-06-01,API Integration,190,324,0.5864,0.5393,8170
CUST-0020,2026-06-01,Executive Reporting,190,324,0.5864,0.7619,18620
CUST-0020,2026-06-01,Collaboration,190,324,0.5864,0.3997,2470
CUST-0020,2026-07-01,Analytics,187,324,0.5772,0.4396,15521
CUST-0020,2026-07-01,Workflow Automation,187,324,0.5772,0.7789,6919
CUST-0020,2026-07-01,API Integration,187,324,0.5772,0.8214,17204
CUST-0020,2026-07-01,Executive Reporting,187,324,0.5772,0.4738,6732
CUST-0020,2026-07-01,Collaboration,187,324,0.5772,0.498,11594
CUST-0020,2026-07-31,Analytics,191,324,0.5895,0.8255,18527
CUST-0020,2026-07-31,Workflow Automation,191,324,0.5895,0.3549,4966
CUST-0020,2026-07-31,API Integration,191,324,0.5895,0.7061,16426
CUST-0020,2026-07-31,Executive Reporting,191,324,0.5895,0.7905,7258
CUST-0020,2026-07-31,Collaboration,191,324,0.5895,0.4888,9359
CUST-0021,2025-09-04,Analytics,314,466,0.6738,0.5418,13188
CUST-0021,2025-09-04,Workflow Automation,314,466,0.6738,0.47,15072
CUST-0021,2025-09-04,API Integration,314,466,0.6738,0.7225,27946
CUST-0021,2025-09-04,Executive Reporting,314,466,0.6738,0.5684,7222
CUST-0021,2025-09-04,Collaboration,314,466,0.6738,0.354,29516
CUST-0021,2025-10-04,Analytics,348,466,0.7468,0.8117,28469
CUST-0021,2025-10-04,Workflow Automation,348,466,0.7468,0.706,30578
CUST-0021,2025-10-04,API Integration,348,466,0.7468,0.5055,34093
CUST-0021,2025-10-04,Executive Reporting,348,466,0.7468,0.4095,6326
CUST-0021,2025-10-04,Collaboration,348,466,0.7468,0.535,15816
CUST-0021,2025-11-03,Analytics,334,466,0.7167,0.8238,14649
CUST-0021,2025-11-03,Workflow Automation,334,466,0.7167,0.7109,31683
CUST-0021,2025-11-03,API Integration,334,466,0.7167,0.5143,9879
CUST-0021,2025-11-03,Executive Reporting,334,466,0.7167,0.6345,13627
CUST-0021,2025-11-03,Collaboration,334,466,0.7167,0.8448,29298
CUST-0021,2025-12-03,Analytics,325,466,0.6974,0.5258,9038
CUST-0021,2025-12-03,Workflow Automation,325,466,0.6974,0.7467,31131
CUST-0021,2025-12-03,API Integration,325,466,0.6974,0.6236,15733
CUST-0021,2025-12-03,Executive Reporting,325,466,0.6974,0.4927,21089
CUST-0021,2025-12-03,Collaboration,325,466,0.6974,0.5725,4686
CUST-0021,2026-01-02,Analytics,338,466,0.7253,0.8971,11951
CUST-0021,2026-01-02,Workflow Automation,338,466,0.7253,0.5387,13357
CUST-0021,2026-01-02,API Integration,338,466,0.7253,0.7275,31988
CUST-0021,2026-01-02,Executive Reporting,338,466,0.7253,0.7817,33394
CUST-0021,2026-01-02,Collaboration,338,466,0.7253,0.5472,16872
CUST-0021,2026-02-01,Analytics,355,466,0.7618,0.8124,30192
CUST-0021,2026-02-01,Workflow Automation,355,466,0.7618,0.4496,8200
CUST-0021,2026-02-01,API Integration,355,466,0.7618,0.6089,16028
CUST-0021,2026-02-01,Executive Reporting,355,466,0.7618,0.7489,30192
CUST-0021,2026-02-01,Collaboration,355,466,0.7618,0.7696,12300
CUST-0021,2026-03-03,Analytics,364,466,0.7811,0.8448,35883
CUST-0021,2026-03-03,Workflow Automation,364,466,0.7811,0.3991,21221
CUST-0021,2026-03-03,API Integration,364,466,0.7811,0.4728,18906
CUST-0021,2026-03-03,Executive Reporting,364,466,0.7811,0.5813,20063
CUST-0021,2026-03-03,Collaboration,364,466,0.7811,0.5544,32410
CUST-0021,2026-04-02,Analytics,332,466,0.7124,0.8182,24866
CUST-0021,2026-04-02,Workflow Automation,332,466,0.7124,0.3795,32326
CUST-0021,2026-04-02,API Integration,332,466,0.7124,0.671,31616
CUST-0021,2026-04-02,Executive Reporting,332,466,0.7124,0.3892,12078
CUST-0021,2026-04-02,Collaboration,332,466,0.7124,0.6253,34458
CUST-0021,2026-05-02,Analytics,340,466,0.7296,0.5141,5875
CUST-0021,2026-05-02,Workflow Automation,340,466,0.7296,0.829,10648
CUST-0021,2026-05-02,API Integration,340,466,0.7296,0.4256,12852
CUST-0021,2026-05-02,Executive Reporting,340,466,0.7296,0.5385,30110
CUST-0021,2026-05-02,Collaboration,340,466,0.7296,0.8411,24969
CUST-0021,2026-06-01,Analytics,329,466,0.706,0.8243,11834
CUST-0021,2026-06-01,Workflow Automation,329,466,0.706,0.7784,25819
CUST-0021,2026-06-01,API Integration,329,466,0.706,0.5329,11475
CUST-0021,2026-06-01,Executive Reporting,329,466,0.706,0.5224,6096
CUST-0021,2026-06-01,Collaboration,329,466,0.706,0.3526,16137
CUST-0021,2026-07-01,Analytics,336,466,0.721,0.7754,30676
CUST-0021,2026-07-01,Workflow Automation,336,466,0.721,0.7705,26611
CUST-0021,2026-07-01,API Integration,336,466,0.721,0.7819,7761
CUST-0021,2026-07-01,Executive Reporting,336,466,0.721,0.4212,24024
CUST-0021,2026-07-01,Collaboration,336,466,0.721,0.6984,22545
CUST-0021,2026-07-31,Analytics,352,466,0.7554,0.6126,3907
CUST-0021,2026-07-31,Workflow Automation,352,466,0.7554,0.3707,13675
CUST-0021,2026-07-31,API Integration,352,466,0.7554,0.7519,4297
CUST-0021,2026-07-31,Executive Reporting,352,466,0.7554,0.8406,30085
CUST-0021,2026-07-31,Collaboration,352,466,0.7554,0.4548,37509
CUST-0022,2025-09-04,Analytics,42,69,0.6087,0.7314,2268
CUST-0022,2025-09-04,Workflow Automation,42,69,0.6087,0.5217,966
CUST-0022,2025-09-04,API Integration,42,69,0.6087,0.561,3570
CUST-0022,2025-09-04,Executive Reporting,42,69,0.6087,0.5184,756
CUST-0022,2025-09-04,Collaboration,42,69,0.6087,0.8031,2016
CUST-0022,2025-10-04,Analytics,47,69,0.6812,0.6008,3572
CUST-0022,2025-10-04,Workflow Automation,47,69,0.6812,0.678,2491
CUST-0022,2025-10-04,API Integration,47,69,0.6812,0.5885,4559
CUST-0022,2025-10-04,Executive Reporting,47,69,0.6812,0.8975,2491
CUST-0022,2025-10-04,Collaboration,47,69,0.6812,0.8979,3384
CUST-0022,2025-11-03,Analytics,43,69,0.6232,0.4536,2623
CUST-0022,2025-11-03,Workflow Automation,43,69,0.6232,0.3605,1634
CUST-0022,2025-11-03,API Integration,43,69,0.6232,0.7499,1118
CUST-0022,2025-11-03,Executive Reporting,43,69,0.6232,0.4662,516
CUST-0022,2025-11-03,Collaboration,43,69,0.6232,0.6743,1333
CUST-0022,2025-12-03,Analytics,41,69,0.5942,0.7411,574
CUST-0022,2025-12-03,Workflow Automation,41,69,0.5942,0.5564,3731
CUST-0022,2025-12-03,API Integration,41,69,0.5942,0.4907,3198
CUST-0022,2025-12-03,Executive Reporting,41,69,0.5942,0.6927,3526
CUST-0022,2025-12-03,Collaboration,41,69,0.5942,0.8971,3854
CUST-0022,2026-01-02,Analytics,41,69,0.5942,0.8099,656
CUST-0022,2026-01-02,Workflow Automation,41,69,0.5942,0.7294,2583
CUST-0022,2026-01-02,API Integration,41,69,0.5942,0.5944,1025
CUST-0022,2026-01-02,Executive Reporting,41,69,0.5942,0.651,2870
CUST-0022,2026-01-02,Collaboration,41,69,0.5942,0.736,1476
CUST-0022,2026-02-01,Analytics,45,69,0.6522,0.6967,2160
CUST-0022,2026-02-01,Workflow Automation,45,69,0.6522,0.5815,990
CUST-0022,2026-02-01,API Integration,45,69,0.6522,0.7144,1980
CUST-0022,2026-02-01,Executive Reporting,45,69,0.6522,0.6925,4455
CUST-0022,2026-02-01,Collaboration,45,69,0.6522,0.4254,1035
CUST-0022,2026-03-03,Analytics,44,69,0.6377,0.6897,2024
CUST-0022,2026-03-03,Workflow Automation,44,69,0.6377,0.4127,1012
CUST-0022,2026-03-03,API Integration,44,69,0.6377,0.6238,3828
CUST-0022,2026-03-03,Executive Reporting,44,69,0.6377,0.4599,1892
CUST-0022,2026-03-03,Collaboration,44,69,0.6377,0.8073,1540
CUST-0022,2026-04-02,Analytics,42,69,0.6087,0.5754,1260
CUST-0022,2026-04-02,Workflow Automation,42,69,0.6087,0.3717,3066
CUST-0022,2026-04-02,API Integration,42,69,0.6087,0.8507,4116
CUST-0022,2026-04-02,Executive Reporting,42,69,0.6087,0.8632,2184
CUST-0022,2026-04-02,Collaboration,42,69,0.6087,0.479,462
CUST-0022,2026-05-02,Analytics,40,69,0.5797,0.7554,2954
CUST-0022,2026-05-02,Workflow Automation,40,69,0.5797,0.639,1032
CUST-0022,2026-05-02,API Integration,40,69,0.5797,0.7763,2670
CUST-0022,2026-05-02,Executive Reporting,40,69,0.5797,0.3482,783
CUST-0022,2026-05-02,Collaboration,40,69,0.5797,0.7544,3275
CUST-0022,2026-06-01,Analytics,32,69,0.4638,0.6971,1173
CUST-0022,2026-06-01,Workflow Automation,32,69,0.4638,0.3863,399
CUST-0022,2026-06-01,API Integration,32,69,0.4638,0.3158,798
CUST-0022,2026-06-01,Executive Reporting,32,69,0.4638,0.648,1173
CUST-0022,2026-06-01,Collaboration,32,69,0.4638,0.4275,2396
CUST-0022,2026-07-01,Analytics,28,69,0.4058,0.5067,412
CUST-0022,2026-07-01,Workflow Automation,28,69,0.4058,0.5482,281
CUST-0022,2026-07-01,API Integration,28,69,0.4058,0.2381,506
CUST-0022,2026-07-01,Executive Reporting,28,69,0.4058,0.4789,581
CUST-0022,2026-07-01,Collaboration,28,69,0.4058,0.3556,1238
CUST-0022,2026-07-31,Analytics,26,69,0.3768,0.2786,305
CUST-0022,2026-07-31,Workflow Automation,26,69,0.3768,0.3108,771
CUST-0022,2026-07-31,API Integration,26,69,0.3768,0.2523,888
CUST-0022,2026-07-31,Executive Reporting,26,69,0.3768,0.3193,990
CUST-0022,2026-07-31,Collaboration,26,69,0.3768,0.2797,859
CUST-0023,2025-09-04,Analytics,541,888,0.6092,0.7883,12984
CUST-0023,2025-09-04,Workflow Automation,541,888,0.6092,0.4229,9197
CUST-0023,2025-09-04,API Integration,541,888,0.6092,0.8899,16230
CUST-0023,2025-09-04,Executive Reporting,541,888,0.6092,0.407,45985
CUST-0023,2025-09-04,Collaboration,541,888,0.6092,0.6155,44362
CUST-0023,2025-10-04,Analytics,544,888,0.6126,0.4497,31552
CUST-0023,2025-10-04,Workflow Automation,544,888,0.6126,0.7785,47872
CUST-0023,2025-10-04,API Integration,544,888,0.6126,0.3658,52768
CUST-0023,2025-10-04,Executive Reporting,544,888,0.6126,0.834,14144
CUST-0023,2025-10-04,Collaboration,544,888,0.6126,0.6157,39168
CUST-0023,2025-11-03,Analytics,496,888,0.5586,0.5762,7440
CUST-0023,2025-11-03,Workflow Automation,496,888,0.5586,0.3848,46128
CUST-0023,2025-11-03,API Integration,496,888,0.5586,0.5228,49600
CUST-0023,2025-11-03,Executive Reporting,496,888,0.5586,0.8276,38192
CUST-0023,2025-11-03,Collaboration,496,888,0.5586,0.7721,41168
CUST-0023,2025-12-03,Analytics,547,888,0.616,0.4732,51965
CUST-0023,2025-12-03,Workflow Automation,547,888,0.616,0.8302,41572
CUST-0023,2025-12-03,API Integration,547,888,0.616,0.6377,54153
CUST-0023,2025-12-03,Executive Reporting,547,888,0.616,0.69,35555
CUST-0023,2025-12-03,Collaboration,547,888,0.616,0.7139,22427
CUST-0023,2026-01-02,Analytics,527,888,0.5935,0.715,48484
CUST-0023,2026-01-02,Workflow Automation,527,888,0.5935,0.5617,42687
CUST-0023,2026-01-02,API Integration,527,888,0.5935,0.8406,46376
CUST-0023,2026-01-02,Executive Reporting,527,888,0.5935,0.38,48484
CUST-0023,2026-01-02,Collaboration,527,888,0.5935,0.8639,38998
CUST-0023,2026-02-01,Analytics,558,888,0.6284,0.8185,17298
CUST-0023,2026-02-01,Workflow Automation,558,888,0.6284,0.3912,40176
CUST-0023,2026-02-01,API Integration,558,888,0.6284,0.5263,29016
CUST-0023,2026-02-01,Executive Reporting,558,888,0.6284,0.8836,8928
CUST-0023,2026-02-01,Collaboration,558,888,0.6284,0.6288,44640
CUST-0023,2026-03-03,Analytics,541,888,0.6092,0.5718,21640
CUST-0023,2026-03-03,Workflow Automation,541,888,0.6092,0.3934,35706
CUST-0023,2026-03-03,API Integration,541,888,0.6092,0.7907,36247
CUST-0023,2026-03-03,Executive Reporting,541,888,0.6092,0.3984,39493
CUST-0023,2026-03-03,Collaboration,541,888,0.6092,0.5959,13525
CUST-0023,2026-04-02,Analytics,569,888,0.6408,0.7599,6828
CUST-0023,2026-04-02,Workflow Automation,569,888,0.6408,0.4065,35278
CUST-0023,2026-04-02,API Integration,569,888,0.6408,0.3697,45520
CUST-0023,2026-04-02,Executive Reporting,569,888,0.6408,0.3501,11949
CUST-0023,2026-04-02,Collaboration,569,888,0.6408,0.7855,50641
CUST-0023,2026-05-02,Analytics,540,888,0.6081,0.8396,43740
CUST-0023,2026-05-02,Workflow Automation,540,888,0.6081,0.4638,51300
CUST-0023,2026-05-02,API Integration,540,888,0.6081,0.6009,28620
CUST-0023,2026-05-02,Executive Reporting,540,888,0.6081,0.5498,8640
CUST-0023,2026-05-02,Collaboration,540,888,0.6081,0.7991,36720
CUST-0023,2026-06-01,Analytics,514,888,0.5788,0.7721,44204
CUST-0023,2026-06-01,Workflow Automation,514,888,0.5788,0.6102,48316
CUST-0023,2026-06-01,API Integration,514,888,0.5788,0.5498,34438
CUST-0023,2026-06-01,Executive Reporting,514,888,0.5788,0.4127,48316
CUST-0023,2026-06-01,Collaboration,514,888,0.5788,0.472,27242
CUST-0023,2026-07-01,Analytics,516,888,0.5811,0.6985,24252
CUST-0023,2026-07-01,Workflow Automation,516,888,0.5811,0.6512,29412
CUST-0023,2026-07-01,API Integration,516,888,0.5811,0.7362,7740
CUST-0023,2026-07-01,Executive Reporting,516,888,0.5811,0.8433,37668
CUST-0023,2026-07-01,Collaboration,516,888,0.5811,0.4272,31992
CUST-0023,2026-07-31,Analytics,495,888,0.5574,0.686,16830
CUST-0023,2026-07-31,Workflow Automation,495,888,0.5574,0.4164,29700
CUST-0023,2026-07-31,API Integration,495,888,0.5574,0.4686,16830
CUST-0023,2026-07-31,Executive Reporting,495,888,0.5574,0.7442,11385
CUST-0023,2026-07-31,Collaboration,495,888,0.5574,0.7664,7425
CUST-0024,2025-09-04,Analytics,164,276,0.5942,0.7122,12136
CUST-0024,2025-09-04,Workflow Automation,164,276,0.5942,0.424,11972
CUST-0024,2025-09-04,API Integration,164,276,0.5942,0.3524,2624
CUST-0024,2025-09-04,Executive Reporting,164,276,0.5942,0.6543,10660
CUST-0024,2025-09-04,Collaboration,164,276,0.5942,0.8113,11644
CUST-0024,2025-10-04,Analytics,179,276,0.6486,0.7796,5785
CUST-0024,2025-10-04,Workflow Automation,179,276,0.6486,0.7305,5785
CUST-0024,2025-10-04,API Integration,179,276,0.6486,0.7518,4700
CUST-0024,2025-10-04,Executive Reporting,179,276,0.6486,0.407,16994
CUST-0024,2025-10-04,Collaboration,179,276,0.6486,0.6803,9220
CUST-0024,2025-11-03,Analytics,169,276,0.6123,0.5616,14997
CUST-0024,2025-11-03,Workflow Automation,169,276,0.6123,0.8538,7067
CUST-0024,2025-11-03,API Integration,169,276,0.6123,0.5005,9136
CUST-0024,2025-11-03,Executive Reporting,169,276,0.6123,0.8838,11549
CUST-0024,2025-11-03,Collaboration,169,276,0.6123,0.7926,4654
CUST-0024,2025-12-03,Analytics,168,276,0.6087,0.735,12978
CUST-0024,2025-12-03,Workflow Automation,168,276,0.6087,0.5144,17130
CUST-0024,2025-12-03,API Integration,168,276,0.6087,0.6513,8652
CUST-0024,2025-12-03,Executive Reporting,168,276,0.6087,0.7415,13843
CUST-0024,2025-12-03,Collaboration,168,276,0.6087,0.6979,6056
CUST-0024,2026-01-02,Analytics,164,276,0.5942,0.7429,16544
CUST-0024,2026-01-02,Workflow Automation,164,276,0.5942,0.5399,16373
CUST-0024,2026-01-02,API Integration,164,276,0.5942,0.423,17056
CUST-0024,2026-01-02,Executive Reporting,164,276,0.5942,0.7075,5457
CUST-0024,2026-01-02,Collaboration,164,276,0.5942,0.6271,16714
CUST-0024,2026-02-01,Analytics,178,276,0.6449,0.7407,10279
CUST-0024,2026-02-01,Workflow Automation,178,276,0.6449,0.6593,15699
CUST-0024,2026-02-01,API Integration,178,276,0.6449,0.6639,17755
CUST-0024,2026-02-01,Executive Reporting,178,276,0.6449,0.7406,17942
CUST-0024,2026-02-01,Collaboration,178,276,0.6449,0.7613,14578
CUST-0024,2026-03-03,Analytics,169,276,0.6123,0.816,1970
CUST-0024,2026-03-03,Workflow Automation,169,276,0.6123,0.6375,2328
CUST-0024,2026-03-03,API Integration,169,276,0.6123,0.5595,2866
CUST-0024,2026-03-03,Executive Reporting,169,276,0.6123,0.7186,6269
CUST-0024,2026-03-03,Collaboration,169,276,0.6123,0.4968,5374
CUST-0024,2026-04-02,Analytics,191,276,0.692,0.7259,5722
CUST-0024,2026-04-02,Workflow Automation,191,276,0.692,0.8117,20028
CUST-0024,2026-04-02,API Integration,191,276,0.692,0.7814,7357
CUST-0024,2026-04-02,Executive Reporting,191,276,0.692,0.7645,2861
CUST-0024,2026-04-02,Collaboration,191,276,0.692,0.5473,13692
CUST-0024,2026-05-02,Analytics,167,276,0.6051,0.8274,14609
CUST-0024,2026-05-02,Workflow Automation,167,276,0.6051,0.8257,16593
CUST-0024,2026-05-02,API Integration,167,276,0.6051,0.6587,7214
CUST-0024,2026-05-02,Executive Reporting,167,276,0.6051,0.631,17855
CUST-0024,2026-05-02,Collaboration,167,276,0.6051,0.5082,17134
CUST-0024,2026-06-01,Analytics,167,276,0.6051,0.5599,11467
CUST-0024,2026-06-01,Workflow Automation,167,276,0.6051,0.8762,17656
CUST-0024,2026-06-01,API Integration,167,276,0.6051,0.522,14562
CUST-0024,2026-06-01,Executive Reporting,167,276,0.6051,0.3796,7645
CUST-0024,2026-06-01,Collaboration,167,276,0.6051,0.4617,12013
CUST-0024,2026-07-01,Analytics,192,276,0.6957,0.8513,21120
CUST-0024,2026-07-01,Workflow Automation,192,276,0.6957,0.7402,12038
CUST-0024,2026-07-01,API Integration,192,276,0.6957,0.7653,16684
CUST-0024,2026-07-01,Executive Reporting,192,276,0.6957,0.7561,7392
CUST-0024,2026-07-01,Collaboration,192,276,0.6957,0.7769,7180
CUST-0024,2026-07-31,Analytics,178,276,0.6449,0.4476,19165
CUST-0024,2026-07-31,Workflow Automation,178,276,0.6449,0.391,6322
CUST-0024,2026-07-31,API Integration,178,276,0.6449,0.7543,4939
CUST-0024,2026-07-31,Executive Reporting,178,276,0.6449,0.5575,12645
CUST-0024,2026-07-31,Collaboration,178,276,0.6449,0.5035,8495
CUST-0025,2025-09-04,Analytics,182,224,0.8125,0.3531,12558
CUST-0025,2025-09-04,Workflow Automation,182,224,0.8125,0.7403,5278
CUST-0025,2025-09-04,API Integration,182,224,0.8125,0.372,9282
CUST-0025,2025-09-04,Executive Reporting,182,224,0.8125,0.6783,16380
CUST-0025,2025-09-04,Collaboration,182,224,0.8125,0.6886,17108
CUST-0025,2025-10-04,Analytics,169,224,0.7545,0.7844,13655
CUST-0025,2025-10-04,Workflow Automation,169,224,0.7545,0.5469,17069
CUST-0025,2025-10-04,API Integration,169,224,0.7545,0.5248,6486
CUST-0025,2025-10-04,Executive Reporting,169,224,0.7545,0.8763,12972
CUST-0025,2025-10-04,Collaboration,169,224,0.7545,0.3875,12631
CUST-0025,2025-11-03,Analytics,166,224,0.7411,0.6487,10328
CUST-0025,2025-11-03,Workflow Automation,166,224,0.7411,0.4006,6434
CUST-0025,2025-11-03,API Integration,166,224,0.7411,0.8359,15916
CUST-0025,2025-11-03,Executive Reporting,166,224,0.7411,0.5325,9481
CUST-0025,2025-11-03,Collaboration,166,224,0.7411,0.5115,15069
CUST-0025,2025-12-03,Analytics,179,224,0.7991,0.8981,17146
CUST-0025,2025-12-03,Workflow Automation,179,224,0.7991,0.3548,17515
CUST-0025,2025-12-03,API Integration,179,224,0.7991,0.5403,7374
CUST-0025,2025-12-03,Executive Reporting,179,224,0.7991,0.8475,16224
CUST-0025,2025-12-03,Collaboration,179,224,0.7991,0.8552,7559
CUST-0025,2026-01-02,Analytics,193,224,0.8616,0.7254,10236
CUST-0025,2026-01-02,Workflow Automation,193,224,0.8616,0.5598,4817
CUST-0025,2026-01-02,API Integration,193,224,0.8616,0.5622,15856
CUST-0025,2026-01-02,Executive Reporting,193,224,0.8616,0.7482,2609
CUST-0025,2026-01-02,Collaboration,193,224,0.8616,0.8512,11441
CUST-0025,2026-02-01,Analytics,182,224,0.8125,0.6298,13759
CUST-0025,2026-02-01,Workflow Automation,182,224,0.8125,0.3741,17772
CUST-0025,2026-02-01,API Integration,182,224,0.8125,0.4559,14332
CUST-0025,2026-02-01,Executive Reporting,182,224,0.8125,0.3953,4204
CUST-0025,2026-02-01,Collaboration,182,224,0.8125,0.4421,14905
CUST-0025,2026-03-03,Analytics,184,224,0.8214,0.6948,7021
CUST-0025,2026-03-03,Workflow Automation,184,224,0.8214,0.7187,7216
CUST-0025,2026-03-03,API Integration,184,224,0.8214,0.8257,12482
CUST-0025,2026-03-03,Executive Reporting,184,224,0.8214,0.8096,7021
CUST-0025,2026-03-03,Collaboration,184,224,0.8214,0.6458,19308
CUST-0025,2026-04-02,Analytics,196,224,0.875,0.7578,13631
CUST-0025,2026-04-02,Workflow Automation,196,224,0.875,0.7056,3984
CUST-0025,2026-04-02,API Integration,196,224,0.875,0.7608,6081
CUST-0025,2026-04-02,Executive Reporting,196,224,0.875,0.3631,10905
CUST-0025,2026-04-02,Collaboration,196,224,0.875,0.3708,3984
CUST-0025,2026-05-02,Analytics,173,224,0.7723,0.7868,15134
CUST-0025,2026-05-02,Workflow Automation,173,224,0.7723,0.3887,7286
CUST-0025,2026-05-02,API Integration,173,224,0.7723,0.851,11584
CUST-0025,2026-05-02,Executive Reporting,173,224,0.7723,0.5634,16815
CUST-0025,2026-05-02,Collaboration,173,224,0.7723,0.5724,9342
CUST-0025,2026-06-01,Analytics,173,224,0.7723,0.7203,14708
CUST-0025,2026-06-01,Workflow Automation,173,224,0.7723,0.3532,16782
CUST-0025,2026-06-01,API Integration,173,224,0.7723,0.3848,15839
CUST-0025,2026-06-01,Executive Reporting,173,224,0.7723,0.375,3582
CUST-0025,2026-06-01,Collaboration,173,224,0.7723,0.5467,13954
CUST-0025,2026-07-01,Analytics,178,224,0.7946,0.7828,9398
CUST-0025,2026-07-01,Workflow Automation,178,224,0.7946,0.6836,9006
CUST-0025,2026-07-01,API Integration,178,224,0.7946,0.7709,12922
CUST-0025,2026-07-01,Executive Reporting,178,224,0.7946,0.5598,18405
CUST-0025,2026-07-01,Collaboration,178,224,0.7946,0.367,5874
CUST-0025,2026-07-31,Analytics,193,224,0.8616,0.425,12853
CUST-0025,2026-07-31,Workflow Automation,193,224,0.8616,0.7882,16924
CUST-0025,2026-07-31,API Integration,193,224,0.8616,0.5122,19494
CUST-0025,2026-07-31,Executive Reporting,193,224,0.8616,0.4292,20566
CUST-0025,2026-07-31,Collaboration,193,224,0.8616,0.8378,19709
CUST-0026,2025-09-04,Analytics,388,748,0.5187,0.8311,10864
CUST-0026,2025-09-04,Workflow Automation,388,748,0.5187,0.4178,3880
CUST-0026,2025-09-04,API Integration,388,748,0.5187,0.665,23280
CUST-0026,2025-09-04,Executive Reporting,388,748,0.5187,0.6454,7760
CUST-0026,2025-09-04,Collaboration,388,748,0.5187,0.5176,20952
CUST-0026,2025-10-04,Analytics,402,748,0.5374,0.8481,30150
CUST-0026,2025-10-04,Workflow Automation,402,748,0.5374,0.4284,13266
CUST-0026,2025-10-04,API Integration,402,748,0.5374,0.4714,16884
CUST-0026,2025-10-04,Executive Reporting,402,748,0.5374,0.4569,13266
CUST-0026,2025-10-04,Collaboration,402,748,0.5374,0.719,32964
CUST-0026,2025-11-03,Analytics,445,748,0.5949,0.8183,35600
CUST-0026,2025-11-03,Workflow Automation,445,748,0.5949,0.6037,35600
CUST-0026,2025-11-03,API Integration,445,748,0.5949,0.3902,42275
CUST-0026,2025-11-03,Executive Reporting,445,748,0.5949,0.387,9790
CUST-0026,2025-11-03,Collaboration,445,748,0.5949,0.4586,37380
CUST-0026,2025-12-03,Analytics,421,748,0.5628,0.532,10946
CUST-0026,2025-12-03,Workflow Automation,421,748,0.5628,0.7192,16840
CUST-0026,2025-12-03,API Integration,421,748,0.5628,0.405,37469
CUST-0026,2025-12-03,Executive Reporting,421,748,0.5628,0.3884,14314
CUST-0026,2025-12-03,Collaboration,421,748,0.5628,0.5248,28207
CUST-0026,2026-01-02,Analytics,410,748,0.5481,0.7127,40180
CUST-0026,2026-01-02,Workflow Automation,410,748,0.5481,0.6713,33620
CUST-0026,2026-01-02,API Integration,410,748,0.5481,0.6618,20500
CUST-0026,2026-01-02,Executive Reporting,410,748,0.5481,0.8773,12710
CUST-0026,2026-01-02,Collaboration,410,748,0.5481,0.3527,16810
CUST-0026,2026-02-01,Analytics,441,748,0.5896,0.7417,40572
CUST-0026,2026-02-01,Workflow Automation,441,748,0.5896,0.5899,24696
CUST-0026,2026-02-01,API Integration,441,748,0.5896,0.4239,22932
CUST-0026,2026-02-01,Executive Reporting,441,748,0.5896,0.8328,30429
CUST-0026,2026-02-01,Collaboration,441,748,0.5896,0.5949,21609
CUST-0026,2026-03-03,Analytics,421,748,0.5628,0.4099,38732
CUST-0026,2026-03-03,Workflow Automation,421,748,0.5628,0.6836,18945
CUST-0026,2026-03-03,API Integration,421,748,0.5628,0.8223,11367
CUST-0026,2026-03-03,Executive Reporting,421,748,0.5628,0.8402,14735
CUST-0026,2026-03-03,Collaboration,421,748,0.5628,0.4948,37890
CUST-0026,2026-04-02,Analytics,393,748,0.5254,0.3915,4716
CUST-0026,2026-04-02,Workflow Automation,393,748,0.5254,0.8173,35370
CUST-0026,2026-04-02,API Integration,393,748,0.5254,0.3672,33012
CUST-0026,2026-04-02,Executive Reporting,393,748,0.5254,0.6684,33405
CUST-0026,2026-04-02,Collaboration,393,748,0.5254,0.467,5502
CUST-0026,2026-05-02,Analytics,425,748,0.5682,0.6489,33575
CUST-0026,2026-05-02,Workflow Automation,425,748,0.5682,0.6097,12325
CUST-0026,2026-05-02,API Integration,425,748,0.5682,0.5512,16150
CUST-0026,2026-05-02,Executive Reporting,425,748,0.5682,0.8403,36125
CUST-0026,2026-05-02,Collaboration,425,748,0.5682,0.7533,19975
CUST-0026,2026-06-01,Analytics,397,748,0.5307,0.6256,8337
CUST-0026,2026-06-01,Workflow Automation,397,748,0.5307,0.5682,29378
CUST-0026,2026-06-01,API Integration,397,748,0.5307,0.3558,15880
CUST-0026,2026-06-01,Executive Reporting,397,748,0.5307,0.8164,34936
CUST-0026,2026-06-01,Collaboration,397,748,0.5307,0.7263,29775
CUST-0026,2026-07-01,Analytics,397,748,0.5307,0.4376,32554
CUST-0026,2026-07-01,Workflow Automation,397,748,0.5307,0.8718,37318
CUST-0026,2026-07-01,API Integration,397,748,0.5307,0.8297,11116
CUST-0026,2026-07-01,Executive Reporting,397,748,0.5307,0.7548,28187
CUST-0026,2026-07-01,Collaboration,397,748,0.5307,0.8665,5955
CUST-0026,2026-07-31,Analytics,403,748,0.5388,0.6182,7254
CUST-0026,2026-07-31,Workflow Automation,403,748,0.5388,0.4954,15717
CUST-0026,2026-07-31,API Integration,403,748,0.5388,0.3735,14508
CUST-0026,2026-07-31,Executive Reporting,403,748,0.5388,0.6348,22568
CUST-0026,2026-07-31,Collaboration,403,748,0.5388,0.5635,27404
CUST-0027,2025-09-04,Analytics,89,106,0.8396,0.4068,6764
CUST-0027,2025-09-04,Workflow Automation,89,106,0.8396,0.6985,4005
CUST-0027,2025-09-04,API Integration,89,106,0.8396,0.8092,3827
CUST-0027,2025-09-04,Executive Reporting,89,106,0.8396,0.6682,7298
CUST-0027,2025-09-04,Collaboration,89,106,0.8396,0.4456,8277
CUST-0027,2025-10-04,Analytics,86,106,0.8113,0.6732,1650
CUST-0027,2025-10-04,Workflow Automation,86,106,0.8113,0.6342,5037
CUST-0027,2025-10-04,API Integration,86,106,0.8113,0.885,3300
CUST-0027,2025-10-04,Executive Reporting,86,106,0.8113,0.634,4777
CUST-0027,2025-10-04,Collaboration,86,106,0.8113,0.7995,4690
CUST-0027,2025-11-03,Analytics,88,106,0.8302,0.6152,7809
CUST-0027,2025-11-03,Workflow Automation,88,106,0.8302,0.3536,2423
CUST-0027,2025-11-03,API Integration,88,106,0.8302,0.5919,3500
CUST-0027,2025-11-03,Executive Reporting,88,106,0.8302,0.3924,8257
CUST-0027,2025-11-03,Collaboration,88,106,0.8302,0.5044,2603
CUST-0027,2025-12-03,Analytics,85,106,0.8019,0.5492,2188
CUST-0027,2025-12-03,Workflow Automation,85,106,0.8019,0.7136,5515
CUST-0027,2025-12-03,API Integration,85,106,0.8019,0.7961,2101
CUST-0027,2025-12-03,Executive Reporting,85,106,0.8019,0.6148,6216
CUST-0027,2025-12-03,Collaboration,85,106,0.8019,0.6135,7441
CUST-0027,2026-01-02,Analytics,85,106,0.8019,0.8084,1060
CUST-0027,2026-01-02,Workflow Automation,85,106,0.8019,0.484,2298
CUST-0027,2026-01-02,API Integration,85,106,0.8019,0.6654,2652
CUST-0027,2026-01-02,Executive Reporting,85,106,0.8019,0.4241,6630
CUST-0027,2026-01-02,Collaboration,85,106,0.8019,0.3716,7337
CUST-0027,2026-02-01,Analytics,86,106,0.8113,0.4415,2979
CUST-0027,2026-02-01,Workflow Automation,86,106,0.8113,0.6342,5508
CUST-0027,2026-02-01,API Integration,86,106,0.8113,0.6796,7404
CUST-0027,2026-02-01,Executive Reporting,86,106,0.8113,0.7007,8488
CUST-0027,2026-02-01,Collaboration,86,106,0.8113,0.8017,1806
CUST-0027,2026-03-03,Analytics,88,106,0.8302,0.6836,6529
CUST-0027,2026-03-03,Workflow Automation,88,106,0.8302,0.827,2891
CUST-0027,2026-03-03,API Integration,88,106,0.8302,0.4707,5783
CUST-0027,2026-03-03,Executive Reporting,88,106,0.8302,0.6805,7835
CUST-0027,2026-03-03,Collaboration,88,106,0.8302,0.8012,3078
CUST-0027,2026-04-02,Analytics,94,106,0.8868,0.6309,3117
CUST-0027,2026-04-02,Workflow Automation,94,106,0.8868,0.7483,5330
CUST-0027,2026-04-02,API Integration,94,106,0.8868,0.8573,8649
CUST-0027,2026-04-02,Executive Reporting,94,106,0.8868,0.6748,3922
CUST-0027,2026-04-02,Collaboration,94,106,0.8868,0.558,2615
CUST-0027,2026-05-02,Analytics,88,106,0.8302,0.4613,7032
CUST-0027,2026-05-02,Workflow Automation,88,106,0.8302,0.7264,2756
CUST-0027,2026-05-02,API Integration,88,106,0.8302,0.683,3041
CUST-0027,2026-05-02,Executive Reporting,88,106,0.8302,0.6117,8363
CUST-0027,2026-05-02,Collaboration,88,106,0.8302,0.6799,7413
CUST-0027,2026-06-01,Analytics,94,106,0.8868,0.4146,7274
CUST-0027,2026-06-01,Workflow Automation,94,106,0.8868,0.7127,8914
CUST-0027,2026-06-01,API Integration,94,106,0.8868,0.6466,1024
CUST-0027,2026-06-01,Executive Reporting,94,106,0.8868,0.8433,9836
CUST-0027,2026-06-01,Collaboration,94,106,0.8868,0.7071,7786
CUST-0027,2026-07-01,Analytics,94,106,0.8868,0.8312,10236
CUST-0027,2026-07-01,Workflow Automation,94,106,0.8868,0.6414,4032
CUST-0027,2026-07-01,API Integration,94,106,0.8868,0.8661,7341
CUST-0027,2026-07-01,Executive Reporting,94,106,0.8868,0.7843,5997
CUST-0027,2026-07-01,Collaboration,94,106,0.8868,0.5428,10236
CUST-0027,2026-07-31,Analytics,97,106,0.9151,0.584,4522
CUST-0027,2026-07-31,Workflow Automation,97,106,0.9151,0.6124,4199
CUST-0027,2026-07-31,API Integration,97,106,0.9151,0.8505,2153
CUST-0027,2026-07-31,Executive Reporting,97,106,0.9151,0.5058,8505
CUST-0027,2026-07-31,Collaboration,97,106,0.9151,0.5748,3660
CUST-0028,2025-09-04,Analytics,47,73,0.6438,0.6679,1175
CUST-0028,2025-09-04,Workflow Automation,47,73,0.6438,0.6359,2726
CUST-0028,2025-09-04,API Integration,47,73,0.6438,0.71,4606
CUST-0028,2025-09-04,Executive Reporting,47,73,0.6438,0.7924,2914
CUST-0028,2025-09-04,Collaboration,47,73,0.6438,0.5492,1363
CUST-0028,2025-10-04,Analytics,44,73,0.6027,0.672,1892
CUST-0028,2025-10-04,Workflow Automation,44,73,0.6027,0.8202,2816
CUST-0028,2025-10-04,API Integration,44,73,0.6027,0.6606,3872
CUST-0028,2025-10-04,Executive Reporting,44,73,0.6027,0.5016,4268
CUST-0028,2025-10-04,Collaboration,44,73,0.6027,0.5686,1584
CUST-0028,2025-11-03,Analytics,44,73,0.6027,0.7811,3124
CUST-0028,2025-11-03,Workflow Automation,44,73,0.6027,0.4483,3564
CUST-0028,2025-11-03,API Integration,44,73,0.6027,0.6552,1848
CUST-0028,2025-11-03,Executive Reporting,44,73,0.6027,0.8937,3652
CUST-0028,2025-11-03,Collaboration,44,73,0.6027,0.5394,4400
CUST-0028,2025-12-03,Analytics,44,73,0.6027,0.4259,4136
CUST-0028,2025-12-03,Workflow Automation,44,73,0.6027,0.4155,1716
CUST-0028,2025-12-03,API Integration,44,73,0.6027,0.5956,4356
CUST-0028,2025-12-03,Executive Reporting,44,73,0.6027,0.8721,968
CUST-0028,2025-12-03,Collaboration,44,73,0.6027,0.468,2684
CUST-0028,2026-01-02,Analytics,47,73,0.6438,0.7905,4136
CUST-0028,2026-01-02,Workflow Automation,47,73,0.6438,0.7334,4700
CUST-0028,2026-01-02,API Integration,47,73,0.6438,0.3786,2773
CUST-0028,2026-01-02,Executive Reporting,47,73,0.6438,0.8805,470
CUST-0028,2026-01-02,Collaboration,47,73,0.6438,0.7924,1316
CUST-0028,2026-02-01,Analytics,44,73,0.6027,0.6801,924
CUST-0028,2026-02-01,Workflow Automation,44,73,0.6027,0.3852,1672
CUST-0028,2026-02-01,API Integration,44,73,0.6027,0.554,3828
CUST-0028,2026-02-01,Executive Reporting,44,73,0.6027,0.3708,2596
CUST-0028,2026-02-01,Collaboration,44,73,0.6027,0.8619,2684
CUST-0028,2026-03-03,Analytics,45,73,0.6164,0.6366,3870
CUST-0028,2026-03-03,Workflow Automation,45,73,0.6164,0.3816,1440
CUST-0028,2026-03-03,API Integration,45,73,0.6164,0.7022,2970
CUST-0028,2026-03-03,Executive Reporting,45,73,0.6164,0.3559,4230
CUST-0028,2026-03-03,Collaboration,45,73,0.6164,0.8619,3420
CUST-0028,2026-04-02,Analytics,43,73,0.589,0.3685,3698
CUST-0028,2026-04-02,Workflow Automation,43,73,0.589,0.6308,4257
CUST-0028,2026-04-02,API Integration,43,73,0.589,0.4774,1333
CUST-0028,2026-04-02,Executive Reporting,43,73,0.589,0.7207,2408
CUST-0028,2026-04-02,Collaboration,43,73,0.589,0.4816,430
CUST-0028,2026-05-02,Analytics,43,73,0.589,0.354,1722
CUST-0028,2026-05-02,Workflow Automation,43,73,0.589,0.6931,2104
CUST-0028,2026-05-02,API Integration,43,73,0.589,0.6393,2334
CUST-0028,2026-05-02,Executive Reporting,43,73,0.589,0.5984,2908
CUST-0028,2026-05-02,Collaboration,43,73,0.589,0.319,3827
CUST-0028,2026-06-01,Analytics,32,73,0.4384,0.3117,1148
CUST-0028,2026-06-01,Workflow Automation,32,73,0.4384,0.5845,2021
CUST-0028,2026-06-01,API Integration,32,73,0.4384,0.6655,1347
CUST-0028,2026-06-01,Executive Reporting,32,73,0.4384,0.4221,1123
CUST-0028,2026-06-01,Collaboration,32,73,0.4384,0.3701,848
CUST-0028,2026-07-01,Analytics,29,73,0.3973,0.3834,194
CUST-0028,2026-07-01,Workflow Automation,29,73,0.3973,0.3307,1204
CUST-0028,2026-07-01,API Integration,29,73,0.3973,0.421,1573
CUST-0028,2026-07-01,Executive Reporting,29,73,0.3973,0.2612,913
CUST-0028,2026-07-01,Collaboration,29,73,0.3973,0.3598,466
CUST-0028,2026-07-31,Analytics,26,73,0.3562,0.4907,1135
CUST-0028,2026-07-31,Workflow Automation,26,73,0.3562,0.4464,1208
CUST-0028,2026-07-31,API Integration,26,73,0.3562,0.273,960
CUST-0028,2026-07-31,Executive Reporting,26,73,0.3562,0.4935,1193
CUST-0028,2026-07-31,Collaboration,26,73,0.3562,0.345,596
CUST-0029,2025-09-04,Analytics,384,687,0.559,0.6034,32640
CUST-0029,2025-09-04,Workflow Automation,384,687,0.559,0.8241,27264
CUST-0029,2025-09-04,API Integration,384,687,0.559,0.4139,6912
CUST-0029,2025-09-04,Executive Reporting,384,687,0.559,0.5605,14592
CUST-0029,2025-09-04,Collaboration,384,687,0.559,0.7223,14976
CUST-0029,2025-10-04,Analytics,409,687,0.5953,0.5768,22719
CUST-0029,2025-10-04,Workflow Automation,409,687,0.5953,0.6341,4543
CUST-0029,2025-10-04,API Integration,409,687,0.5953,0.7355,17762
CUST-0029,2025-10-04,Executive Reporting,409,687,0.5953,0.4865,8674
CUST-0029,2025-10-04,Collaboration,409,687,0.5953,0.5694,21893
CUST-0029,2025-11-03,Analytics,367,687,0.5342,0.8623,26203
CUST-0029,2025-11-03,Workflow Automation,367,687,0.5342,0.5226,13850
CUST-0029,2025-11-03,API Integration,367,687,0.5342,0.8419,16470
CUST-0029,2025-11-03,Executive Reporting,367,687,0.5342,0.4505,36310
CUST-0029,2025-11-03,Collaboration,367,687,0.5342,0.8616,12727
CUST-0029,2025-12-03,Analytics,398,687,0.5793,0.4598,16397
CUST-0029,2025-12-03,Workflow Automation,398,687,0.5793,0.83,14757
CUST-0029,2025-12-03,API Integration,398,687,0.5793,0.4761,16807
CUST-0029,2025-12-03,Executive Reporting,398,687,0.5793,0.81,22546
CUST-0029,2025-12-03,Collaboration,398,687,0.5793,0.4358,9428
CUST-0029,2026-01-02,Analytics,378,687,0.5502,0.3932,36953
CUST-0029,2026-01-02,Workflow Automation,378,687,0.5502,0.621,3931
CUST-0029,2026-01-02,API Integration,378,687,0.5502,0.7703,31056
CUST-0029,2026-01-02,Executive Reporting,378,687,0.5502,0.8769,27911
CUST-0029,2026-01-02,Collaboration,378,687,0.5502,0.5542,19656
CUST-0029,2026-02-01,Analytics,405,687,0.5895,0.8919,35295
CUST-0029,2026-02-01,Workflow Automation,405,687,0.5895,0.8278,30618
CUST-0029,2026-02-01,API Integration,405,687,0.5895,0.4506,31893
CUST-0029,2026-02-01,Executive Reporting,405,687,0.5895,0.5041,16159
CUST-0029,2026-02-01,Collaboration,405,687,0.5895,0.7626,11056
CUST-0029,2026-03-03,Analytics,380,687,0.5531,0.7896,28598
CUST-0029,2026-03-03,Workflow Automation,380,687,0.5531,0.8668,5639
CUST-0029,2026-03-03,API Integration,380,687,0.5531,0.6264,24168
CUST-0029,2026-03-03,Executive Reporting,380,687,0.5531,0.8232,12889
CUST-0029,2026-03-03,Collaboration,380,687,0.5531,0.6015,10070
CUST-0029,2026-04-02,Analytics,427,687,0.6215,0.603,44775
CUST-0029,2026-04-02,Workflow Automation,427,687,0.6215,0.3546,43861
CUST-0029,2026-04-02,API Integration,427,687,0.6215,0.4659,38378
CUST-0029,2026-04-02,Executive Reporting,427,687,0.6215,0.4054,25585
CUST-0029,2026-04-02,Collaboration,427,687,0.6215,0.687,19646
CUST-0029,2026-05-02,Analytics,397,687,0.5779,0.4946,18865
CUST-0029,2026-05-02,Workflow Automation,397,687,0.5779,0.6092,37730
CUST-0029,2026-05-02,API Integration,397,687,0.5779,0.5387,14149
CUST-0029,2026-05-02,Executive Reporting,397,687,0.5779,0.6243,15435
CUST-0029,2026-05-02,Collaboration,397,687,0.5779,0.5805,24439
CUST-0029,2026-06-01,Analytics,412,687,0.5997,0.5703,30088
CUST-0029,2026-06-01,Workflow Automation,412,687,0.5997,0.4489,11676
CUST-0029,2026-06-01,API Integration,412,687,0.5997,0.8886,43560
CUST-0029,2026-06-01,Executive Reporting,412,687,0.5997,0.4757,9879
CUST-0029,2026-06-01,Collaboration,412,687,0.5997,0.7464,17963
CUST-0029,2026-07-01,Analytics,429,687,0.6245,0.821,16516
CUST-0029,2026-07-01,Workflow Automation,429,687,0.6245,0.4302,13685
CUST-0029,2026-07-01,API Integration,429,687,0.6245,0.6101,5190
CUST-0029,2026-07-01,Executive Reporting,429,687,0.6245,0.4471,34448
CUST-0029,2026-07-01,Collaboration,429,687,0.6245,0.424,42471
CUST-0029,2026-07-31,Analytics,430,687,0.6259,0.7463,34365
CUST-0029,2026-07-31,Workflow Automation,430,687,0.6259,0.515,38661
CUST-0029,2026-07-31,API Integration,430,687,0.6259,0.8222,7636
CUST-0029,2026-07-31,Executive Reporting,430,687,0.6259,0.5691,46775
CUST-0029,2026-07-31,Collaboration,430,687,0.6259,0.4398,17660
CUST-0030,2025-09-04,Analytics,306,445,0.6876,0.5974,15912
CUST-0030,2025-09-04,Workflow Automation,306,445,0.6876,0.4929,17136
CUST-0030,2025-09-04,API Integration,306,445,0.6876,0.6582,12852
CUST-0030,2025-09-04,Executive Reporting,306,445,0.6876,0.5393,18972
CUST-0030,2025-09-04,Collaboration,306,445,0.6876,0.4167,29376
CUST-0030,2025-10-04,Analytics,325,445,0.7303,0.4594,27244
CUST-0030,2025-10-04,Workflow Automation,325,445,0.7303,0.7074,25603
CUST-0030,2025-10-04,API Integration,325,445,0.7303,0.446,15099
CUST-0030,2025-10-04,Executive Reporting,325,445,0.7303,0.5453,31512
CUST-0030,2025-10-04,Collaboration,325,445,0.7303,0.6307,21992
CUST-0030,2025-11-03,Analytics,325,445,0.7303,0.5596,15249
CUST-0030,2025-11-03,Workflow Automation,325,445,0.7303,0.6051,9282
CUST-0030,2025-11-03,API Integration,325,445,0.7303,0.8275,30166
CUST-0030,2025-11-03,Executive Reporting,325,445,0.7303,0.7942,17569
CUST-0030,2025-11-03,Collaboration,325,445,0.7303,0.582,29172
CUST-0030,2025-12-03,Analytics,312,445,0.7011,0.8169,6105
CUST-0030,2025-12-03,Workflow Automation,312,445,0.7011,0.3935,17032
CUST-0030,2025-12-03,API Integration,312,445,0.7011,0.4755,16068
CUST-0030,2025-12-03,Executive Reporting,312,445,0.7011,0.7092,32136
CUST-0030,2025-12-03,Collaboration,312,445,0.7011,0.4971,29565
CUST-0030,2026-01-02,Analytics,306,445,0.6876,0.8382,17821
CUST-0030,2026-01-02,Workflow Automation,306,445,0.6876,0.7613,24186
CUST-0030,2026-01-02,API Integration,306,445,0.6876,0.881,19730
CUST-0030,2026-01-02,Executive Reporting,306,445,0.6876,0.442,3818
CUST-0030,2026-01-02,Collaboration,306,445,0.6876,0.4188,12729
CUST-0030,2026-02-01,Analytics,323,445,0.7258,0.8672,33575
CUST-0030,2026-02-01,Workflow Automation,323,445,0.7258,0.7624,12209
CUST-0030,2026-02-01,API Integration,323,445,0.7258,0.4418,7800
CUST-0030,2026-02-01,Executive Reporting,323,445,0.7258,0.4026,23740
CUST-0030,2026-02-01,Collaboration,323,445,0.7258,0.6516,4408
CUST-0030,2026-03-03,Analytics,331,445,0.7438,0.6382,7017
CUST-0030,2026-03-03,Workflow Automation,331,445,0.7438,0.4072,31226
CUST-0030,2026-03-03,API Integration,331,445,0.7438,0.4354,32629
CUST-0030,2026-03-03,Executive Reporting,331,445,0.7438,0.8624,20700
CUST-0030,2026-03-03,Collaboration,331,445,0.7438,0.5202,14385
CUST-0030,2026-04-02,Analytics,333,445,0.7483,0.5937,9264
CUST-0030,2026-04-02,Workflow Automation,333,445,0.7483,0.4222,11045
CUST-0030,2026-04-02,API Integration,333,445,0.7483,0.3657,33493
CUST-0030,2026-04-02,Executive Reporting,333,445,0.7483,0.5463,18171
CUST-0030,2026-04-02,Collaboration,333,445,0.7483,0.8253,24585
CUST-0030,2026-05-02,Analytics,348,445,0.782,0.6473,16536
CUST-0030,2026-05-02,Workflow Automation,348,445,0.782,0.6517,10147
CUST-0030,2026-05-02,API Integration,348,445,0.782,0.8832,37208
CUST-0030,2026-05-02,Executive Reporting,348,445,0.782,0.6466,31946
CUST-0030,2026-05-02,Collaboration,348,445,0.782,0.6787,33825
CUST-0030,2026-06-01,Analytics,340,445,0.764,0.8325,24089
CUST-0030,2026-06-01,Workflow Automation,340,445,0.764,0.6379,33724
CUST-0030,2026-06-01,API Integration,340,445,0.764,0.6436,20012
CUST-0030,2026-06-01,Executive Reporting,340,445,0.764,0.6149,14453
CUST-0030,2026-06-01,Collaboration,340,445,0.764,0.7926,24459
CUST-0030,2026-07-01,Analytics,319,445,0.7169,0.5767,10176
CUST-0030,2026-07-01,Workflow Automation,319,445,0.7169,0.517,3509
CUST-0030,2026-07-01,API Integration,319,445,0.7169,0.6378,9474
CUST-0030,2026-07-01,Executive Reporting,319,445,0.7169,0.5391,24563
CUST-0030,2026-07-01,Collaboration,319,445,0.7169,0.6443,34388
CUST-0030,2026-07-31,Analytics,355,445,0.7978,0.8708,27977
CUST-0030,2026-07-31,Workflow Automation,355,445,0.7978,0.5148,25613
CUST-0030,2026-07-31,API Integration,355,445,0.7978,0.7889,33888
CUST-0030,2026-07-31,Executive Reporting,355,445,0.7978,0.4772,3940
CUST-0030,2026-07-31,Collaboration,355,445,0.7978,0.6515,13397
CUST-0031,2025-09-04,Analytics,456,797,0.5721,0.4874,41952
CUST-0031,2025-09-04,Workflow Automation,456,797,0.5721,0.5643,26448
CUST-0031,2025-09-04,API Integration,456,797,0.5721,0.4713,9120
CUST-0031,2025-09-04,Executive Reporting,456,797,0.5721,0.5822,18240
CUST-0031,2025-09-04,Collaboration,456,797,0.5721,0.6341,40128
CUST-0031,2025-10-04,Analytics,483,797,0.606,0.7266,22218
CUST-0031,2025-10-04,Workflow Automation,483,797,0.606,0.7067,37674
CUST-0031,2025-10-04,API Integration,483,797,0.606,0.7948,29946
CUST-0031,2025-10-04,Executive Reporting,483,797,0.606,0.4534,8694
CUST-0031,2025-10-04,Collaboration,483,797,0.606,0.4503,22701
CUST-0031,2025-11-03,Analytics,432,797,0.542,0.6004,28944
CUST-0031,2025-11-03,Workflow Automation,432,797,0.542,0.4997,38448
CUST-0031,2025-11-03,API Integration,432,797,0.542,0.6206,22032
CUST-0031,2025-11-03,Executive Reporting,432,797,0.542,0.3607,6912
CUST-0031,2025-11-03,Collaboration,432,797,0.542,0.8833,5184
CUST-0031,2025-12-03,Analytics,437,797,0.5483,0.4063,19228
CUST-0031,2025-12-03,Workflow Automation,437,797,0.5483,0.4188,28842
CUST-0031,2025-12-03,API Integration,437,797,0.5483,0.7499,17043
CUST-0031,2025-12-03,Executive Reporting,437,797,0.5483,0.3996,4807
CUST-0031,2025-12-03,Collaboration,437,797,0.5483,0.6215,23161
CUST-0031,2026-01-02,Analytics,455,797,0.5709,0.7821,33215
CUST-0031,2026-01-02,Workflow Automation,455,797,0.5709,0.8989,31395
CUST-0031,2026-01-02,API Integration,455,797,0.5709,0.7333,6370
CUST-0031,2026-01-02,Executive Reporting,455,797,0.5709,0.5316,12740
CUST-0031,2026-01-02,Collaboration,455,797,0.5709,0.3808,27300
CUST-0031,2026-02-01,Analytics,429,797,0.5383,0.6086,14586
CUST-0031,2026-02-01,Workflow Automation,429,797,0.5383,0.8426,18018
CUST-0031,2026-02-01,API Integration,429,797,0.5383,0.7995,4719
CUST-0031,2026-02-01,Executive Reporting,429,797,0.5383,0.4171,17589
CUST-0031,2026-02-01,Collaboration,429,797,0.5383,0.5616,28314
CUST-0031,2026-03-03,Analytics,442,797,0.5546,0.897,15470
CUST-0031,2026-03-03,Workflow Automation,442,797,0.5546,0.6035,9724
CUST-0031,2026-03-03,API Integration,442,797,0.5546,0.6366,15912
CUST-0031,2026-03-03,Executive Reporting,442,797,0.5546,0.6101,42874
CUST-0031,2026-03-03,Collaboration,442,797,0.5546,0.8787,22542
CUST-0031,2026-04-02,Analytics,435,797,0.5458,0.7505,34800
CUST-0031,2026-04-02,Workflow Automation,435,797,0.5458,0.6365,18270
CUST-0031,2026-04-02,API Integration,435,797,0.5458,0.6147,20880
CUST-0031,2026-04-02,Executive Reporting,435,797,0.5458,0.4593,6960
CUST-0031,2026-04-02,Collaboration,435,797,0.5458,0.825,16095
CUST-0031,2026-05-02,Analytics,441,797,0.5533,0.427,25511
CUST-0031,2026-05-02,Workflow Automation,441,797,0.5533,0.4703,12167
CUST-0031,2026-05-02,API Integration,441,797,0.5533,0.7004,32969
CUST-0031,2026-05-02,Executive Reporting,441,797,0.5533,0.3701,16092
CUST-0031,2026-05-02,Collaboration,441,797,0.5533,0.3159,5887
CUST-0031,2026-06-01,Analytics,364,797,0.4567,0.5693,27824
CUST-0031,2026-06-01,Workflow Automation,364,797,0.4567,0.5288,16183
CUST-0031,2026-06-01,API Integration,364,797,0.4567,0.6037,11640
CUST-0031,2026-06-01,Executive Reporting,364,797,0.4567,0.3407,5962
CUST-0031,2026-06-01,Collaboration,364,797,0.4567,0.5673,15047
CUST-0031,2026-07-01,Analytics,330,797,0.4141,0.6019,19898
CUST-0031,2026-07-01,Workflow Automation,330,797,0.4141,0.2566,12160
CUST-0031,2026-07-01,API Integration,330,797,0.4141,0.472,21888
CUST-0031,2026-07-01,Executive Reporting,330,797,0.4141,0.4321,5085
CUST-0031,2026-07-01,Collaboration,330,797,0.4141,0.2809,8622
CUST-0031,2026-07-31,Analytics,250,797,0.3137,0.368,12880
CUST-0031,2026-07-31,Workflow Automation,250,797,0.3137,0.4291,9240
CUST-0031,2026-07-31,API Integration,250,797,0.3137,0.4218,1680
CUST-0031,2026-07-31,Executive Reporting,250,797,0.3137,0.4083,7700
CUST-0031,2026-07-31,Collaboration,250,797,0.3137,0.4191,5880
CUST-0032,2025-09-04,Analytics,79,119,0.6639,0.5121,7821
CUST-0032,2025-09-04,Workflow Automation,79,119,0.6639,0.6196,6478
CUST-0032,2025-09-04,API Integration,79,119,0.6639,0.4526,4266
CUST-0032,2025-09-04,Executive Reporting,79,119,0.6639,0.528,5451
CUST-0032,2025-09-04,Collaboration,79,119,0.6639,0.5014,6794
CUST-0032,2025-10-04,Analytics,85,119,0.7143,0.655,1530
CUST-0032,2025-10-04,Workflow Automation,85,119,0.7143,0.6421,5695
CUST-0032,2025-10-04,API Integration,85,119,0.7143,0.5126,3655
CUST-0032,2025-10-04,Executive Reporting,85,119,0.7143,0.6479,5780
CUST-0032,2025-10-04,Collaboration,85,119,0.7143,0.3504,7735
CUST-0032,2025-11-03,Analytics,80,119,0.6723,0.7535,960
CUST-0032,2025-11-03,Workflow Automation,80,119,0.6723,0.6909,4480
CUST-0032,2025-11-03,API Integration,80,119,0.6723,0.7768,3200
CUST-0032,2025-11-03,Executive Reporting,80,119,0.6723,0.5264,1440
CUST-0032,2025-11-03,Collaboration,80,119,0.6723,0.7121,6240
CUST-0032,2025-12-03,Analytics,84,119,0.7059,0.4544,8148
CUST-0032,2025-12-03,Workflow Automation,84,119,0.7059,0.6237,6720
CUST-0032,2025-12-03,API Integration,84,119,0.7059,0.4348,3864
CUST-0032,2025-12-03,Executive Reporting,84,119,0.7059,0.5274,7728
CUST-0032,2025-12-03,Collaboration,84,119,0.7059,0.5271,1848
CUST-0032,2026-01-02,Analytics,80,119,0.6723,0.3867,2080
CUST-0032,2026-01-02,Workflow Automation,80,119,0.6723,0.4483,1120
CUST-0032,2026-01-02,API Integration,80,119,0.6723,0.4611,5760
CUST-0032,2026-01-02,Executive Reporting,80,119,0.6723,0.4554,1120
CUST-0032,2026-01-02,Collaboration,80,119,0.6723,0.6641,4720
CUST-0032,2026-02-01,Analytics,82,119,0.6891,0.6392,8118
CUST-0032,2026-02-01,Workflow Automation,82,119,0.6891,0.6747,1312
CUST-0032,2026-02-01,API Integration,82,119,0.6891,0.5515,7134
CUST-0032,2026-02-01,Executive Reporting,82,119,0.6891,0.7448,902
CUST-0032,2026-02-01,Collaboration,82,119,0.6891,0.8616,2952
CUST-0032,2026-03-03,Analytics,81,119,0.6807,0.8606,1620
CUST-0032,2026-03-03,Workflow Automation,81,119,0.6807,0.6074,7371
CUST-0032,2026-03-03,API Integration,81,119,0.6807,0.3834,6561
CUST-0032,2026-03-03,Executive Reporting,81,119,0.6807,0.7589,5103
CUST-0032,2026-03-03,Collaboration,81,119,0.6807,0.8021,8100
CUST-0032,2026-04-02,Analytics,74,119,0.6218,0.6893,5698
CUST-0032,2026-04-02,Workflow Automation,74,119,0.6218,0.3724,1406
CUST-0032,2026-04-02,API Integration,74,119,0.6218,0.809,1406
CUST-0032,2026-04-02,Executive Reporting,74,119,0.6218,0.8695,5624
CUST-0032,2026-04-02,Collaboration,74,119,0.6218,0.4034,2886
CUST-0032,2026-05-02,Analytics,80,119,0.6723,0.4542,6160
CUST-0032,2026-05-02,Workflow Automation,80,119,0.6723,0.7113,6560
CUST-0032,2026-05-02,API Integration,80,119,0.6723,0.6939,2560
CUST-0032,2026-05-02,Executive Reporting,80,119,0.6723,0.6571,6480
CUST-0032,2026-05-02,Collaboration,80,119,0.6723,0.5784,1840
CUST-0032,2026-06-01,Analytics,83,119,0.6975,0.6671,7968
CUST-0032,2026-06-01,Workflow Automation,83,119,0.6975,0.6023,7885
CUST-0032,2026-06-01,API Integration,83,119,0.6975,0.5849,1909
CUST-0032,2026-06-01,Executive Reporting,83,119,0.6975,0.4417,2739
CUST-0032,2026-06-01,Collaboration,83,119,0.6975,0.6525,6142
CUST-0032,2026-07-01,Analytics,45,119,0.3782,0.437,2244
CUST-0032,2026-07-01,Workflow Automation,45,119,0.3782,0.5937,1435
CUST-0032,2026-07-01,API Integration,45,119,0.3782,0.8464,2088
CUST-0032,2026-07-01,Executive Reporting,45,119,0.3782,0.8953,1331
CUST-0032,2026-07-01,Collaboration,45,119,0.3782,0.8147,1618
CUST-0032,2026-07-31,Analytics,48,119,0.4034,0.5868,1419
CUST-0032,2026-07-31,Workflow Automation,48,119,0.4034,0.6846,2282
CUST-0032,2026-07-31,API Integration,48,119,0.4034,0.6501,1614
CUST-0032,2026-07-31,Executive Reporting,48,119,0.4034,0.7711,1169
CUST-0032,2026-07-31,Collaboration,48,119,0.4034,0.548,1865
CUST-0033,2025-09-04,Analytics,458,884,0.5181,0.3691,21068
CUST-0033,2025-09-04,Workflow Automation,458,884,0.5181,0.6777,34808
CUST-0033,2025-09-04,API Integration,458,884,0.5181,0.4243,21984
CUST-0033,2025-09-04,Executive Reporting,458,884,0.5181,0.3536,17404
CUST-0033,2025-09-04,Collaboration,458,884,0.5181,0.4682,22900
CUST-0033,2025-10-04,Analytics,459,884,0.5192,0.8021,44982
CUST-0033,2025-10-04,Workflow Automation,459,884,0.5192,0.8023,36720
CUST-0033,2025-10-04,API Integration,459,884,0.5192,0.6312,38097
CUST-0033,2025-10-04,Executive Reporting,459,884,0.5192,0.8593,13311
CUST-0033,2025-10-04,Collaboration,459,884,0.5192,0.4019,31212
CUST-0033,2025-11-03,Analytics,486,884,0.5498,0.4261,27216
CUST-0033,2025-11-03,Workflow Automation,486,884,0.5498,0.8393,19926
CUST-0033,2025-11-03,API Integration,486,884,0.5498,0.4781,23328
CUST-0033,2025-11-03,Executive Reporting,486,884,0.5498,0.4005,29646
CUST-0033,2025-11-03,Collaboration,486,884,0.5498,0.663,17982
CUST-0033,2025-12-03,Analytics,516,884,0.5837,0.748,36636
CUST-0033,2025-12-03,Workflow Automation,516,884,0.5837,0.4451,50568
CUST-0033,2025-12-03,API Integration,516,884,0.5837,0.7366,11352
CUST-0033,2025-12-03,Executive Reporting,516,884,0.5837,0.6774,24768
CUST-0033,2025-12-03,Collaboration,516,884,0.5837,0.3706,42828
CUST-0033,2026-01-02,Analytics,488,884,0.552,0.7791,25376
CUST-0033,2026-01-02,Workflow Automation,488,884,0.552,0.5414,31720
CUST-0033,2026-01-02,API Integration,488,884,0.552,0.5791,12200
CUST-0033,2026-01-02,Executive Reporting,488,884,0.552,0.8284,19032
CUST-0033,2026-01-02,Collaboration,488,884,0.552,0.7612,42456
CUST-0033,2026-02-01,Analytics,532,884,0.6018,0.6986,47880
CUST-0033,2026-02-01,Workflow Automation,532,884,0.6018,0.5604,26068
CUST-0033,2026-02-01,API Integration,532,884,0.6018,0.6384,26600
CUST-0033,2026-02-01,Executive Reporting,532,884,0.6018,0.647,15428
CUST-0033,2026-02-01,Collaboration,532,884,0.6018,0.5298,52668
CUST-0033,2026-03-03,Analytics,475,884,0.5373,0.3778,28500
CUST-0033,2026-03-03,Workflow Automation,475,884,0.5373,0.8841,40850
CUST-0033,2026-03-03,API Integration,475,884,0.5373,0.6664,9975
CUST-0033,2026-03-03,Executive Reporting,475,884,0.5373,0.4721,22325
CUST-0033,2026-03-03,Collaboration,475,884,0.5373,0.7825,13300
CUST-0033,2026-04-02,Analytics,468,884,0.5294,0.3954,38844
CUST-0033,2026-04-02,Workflow Automation,468,884,0.5294,0.7599,37440
CUST-0033,2026-04-02,API Integration,468,884,0.5294,0.5696,9360
CUST-0033,2026-04-02,Executive Reporting,468,884,0.5294,0.5692,30420
CUST-0033,2026-04-02,Collaboration,468,884,0.5294,0.7756,12168
CUST-0033,2026-05-02,Analytics,461,884,0.5215,0.5469,14360
CUST-0033,2026-05-02,Workflow Automation,461,884,0.5215,0.5503,38156
CUST-0033,2026-05-02,API Integration,461,884,0.5215,0.5912,33233
CUST-0033,2026-05-02,Executive Reporting,461,884,0.5215,0.613,31592
CUST-0033,2026-05-02,Collaboration,461,884,0.5215,0.432,7795
CUST-0033,2026-06-01,Analytics,373,884,0.4219,0.4575,28221
CUST-0033,2026-06-01,Workflow Automation,373,884,0.4219,0.6695,6109
CUST-0033,2026-06-01,API Integration,373,884,0.4219,0.3213,18038
CUST-0033,2026-06-01,Executive Reporting,373,884,0.4219,0.4547,15710
CUST-0033,2026-06-01,Collaboration,373,884,0.4219,0.3547,15710
CUST-0033,2026-07-01,Analytics,338,884,0.3824,0.2434,11096
CUST-0033,2026-07-01,Workflow Automation,338,884,0.3824,0.2969,12228
CUST-0033,2026-07-01,API Integration,338,884,0.3824,0.4616,14946
CUST-0033,2026-07-01,Executive Reporting,338,884,0.3824,0.4641,14946
CUST-0033,2026-07-01,Collaboration,338,884,0.3824,0.251,8831
CUST-0033,2026-07-31,Analytics,265,884,0.2998,0.3111,2968
CUST-0033,2026-07-31,Workflow Automation,265,884,0.2998,0.2306,2374
CUST-0033,2026-07-31,API Integration,265,884,0.2998,0.2709,13207
CUST-0033,2026-07-31,Executive Reporting,265,884,0.2998,0.4814,6826
CUST-0033,2026-07-31,Collaboration,265,884,0.2998,0.2002,14543
CUST-0034,2025-09-04,Analytics,152,211,0.7204,0.5325,11856
CUST-0034,2025-09-04,Workflow Automation,152,211,0.7204,0.4665,12008
CUST-0034,2025-09-04,API Integration,152,211,0.7204,0.6378,6536
CUST-0034,2025-09-04,Executive Reporting,152,211,0.7204,0.6518,13528
CUST-0034,2025-09-04,Collaboration,152,211,0.7204,0.7515,4256
CUST-0034,2025-10-04,Analytics,157,211,0.7441,0.7175,9106
CUST-0034,2025-10-04,Workflow Automation,157,211,0.7441,0.6707,14758
CUST-0034,2025-10-04,API Integration,157,211,0.7441,0.6397,6594
CUST-0034,2025-10-04,Executive Reporting,157,211,0.7441,0.4437,7222
CUST-0034,2025-10-04,Collaboration,157,211,0.7441,0.4604,15543
CUST-0034,2025-11-03,Analytics,155,211,0.7346,0.3792,14415
CUST-0034,2025-11-03,Workflow Automation,155,211,0.7346,0.8698,2790
CUST-0034,2025-11-03,API Integration,155,211,0.7346,0.5638,6820
CUST-0034,2025-11-03,Executive Reporting,155,211,0.7346,0.7146,14570
CUST-0034,2025-11-03,Collaboration,155,211,0.7346,0.5481,3565
CUST-0034,2025-12-03,Analytics,141,211,0.6682,0.8271,13113
CUST-0034,2025-12-03,Workflow Automation,141,211,0.6682,0.5626,8178
CUST-0034,2025-12-03,API Integration,141,211,0.6682,0.6297,14100
CUST-0034,2025-12-03,Executive Reporting,141,211,0.6682,0.4048,7050
CUST-0034,2025-12-03,Collaboration,141,211,0.6682,0.6166,12126
CUST-0034,2026-01-02,Analytics,153,211,0.7251,0.4525,11322
CUST-0034,2026-01-02,Workflow Automation,153,211,0.7251,0.8817,12393
CUST-0034,2026-01-02,API Integration,153,211,0.7251,0.8595,1836
CUST-0034,2026-01-02,Executive Reporting,153,211,0.7251,0.3719,11781
CUST-0034,2026-01-02,Collaboration,153,211,0.7251,0.5177,11016
CUST-0034,2026-02-01,Analytics,150,211,0.7109,0.4364,8100
CUST-0034,2026-02-01,Workflow Automation,150,211,0.7109,0.7264,8250
CUST-0034,2026-02-01,API Integration,150,211,0.7109,0.6939,6000
CUST-0034,2026-02-01,Executive Reporting,150,211,0.7109,0.8978,11100
CUST-0034,2026-02-01,Collaboration,150,211,0.7109,0.5017,2550
CUST-0034,2026-03-03,Analytics,156,211,0.7393,0.8333,2028
CUST-0034,2026-03-03,Workflow Automation,156,211,0.7393,0.8693,7020
CUST-0034,2026-03-03,API Integration,156,211,0.7393,0.4741,8268
CUST-0034,2026-03-03,Executive Reporting,156,211,0.7393,0.8434,14664
CUST-0034,2026-03-03,Collaboration,156,211,0.7393,0.4255,9048
CUST-0034,2026-04-02,Analytics,153,211,0.7251,0.7229,13770
CUST-0034,2026-04-02,Workflow Automation,153,211,0.7251,0.7276,9639
CUST-0034,2026-04-02,API Integration,153,211,0.7251,0.4822,4437
CUST-0034,2026-04-02,Executive Reporting,153,211,0.7251,0.5846,7497
CUST-0034,2026-04-02,Collaboration,153,211,0.7251,0.8504,7956
CUST-0034,2026-05-02,Analytics,151,211,0.7156,0.4225,14043
CUST-0034,2026-05-02,Workflow Automation,151,211,0.7156,0.4262,11929
CUST-0034,2026-05-02,API Integration,151,211,0.7156,0.7262,5285
CUST-0034,2026-05-02,Executive Reporting,151,211,0.7156,0.8244,7399
CUST-0034,2026-05-02,Collaboration,151,211,0.7156,0.7287,11627
CUST-0034,2026-06-01,Analytics,163,211,0.7725,0.5865,4564
CUST-0034,2026-06-01,Workflow Automation,163,211,0.7725,0.7109,13366
CUST-0034,2026-06-01,API Integration,163,211,0.7725,0.8544,8150
CUST-0034,2026-06-01,Executive Reporting,163,211,0.7725,0.3873,12714
CUST-0034,2026-06-01,Collaboration,163,211,0.7725,0.8717,4075
CUST-0034,2026-07-01,Analytics,145,211,0.6872,0.8117,4060
CUST-0034,2026-07-01,Workflow Automation,145,211,0.6872,0.7499,7250
CUST-0034,2026-07-01,API Integration,145,211,0.6872,0.8341,8990
CUST-0034,2026-07-01,Executive Reporting,145,211,0.6872,0.8787,6960
CUST-0034,2026-07-01,Collaboration,145,211,0.6872,0.5937,13195
CUST-0034,2026-07-31,Analytics,163,211,0.7725,0.5006,5542
CUST-0034,2026-07-31,Workflow Automation,163,211,0.7725,0.4087,5379
CUST-0034,2026-07-31,API Integration,163,211,0.7725,0.3644,14344
CUST-0034,2026-07-31,Executive Reporting,163,211,0.7725,0.6893,14181
CUST-0034,2026-07-31,Collaboration,163,211,0.7725,0.6619,6357
CUST-0035,2025-09-04,Analytics,255,370,0.6892,0.3937,18105
CUST-0035,2025-09-04,Workflow Automation,255,370,0.6892,0.4237,22185
CUST-0035,2025-09-04,API Integration,255,370,0.6892,0.6078,23715
CUST-0035,2025-09-04,Executive Reporting,255,370,0.6892,0.5557,15045
CUST-0035,2025-09-04,Collaboration,255,370,0.6892,0.6203,6885
CUST-0035,2025-10-04,Analytics,264,370,0.7135,0.4745,16531
CUST-0035,2025-10-04,Workflow Automation,264,370,0.7135,0.7705,2933
CUST-0035,2025-10-04,API Integration,264,370,0.7135,0.859,16531
CUST-0035,2025-10-04,Executive Reporting,264,370,0.7135,0.4724,25330
CUST-0035,2025-10-04,Collaboration,264,370,0.7135,0.8935,9599
CUST-0035,2025-11-03,Analytics,262,370,0.7081,0.8599,17637
CUST-0035,2025-11-03,Workflow Automation,262,370,0.7081,0.8269,19241
CUST-0035,2025-11-03,API Integration,262,370,0.7081,0.7283,18172
CUST-0035,2025-11-03,Executive Reporting,262,370,0.7081,0.8382,17103
CUST-0035,2025-11-03,Collaboration,262,370,0.7081,0.5727,4008
CUST-0035,2025-12-03,Analytics,290,370,0.7838,0.8034,14935
CUST-0035,2025-12-03,Workflow Automation,290,370,0.7838,0.5668,24792
CUST-0035,2025-12-03,API Integration,290,370,0.7838,0.6766,22999
CUST-0035,2025-12-03,Executive Reporting,290,370,0.7838,0.7028,29870
CUST-0035,2025-12-03,Collaboration,290,370,0.7838,0.7828,22701
CUST-0035,2026-01-02,Analytics,270,370,0.7297,0.6013,4212
CUST-0035,2026-01-02,Workflow Automation,270,370,0.7297,0.8328,11512
CUST-0035,2026-01-02,API Integration,270,370,0.7297,0.6353,16848
CUST-0035,2026-01-02,Executive Reporting,270,370,0.7297,0.8911,4212
CUST-0035,2026-01-02,Collaboration,270,370,0.7297,0.6567,21340
CUST-0035,2026-02-01,Analytics,303,370,0.8189,0.8794,10817
CUST-0035,2026-02-01,Workflow Automation,303,370,0.8189,0.5101,19089
CUST-0035,2026-02-01,API Integration,303,370,0.8189,0.8364,14634
CUST-0035,2026-02-01,Executive Reporting,303,370,0.8189,0.6037,20361
CUST-0035,2026-02-01,Collaboration,303,370,0.8189,0.5119,5090
CUST-0035,2026-03-03,Analytics,302,370,0.8162,0.847,22088
CUST-0035,2026-03-03,Workflow Automation,302,370,0.8162,0.8064,21448
CUST-0035,2026-03-03,API Integration,302,370,0.8162,0.3997,23688
CUST-0035,2026-03-03,Executive Reporting,302,370,0.8162,0.4122,26890
CUST-0035,2026-03-03,Collaboration,302,370,0.8162,0.8658,31691
CUST-0035,2026-04-02,Analytics,298,370,0.8054,0.5662,16261
CUST-0035,2026-04-02,Workflow Automation,298,370,0.8054,0.598,10203
CUST-0035,2026-04-02,API Integration,298,370,0.8054,0.5995,11160
CUST-0035,2026-04-02,Executive Reporting,298,370,0.8054,0.8354,6696
CUST-0035,2026-04-02,Collaboration,298,370,0.8054,0.4875,31248
CUST-0035,2026-05-02,Analytics,306,370,0.827,0.7413,9914
CUST-0035,2026-05-02,Workflow Automation,306,370,0.827,0.7451,8262
CUST-0035,2026-05-02,API Integration,306,370,0.827,0.4002,33048
CUST-0035,2026-05-02,Executive Reporting,306,370,0.827,0.5972,18506
CUST-0035,2026-05-02,Collaboration,306,370,0.827,0.3969,33048
CUST-0035,2026-06-01,Analytics,296,370,0.8,0.7851,24198
CUST-0035,2026-06-01,Workflow Automation,296,370,0.8,0.6866,9679
CUST-0035,2026-06-01,API Integration,296,370,0.8,0.5583,18713
CUST-0035,2026-06-01,Executive Reporting,296,370,0.8,0.3741,10001
CUST-0035,2026-06-01,Collaboration,296,370,0.8,0.8517,26456
CUST-0035,2026-07-01,Analytics,322,370,0.8703,0.8245,10626
CUST-0035,2026-07-01,Workflow Automation,322,370,0.8703,0.8279,11334
CUST-0035,2026-07-01,API Integration,322,370,0.8703,0.773,5667
CUST-0035,2026-07-01,Executive Reporting,322,370,0.8703,0.5808,17355
CUST-0035,2026-07-01,Collaboration,322,370,0.8703,0.7516,23731
CUST-0035,2026-07-31,Analytics,297,370,0.8027,0.4494,8571
CUST-0035,2026-07-31,Workflow Automation,297,370,0.8027,0.8782,3296
CUST-0035,2026-07-31,API Integration,297,370,0.8027,0.6924,13846
CUST-0035,2026-07-31,Executive Reporting,297,370,0.8027,0.3567,24065
CUST-0035,2026-07-31,Collaboration,297,370,0.8027,0.8205,26043
CUST-0036,2025-09-04,Analytics,44,70,0.6286,0.4693,4136
CUST-0036,2025-09-04,Workflow Automation,44,70,0.6286,0.6116,2728
CUST-0036,2025-09-04,API Integration,44,70,0.6286,0.593,3784
CUST-0036,2025-09-04,Executive Reporting,44,70,0.6286,0.6801,1804
CUST-0036,2025-09-04,Collaboration,44,70,0.6286,0.8352,1980
CUST-0036,2025-10-04,Analytics,45,70,0.6429,0.6567,1620
CUST-0036,2025-10-04,Workflow Automation,45,70,0.6429,0.3769,1260
CUST-0036,2025-10-04,API Integration,45,70,0.6429,0.3803,2430
CUST-0036,2025-10-04,Executive Reporting,45,70,0.6429,0.3702,630
CUST-0036,2025-10-04,Collaboration,45,70,0.6429,0.7168,3915
CUST-0036,2025-11-03,Analytics,43,70,0.6143,0.8562,688
CUST-0036,2025-11-03,Workflow Automation,43,70,0.6143,0.4099,1376
CUST-0036,2025-11-03,API Integration,43,70,0.6143,0.4387,1978
CUST-0036,2025-11-03,Executive Reporting,43,70,0.6143,0.6861,4214
CUST-0036,2025-11-03,Collaboration,43,70,0.6143,0.7349,3569
CUST-0036,2025-12-03,Analytics,47,70,0.6714,0.4476,3196
CUST-0036,2025-12-03,Workflow Automation,47,70,0.6714,0.7621,2632
CUST-0036,2025-12-03,API Integration,47,70,0.6714,0.8623,987
CUST-0036,2025-12-03,Executive Reporting,47,70,0.6714,0.7727,2397
CUST-0036,2025-12-03,Collaboration,47,70,0.6714,0.5527,2726
CUST-0036,2026-01-02,Analytics,47,70,0.6714,0.7671,3760
CUST-0036,2026-01-02,Workflow Automation,47,70,0.6714,0.3857,3290
CUST-0036,2026-01-02,API Integration,47,70,0.6714,0.424,4606
CUST-0036,2026-01-02,Executive Reporting,47,70,0.6714,0.8227,2444
CUST-0036,2026-01-02,Collaboration,47,70,0.6714,0.6399,3619
CUST-0036,2026-02-01,Analytics,42,70,0.6,0.465,714
CUST-0036,2026-02-01,Workflow Automation,42,70,0.6,0.4101,3780
CUST-0036,2026-02-01,API Integration,42,70,0.6,0.6409,882
CUST-0036,2026-02-01,Executive Reporting,42,70,0.6,0.616,4116
CUST-0036,2026-02-01,Collaboration,42,70,0.6,0.6826,4200
CUST-0036,2026-03-03,Analytics,43,70,0.6143,0.6849,2150
CUST-0036,2026-03-03,Workflow Automation,43,70,0.6143,0.4928,3569
CUST-0036,2026-03-03,API Integration,43,70,0.6143,0.8973,2365
CUST-0036,2026-03-03,Executive Reporting,43,70,0.6143,0.8599,3784
CUST-0036,2026-03-03,Collaboration,43,70,0.6143,0.6594,3268
CUST-0036,2026-04-02,Analytics,46,70,0.6571,0.6238,1518
CUST-0036,2026-04-02,Workflow Automation,46,70,0.6571,0.836,1794
CUST-0036,2026-04-02,API Integration,46,70,0.6571,0.7397,1564
CUST-0036,2026-04-02,Executive Reporting,46,70,0.6571,0.3509,598
CUST-0036,2026-04-02,Collaboration,46,70,0.6571,0.6057,1150
CUST-0036,2026-05-02,Analytics,41,70,0.5857,0.413,3211
CUST-0036,2026-05-02,Workflow Automation,41,70,0.5857,0.8005,2262
CUST-0036,2026-05-02,API Integration,41,70,0.5857,0.3338,1970
CUST-0036,2026-05-02,Executive Reporting,41,70,0.5857,0.5858,3320
CUST-0036,2026-05-02,Collaboration,41,70,0.5857,0.4154,3320
CUST-0036,2026-06-01,Analytics,33,70,0.4714,0.3938,463
CUST-0036,2026-06-01,Workflow Automation,33,70,0.4714,0.405,1904
CUST-0036,2026-06-01,API Integration,33,70,0.4714,0.5089,257
CUST-0036,2026-06-01,Executive Reporting,33,70,0.4714,0.3218,1338
CUST-0036,2026-06-01,Collaboration,33,70,0.4714,0.4194,2110
CUST-0036,2026-07-01,Analytics,30,70,0.4286,0.2452,643
CUST-0036,2026-07-01,Workflow Automation,30,70,0.4286,0.306,1065
CUST-0036,2026-07-01,API Integration,30,70,0.4286,0.5744,1427
CUST-0036,2026-07-01,Executive Reporting,30,70,0.4286,0.5721,281
CUST-0036,2026-07-01,Collaboration,30,70,0.4286,0.4724,1427
CUST-0036,2026-07-31,Analytics,23,70,0.3286,0.3379,1004
CUST-0036,2026-07-31,Workflow Automation,23,70,0.3286,0.4719,888
CUST-0036,2026-07-31,API Integration,23,70,0.3286,0.4375,798
CUST-0036,2026-07-31,Executive Reporting,23,70,0.3286,0.4818,218
CUST-0036,2026-07-31,Collaboration,23,70,0.3286,0.4532,618
CUST-0037,2025-09-04,Analytics,335,556,0.6025,0.6676,17420
CUST-0037,2025-09-04,Workflow Automation,335,556,0.6025,0.7897,18425
CUST-0037,2025-09-04,API Integration,335,556,0.6025,0.3864,9715
CUST-0037,2025-09-04,Executive Reporting,335,556,0.6025,0.5043,4355
CUST-0037,2025-09-04,Collaboration,335,556,0.6025,0.5365,19430
CUST-0037,2025-10-04,Analytics,374,556,0.6727,0.8133,31352
CUST-0037,2025-10-04,Workflow Automation,374,556,0.6727,0.6831,12465
CUST-0037,2025-10-04,API Integration,374,556,0.6727,0.6774,18509
CUST-0037,2025-10-04,Executive Reporting,374,556,0.6727,0.7379,18887
CUST-0037,2025-10-04,Collaboration,374,556,0.6727,0.7404,16620
CUST-0037,2025-11-03,Analytics,365,556,0.6565,0.6234,14892
CUST-0037,2025-11-03,Workflow Automation,365,556,0.6565,0.5544,17870
CUST-0037,2025-11-03,API Integration,365,556,0.6565,0.4689,17870
CUST-0037,2025-11-03,Executive Reporting,365,556,0.6565,0.4463,21221
CUST-0037,2025-11-03,Collaboration,365,556,0.6565,0.7817,13030
CUST-0037,2025-12-03,Analytics,398,556,0.7158,0.5941,5329
CUST-0037,2025-12-03,Workflow Automation,398,556,0.7158,0.7895,30335
CUST-0037,2025-12-03,API Integration,398,556,0.7158,0.4347,21726
CUST-0037,2025-12-03,Executive Reporting,398,556,0.7158,0.858,31565
CUST-0037,2025-12-03,Collaboration,398,556,0.7158,0.5207,20906
CUST-0037,2026-01-02,Analytics,355,556,0.6385,0.8295,28059
CUST-0037,2026-01-02,Workflow Automation,355,556,0.6385,0.7222,9599
CUST-0037,2026-01-02,API Integration,355,556,0.6385,0.4629,5168
CUST-0037,2026-01-02,Executive Reporting,355,556,0.6385,0.6027,28059
CUST-0037,2026-01-02,Collaboration,355,556,0.6385,0.4137,18090
CUST-0037,2026-02-01,Analytics,407,556,0.732,0.7279,36752
CUST-0037,2026-02-01,Workflow Automation,407,556,0.732,0.8295,22222
CUST-0037,2026-02-01,API Integration,407,556,0.732,0.6068,6410
CUST-0037,2026-02-01,Executive Reporting,407,556,0.732,0.4067,40170
CUST-0037,2026-02-01,Collaboration,407,556,0.732,0.7601,5128
CUST-0037,2026-03-03,Analytics,389,556,0.6996,0.5217,14844
CUST-0037,2026-03-03,Workflow Automation,389,556,0.6996,0.5265,14019
CUST-0037,2026-03-03,API Integration,389,556,0.6996,0.5076,32162
CUST-0037,2026-03-03,Executive Reporting,389,556,0.6996,0.5255,27214
CUST-0037,2026-03-03,Collaboration,389,556,0.6996,0.7191,18142
CUST-0037,2026-04-02,Analytics,366,556,0.6583,0.5005,4307
CUST-0037,2026-04-02,Workflow Automation,366,556,0.6583,0.8771,31721
CUST-0037,2026-04-02,API Integration,366,556,0.6583,0.6327,14098
CUST-0037,2026-04-02,Executive Reporting,366,556,0.6583,0.6484,31329
CUST-0037,2026-04-02,Collaboration,366,556,0.6583,0.5252,10965
CUST-0037,2026-05-02,Analytics,419,556,0.7536,0.7922,37559
CUST-0037,2026-05-02,Workflow Automation,419,556,0.7536,0.4847,8597
CUST-0037,2026-05-02,API Integration,419,556,0.7536,0.5213,23983
CUST-0037,2026-05-02,Executive Reporting,419,556,0.7536,0.6473,7240
CUST-0037,2026-05-02,Collaboration,419,556,0.7536,0.4215,31676
CUST-0037,2026-06-01,Analytics,421,556,0.7572,0.3778,27074
CUST-0037,2026-06-01,Workflow Automation,421,556,0.7572,0.3796,29368
CUST-0037,2026-06-01,API Integration,421,556,0.7572,0.5656,45889
CUST-0037,2026-06-01,Executive Reporting,421,556,0.7572,0.6779,39005
CUST-0037,2026-06-01,Collaboration,421,556,0.7572,0.6962,44971
CUST-0037,2026-07-01,Analytics,412,556,0.741,0.689,22206
CUST-0037,2026-07-01,Workflow Automation,412,556,0.741,0.5328,15862
CUST-0037,2026-07-01,API Integration,412,556,0.741,0.7421,43054
CUST-0037,2026-07-01,Executive Reporting,412,556,0.741,0.7951,9064
CUST-0037,2026-07-01,Collaboration,412,556,0.741,0.8855,31270
CUST-0037,2026-07-31,Analytics,407,556,0.732,0.4011,44725
CUST-0037,2026-07-31,Workflow Automation,407,556,0.732,0.6076,30720
CUST-0037,2026-07-31,API Integration,407,556,0.732,0.5207,41562
CUST-0037,2026-07-31,Executive Reporting,407,556,0.732,0.7406,31172
CUST-0037,2026-07-31,Collaboration,407,556,0.732,0.6088,17167
CUST-0038,2025-09-04,Analytics,190,321,0.5919,0.8521,11400
CUST-0038,2025-09-04,Workflow Automation,190,321,0.5919,0.4508,18050
CUST-0038,2025-09-04,API Integration,190,321,0.5919,0.5317,9690
CUST-0038,2025-09-04,Executive Reporting,190,321,0.5919,0.5993,2470
CUST-0038,2025-09-04,Collaboration,190,321,0.5919,0.386,4560
CUST-0038,2025-10-04,Analytics,184,321,0.5732,0.6037,5761
CUST-0038,2025-10-04,Workflow Automation,184,321,0.5732,0.5052,10035
CUST-0038,2025-10-04,API Integration,184,321,0.5732,0.6824,4831
CUST-0038,2025-10-04,Executive Reporting,184,321,0.5732,0.6294,11336
CUST-0038,2025-10-04,Collaboration,184,321,0.5732,0.7997,4274
CUST-0038,2025-11-03,Analytics,185,321,0.5763,0.7072,9057
CUST-0038,2025-11-03,Workflow Automation,185,321,0.5763,0.643,11510
CUST-0038,2025-11-03,API Integration,185,321,0.5763,0.6748,7548
CUST-0038,2025-11-03,Executive Reporting,185,321,0.5763,0.6915,15096
CUST-0038,2025-11-03,Collaboration,185,321,0.5763,0.4375,13397
CUST-0038,2025-12-03,Analytics,189,321,0.5888,0.5374,19077
CUST-0038,2025-12-03,Workflow Automation,189,321,0.5888,0.675,12653
CUST-0038,2025-12-03,API Integration,189,321,0.5888,0.662,10317
CUST-0038,2025-12-03,Executive Reporting,189,321,0.5888,0.6495,7786
CUST-0038,2025-12-03,Collaboration,189,321,0.5888,0.4452,18493
CUST-0038,2026-01-02,Analytics,181,321,0.5639,0.862,15623
CUST-0038,2026-01-02,Workflow Automation,181,321,0.5639,0.8102,4517
CUST-0038,2026-01-02,API Integration,181,321,0.5639,0.6757,12988
CUST-0038,2026-01-02,Executive Reporting,181,321,0.5639,0.529,4141
CUST-0038,2026-01-02,Collaboration,181,321,0.5639,0.8021,6023
CUST-0038,2026-02-01,Analytics,190,321,0.5919,0.5732,17157
CUST-0038,2026-02-01,Workflow Automation,190,321,0.5919,0.4098,17157
CUST-0038,2026-02-01,API Integration,190,321,0.5919,0.7742,11571
CUST-0038,2026-02-01,Executive Reporting,190,321,0.5919,0.5301,18354
CUST-0038,2026-02-01,Collaboration,190,321,0.5919,0.7131,4189
CUST-0038,2026-03-03,Analytics,189,321,0.5888,0.4264,16828
CUST-0038,2026-03-03,Workflow Automation,189,321,0.5888,0.8468,18230
CUST-0038,2026-03-03,API Integration,189,321,0.5888,0.7954,5609
CUST-0038,2026-03-03,Executive Reporting,189,321,0.5888,0.7135,13422
CUST-0038,2026-03-03,Collaboration,189,321,0.5888,0.6422,11820
CUST-0038,2026-04-02,Analytics,203,321,0.6324,0.5959,7819
CUST-0038,2026-04-02,Workflow Automation,203,321,0.6324,0.7248,10860
CUST-0038,2026-04-02,API Integration,203,321,0.6324,0.5149,20852
CUST-0038,2026-04-02,Executive Reporting,203,321,0.6324,0.5175,14118
CUST-0038,2026-04-02,Collaboration,203,321,0.6324,0.7448,11729
CUST-0038,2026-05-02,Analytics,217,321,0.676,0.6705,20623
CUST-0038,2026-05-02,Workflow Automation,217,321,0.676,0.8925,14295
CUST-0038,2026-05-02,API Integration,217,321,0.676,0.8162,11014
CUST-0038,2026-05-02,Executive Reporting,217,321,0.676,0.3843,18748
CUST-0038,2026-05-02,Collaboration,217,321,0.676,0.8823,2343
CUST-0038,2026-06-01,Analytics,210,321,0.6542,0.8014,12589
CUST-0038,2026-06-01,Workflow Automation,210,321,0.6542,0.4103,10529
CUST-0038,2026-06-01,API Integration,210,321,0.6542,0.8261,9156
CUST-0038,2026-06-01,Executive Reporting,210,321,0.6542,0.5874,19456
CUST-0038,2026-06-01,Collaboration,210,321,0.6542,0.5668,11445
CUST-0038,2026-07-01,Analytics,212,321,0.6604,0.5733,15158
CUST-0038,2026-07-01,Workflow Automation,212,321,0.6604,0.6498,21920
CUST-0038,2026-07-01,API Integration,212,321,0.6604,0.4454,6296
CUST-0038,2026-07-01,Executive Reporting,212,321,0.6604,0.4535,13758
CUST-0038,2026-07-01,Collaboration,212,321,0.6604,0.8138,13059
CUST-0038,2026-07-31,Analytics,218,321,0.6791,0.4348,22988
CUST-0038,2026-07-31,Workflow Automation,218,321,0.6791,0.4191,2661
CUST-0038,2026-07-31,API Integration,218,321,0.6791,0.3895,2903
CUST-0038,2026-07-31,Executive Reporting,218,321,0.6791,0.4292,17422
CUST-0038,2026-07-31,Collaboration,218,321,0.6791,0.7119,6533
CUST-0039,2025-09-04,Analytics,132,161,0.8199,0.8231,13068
CUST-0039,2025-09-04,Workflow Automation,132,161,0.8199,0.6824,8448
CUST-0039,2025-09-04,API Integration,132,161,0.8199,0.6928,8976
CUST-0039,2025-09-04,Executive Reporting,132,161,0.8199,0.6302,10560
CUST-0039,2025-09-04,Collaboration,132,161,0.8199,0.801,7788
CUST-0039,2025-10-04,Analytics,124,161,0.7702,0.4522,10895
CUST-0039,2025-10-04,Workflow Automation,124,161,0.7702,0.3541,9142
CUST-0039,2025-10-04,API Integration,124,161,0.7702,0.8157,5009
CUST-0039,2025-10-04,Executive Reporting,124,161,0.7702,0.7417,5510
CUST-0039,2025-10-04,Collaboration,124,161,0.7702,0.576,9893
CUST-0039,2025-11-03,Analytics,130,161,0.8075,0.3684,1856
CUST-0039,2025-11-03,Workflow Automation,130,161,0.8075,0.6625,13260
CUST-0039,2025-11-03,API Integration,130,161,0.8075,0.5527,11138
CUST-0039,2025-11-03,Executive Reporting,130,161,0.8075,0.6148,12994
CUST-0039,2025-11-03,Collaboration,130,161,0.8075,0.394,10210
CUST-0039,2025-12-03,Analytics,139,161,0.8634,0.891,6442
CUST-0039,2025-12-03,Workflow Automation,139,161,0.8634,0.6057,2863
CUST-0039,2025-12-03,API Integration,139,161,0.8634,0.6378,12598
CUST-0039,2025-12-03,Executive Reporting,139,161,0.8634,0.3986,10021
CUST-0039,2025-12-03,Collaboration,139,161,0.8634,0.6969,13457
CUST-0039,2026-01-02,Analytics,140,161,0.8696,0.3929,13249
CUST-0039,2026-01-02,Workflow Automation,140,161,0.8696,0.6466,12230
CUST-0039,2026-01-02,API Integration,140,161,0.8696,0.5219,2329
CUST-0039,2026-01-02,Executive Reporting,140,161,0.8696,0.847,11356
CUST-0039,2026-01-02,Collaboration,140,161,0.8696,0.7782,10192
CUST-0039,2026-02-01,Analytics,131,161,0.8137,0.8483,11416
CUST-0039,2026-02-01,Workflow Automation,131,161,0.8137,0.7536,8665
CUST-0039,2026-02-01,API Integration,131,161,0.8137,0.5441,6464
CUST-0039,2026-02-01,Executive Reporting,131,161,0.8137,0.5091,1925
CUST-0039,2026-02-01,Collaboration,131,161,0.8137,0.7323,11829
CUST-0039,2026-03-03,Analytics,138,161,0.8571,0.7498,11994
CUST-0039,2026-03-03,Workflow Automation,138,161,0.8571,0.4932,13165
CUST-0039,2026-03-03,API Integration,138,161,0.8571,0.6102,4534
CUST-0039,2026-03-03,Executive Reporting,138,161,0.8571,0.6651,13750
CUST-0039,2026-03-03,Collaboration,138,161,0.8571,0.8947,13018
CUST-0039,2026-04-02,Analytics,124,161,0.7702,0.6166,3449
CUST-0039,2026-04-02,Workflow Automation,124,161,0.7702,0.6281,5970
CUST-0039,2026-04-02,API Integration,124,161,0.7702,0.4886,11675
CUST-0039,2026-04-02,Executive Reporting,124,161,0.7702,0.5045,5572
CUST-0039,2026-04-02,Collaboration,124,161,0.7702,0.3578,3184
CUST-0039,2026-05-02,Analytics,138,161,0.8571,0.8506,4322
CUST-0039,2026-05-02,Workflow Automation,138,161,0.8571,0.7125,8495
CUST-0039,2026-05-02,API Integration,138,161,0.8571,0.7943,6408
CUST-0039,2026-05-02,Executive Reporting,138,161,0.8571,0.7804,5961
CUST-0039,2026-05-02,Collaboration,138,161,0.8571,0.6167,11476
CUST-0039,2026-06-01,Analytics,145,161,0.9006,0.5386,3161
CUST-0039,2026-06-01,Workflow Automation,145,161,0.9006,0.882,13592
CUST-0039,2026-06-01,API Integration,145,161,0.9006,0.8637,4583
CUST-0039,2026-06-01,Executive Reporting,145,161,0.9006,0.8107,9799
CUST-0039,2026-06-01,Collaboration,145,161,0.9006,0.7737,6322
CUST-0039,2026-07-01,Analytics,142,161,0.882,0.7493,4842
CUST-0039,2026-07-01,Workflow Automation,142,161,0.882,0.466,8434
CUST-0039,2026-07-01,API Integration,142,161,0.882,0.3799,6716
CUST-0039,2026-07-01,Executive Reporting,142,161,0.882,0.7655,3748
CUST-0039,2026-07-01,Collaboration,142,161,0.882,0.3789,10777
CUST-0039,2026-07-31,Analytics,137,161,0.8509,0.5158,11861
CUST-0039,2026-07-31,Workflow Automation,137,161,0.8509,0.4785,14750
CUST-0039,2026-07-31,API Integration,137,161,0.8509,0.7381,10644
CUST-0039,2026-07-31,Executive Reporting,137,161,0.8509,0.4944,11709
CUST-0039,2026-07-31,Collaboration,137,161,0.8509,0.8287,1672
CUST-0040,2025-09-04,Analytics,332,588,0.5646,0.7232,25564
CUST-0040,2025-09-04,Workflow Automation,332,588,0.5646,0.7256,4980
CUST-0040,2025-09-04,API Integration,332,588,0.5646,0.4036,25896
CUST-0040,2025-09-04,Executive Reporting,332,588,0.5646,0.7006,21580
CUST-0040,2025-09-04,Collaboration,332,588,0.5646,0.6858,30876
CUST-0040,2025-10-04,Analytics,354,588,0.602,0.5342,15576
CUST-0040,2025-10-04,Workflow Automation,354,588,0.602,0.7913,14868
CUST-0040,2025-10-04,API Integration,354,588,0.602,0.7099,21240
CUST-0040,2025-10-04,Executive Reporting,354,588,0.602,0.6036,33984
CUST-0040,2025-10-04,Collaboration,354,588,0.602,0.762,33984
CUST-0040,2025-11-03,Analytics,339,588,0.5765,0.4572,17967
CUST-0040,2025-11-03,Workflow Automation,339,588,0.5765,0.7227,11187
CUST-0040,2025-11-03,API Integration,339,588,0.5765,0.5223,3729
CUST-0040,2025-11-03,Executive Reporting,339,588,0.5765,0.72,6102
CUST-0040,2025-11-03,Collaboration,339,588,0.5765,0.3566,7458
CUST-0040,2025-12-03,Analytics,336,588,0.5714,0.727,18144
CUST-0040,2025-12-03,Workflow Automation,336,588,0.5714,0.4707,15456
CUST-0040,2025-12-03,API Integration,336,588,0.5714,0.4885,4704
CUST-0040,2025-12-03,Executive Reporting,336,588,0.5714,0.363,7056
CUST-0040,2025-12-03,Collaboration,336,588,0.5714,0.3813,28896
CUST-0040,2026-01-02,Analytics,343,588,0.5833,0.8095,29498
CUST-0040,2026-01-02,Workflow Automation,343,588,0.5833,0.7009,34300
CUST-0040,2026-01-02,API Integration,343,588,0.5833,0.8768,7203
CUST-0040,2026-01-02,Executive Reporting,343,588,0.5833,0.821,8918
CUST-0040,2026-01-02,Collaboration,343,588,0.5833,0.5568,31556
CUST-0040,2026-02-01,Analytics,338,588,0.5748,0.8819,8112
CUST-0040,2026-02-01,Workflow Automation,338,588,0.5748,0.7326,14196
CUST-0040,2026-02-01,API Integration,338,588,0.5748,0.512,31772
CUST-0040,2026-02-01,Executive Reporting,338,588,0.5748,0.8649,30758
CUST-0040,2026-02-01,Collaboration,338,588,0.5748,0.5994,15210
CUST-0040,2026-03-03,Analytics,349,588,0.5935,0.7307,33155
CUST-0040,2026-03-03,Workflow Automation,349,588,0.5935,0.7734,17799
CUST-0040,2026-03-03,API Integration,349,588,0.5935,0.4915,6631
CUST-0040,2026-03-03,Executive Reporting,349,588,0.5935,0.5025,5933
CUST-0040,2026-03-03,Collaboration,349,588,0.5935,0.5605,18148
CUST-0040,2026-04-02,Analytics,361,588,0.6139,0.492,15523
CUST-0040,2026-04-02,Workflow Automation,361,588,0.6139,0.4479,6498
CUST-0040,2026-04-02,API Integration,361,588,0.6139,0.6204,12635
CUST-0040,2026-04-02,Executive Reporting,361,588,0.6139,0.6857,11552
CUST-0040,2026-04-02,Collaboration,361,588,0.6139,0.705,8303
CUST-0040,2026-05-02,Analytics,315,588,0.5357,0.7728,11655
CUST-0040,2026-05-02,Workflow Automation,315,588,0.5357,0.6877,7245
CUST-0040,2026-05-02,API Integration,315,588,0.5357,0.8519,13545
CUST-0040,2026-05-02,Executive Reporting,315,588,0.5357,0.4068,5985
CUST-0040,2026-05-02,Collaboration,315,588,0.5357,0.3887,13230
CUST-0040,2026-06-01,Analytics,349,588,0.5935,0.3603,25477
CUST-0040,2026-06-01,Workflow Automation,349,588,0.5935,0.4319,31759
CUST-0040,2026-06-01,API Integration,349,588,0.5935,0.3505,4886
CUST-0040,2026-06-01,Executive Reporting,349,588,0.5935,0.7155,15356
CUST-0040,2026-06-01,Collaboration,349,588,0.5935,0.4334,18148
CUST-0040,2026-07-01,Analytics,206,588,0.3503,0.6661,8961
CUST-0040,2026-07-01,Workflow Automation,206,588,0.3503,0.7392,8602
CUST-0040,2026-07-01,API Integration,206,588,0.3503,0.613,7288
CUST-0040,2026-07-01,Executive Reporting,206,588,0.3503,0.8142,2150
CUST-0040,2026-07-01,Collaboration,206,588,0.3503,0.6471,1194
CUST-0040,2026-07-31,Analytics,190,588,0.3231,0.7291,7824
CUST-0040,2026-07-31,Workflow Automation,190,588,0.3231,0.4167,8595
CUST-0040,2026-07-31,API Integration,190,588,0.3231,0.8643,6061
CUST-0040,2026-07-31,Executive Reporting,190,588,0.3231,0.5334,5289
CUST-0040,2026-07-31,Collaboration,190,588,0.3231,0.5703,9918
CUST-0041,2025-09-04,Analytics,139,187,0.7433,0.537,9452
CUST-0041,2025-09-04,Workflow Automation,139,187,0.7433,0.7682,6533
CUST-0041,2025-09-04,API Integration,139,187,0.7433,0.7063,4448
CUST-0041,2025-09-04,Executive Reporting,139,187,0.7433,0.655,8201
CUST-0041,2025-09-04,Collaboration,139,187,0.7433,0.7134,6672
CUST-0041,2025-10-04,Analytics,137,187,0.7326,0.8431,12453
CUST-0041,2025-10-04,Workflow Automation,137,187,0.7326,0.7289,9962
CUST-0041,2025-10-04,API Integration,137,187,0.7326,0.3967,12453
CUST-0041,2025-10-04,Executive Reporting,137,187,0.7326,0.5909,4704
CUST-0041,2025-10-04,Collaboration,137,187,0.7326,0.427,4704
CUST-0041,2025-11-03,Analytics,124,187,0.6631,0.898,5059
CUST-0041,2025-11-03,Workflow Automation,124,187,0.6631,0.6191,2276
CUST-0041,2025-11-03,API Integration,124,187,0.6631,0.786,11636
CUST-0041,2025-11-03,Executive Reporting,124,187,0.6631,0.5193,9865
CUST-0041,2025-11-03,Collaboration,124,187,0.6631,0.8807,8474
CUST-0041,2025-12-03,Analytics,146,187,0.7807,0.359,7970
CUST-0041,2025-12-03,Workflow Automation,146,187,0.7807,0.3808,2255
CUST-0041,2025-12-03,API Integration,146,187,0.7807,0.573,5564
CUST-0041,2025-12-03,Executive Reporting,146,187,0.7807,0.7939,14286
CUST-0041,2025-12-03,Collaboration,146,187,0.7807,0.6377,14436
CUST-0041,2026-01-02,Analytics,145,187,0.7754,0.6451,12667
CUST-0041,2026-01-02,Workflow Automation,145,187,0.7754,0.4781,2865
CUST-0041,2026-01-02,API Integration,145,187,0.7754,0.3703,4222
CUST-0041,2026-01-02,Executive Reporting,145,187,0.7754,0.6189,1809
CUST-0041,2026-01-02,Collaboration,145,187,0.7754,0.6092,13421
CUST-0041,2026-02-01,Analytics,128,187,0.6845,0.7357,3494
CUST-0041,2026-02-01,Workflow Automation,128,187,0.6845,0.3579,12096
CUST-0041,2026-02-01,API Integration,128,187,0.6845,0.3775,6585
CUST-0041,2026-02-01,Executive Reporting,128,187,0.6845,0.8014,2956
CUST-0041,2026-02-01,Collaboration,128,187,0.6845,0.6009,4166
CUST-0041,2026-03-03,Analytics,147,187,0.7861,0.3852,3583
CUST-0041,2026-03-03,Workflow Automation,147,187,0.7861,0.4128,13400
CUST-0041,2026-03-03,API Integration,147,187,0.7861,0.7895,5921
CUST-0041,2026-03-03,Executive Reporting,147,187,0.7861,0.3847,5453
CUST-0041,2026-03-03,Collaboration,147,187,0.7861,0.5844,14958
CUST-0041,2026-04-02,Analytics,139,187,0.7433,0.4164,14426
CUST-0041,2026-04-02,Workflow Automation,139,187,0.7433,0.6668,4015
CUST-0041,2026-04-02,API Integration,139,187,0.7433,0.5269,5503
CUST-0041,2026-04-02,Executive Reporting,139,187,0.7433,0.7703,12642
CUST-0041,2026-04-02,Collaboration,139,187,0.7433,0.4454,2677
CUST-0041,2026-05-02,Analytics,133,187,0.7112,0.4277,9049
CUST-0041,2026-05-02,Workflow Automation,133,187,0.7112,0.4424,8187
CUST-0041,2026-05-02,API Integration,133,187,0.7112,0.6544,9480
CUST-0041,2026-05-02,Executive Reporting,133,187,0.7112,0.484,12065
CUST-0041,2026-05-02,Collaboration,133,187,0.7112,0.3724,3160
CUST-0041,2026-06-01,Analytics,150,187,0.8021,0.6977,9483
CUST-0041,2026-06-01,Workflow Automation,150,187,0.8021,0.7777,1962
CUST-0041,2026-06-01,API Integration,150,187,0.8021,0.8338,3270
CUST-0041,2026-06-01,Executive Reporting,150,187,0.8021,0.3535,5232
CUST-0041,2026-06-01,Collaboration,150,187,0.8021,0.8594,16350
CUST-0041,2026-07-01,Analytics,148,187,0.7914,0.8378,10256
CUST-0041,2026-07-01,Workflow Automation,148,187,0.7914,0.7314,11396
CUST-0041,2026-07-01,API Integration,148,187,0.7914,0.7308,5860
CUST-0041,2026-07-01,Executive Reporting,148,187,0.7914,0.4287,7163
CUST-0041,2026-07-01,Collaboration,148,187,0.7914,0.6377,10093
CUST-0041,2026-07-31,Analytics,140,187,0.7487,0.446,15229
CUST-0041,2026-07-31,Workflow Automation,140,187,0.7487,0.3707,5128
CUST-0041,2026-07-31,API Integration,140,187,0.7487,0.7445,13675
CUST-0041,2026-07-31,Executive Reporting,140,187,0.7487,0.8727,13986
CUST-0041,2026-07-31,Collaboration,140,187,0.7487,0.8046,7459
CUST-0042,2025-09-04,Analytics,399,574,0.6951,0.4555,30723
CUST-0042,2025-09-04,Workflow Automation,399,574,0.6951,0.8872,35511
CUST-0042,2025-09-04,API Integration,399,574,0.6951,0.549,31521
CUST-0042,2025-09-04,Executive Reporting,399,574,0.6951,0.6291,27531
CUST-0042,2025-09-04,Collaboration,399,574,0.6951,0.7737,37506
CUST-0042,2025-10-04,Analytics,381,574,0.6638,0.3792,9235
CUST-0042,2025-10-04,Workflow Automation,381,574,0.6638,0.7881,37326
CUST-0042,2025-10-04,API Integration,381,574,0.6638,0.8141,26936
CUST-0042,2025-10-04,Executive Reporting,381,574,0.6638,0.6236,11544
CUST-0042,2025-10-04,Collaboration,381,574,0.6638,0.7186,5772
CUST-0042,2025-11-03,Analytics,375,574,0.6533,0.5503,13770
CUST-0042,2025-11-03,Workflow Automation,375,574,0.6533,0.5891,19890
CUST-0042,2025-11-03,API Integration,375,574,0.6533,0.6893,26010
CUST-0042,2025-11-03,Executive Reporting,375,574,0.6533,0.3738,6120
CUST-0042,2025-11-03,Collaboration,375,574,0.6533,0.8587,12240
CUST-0042,2025-12-03,Analytics,385,574,0.6707,0.366,29741
CUST-0042,2025-12-03,Workflow Automation,385,574,0.6707,0.4138,15862
CUST-0042,2025-12-03,API Integration,385,574,0.6707,0.7468,33706
CUST-0042,2025-12-03,Executive Reporting,385,574,0.6707,0.6689,24982
CUST-0042,2025-12-03,Collaboration,385,574,0.6707,0.4593,38068
CUST-0042,2026-01-02,Analytics,438,574,0.7631,0.4765,10932
CUST-0042,2026-01-02,Workflow Automation,438,574,0.7631,0.5294,10021
CUST-0042,2026-01-02,API Integration,438,574,0.7631,0.4804,28242
CUST-0042,2026-01-02,Executive Reporting,438,574,0.7631,0.8284,26420
CUST-0042,2026-01-02,Collaboration,438,574,0.7631,0.8403,8654
CUST-0042,2026-02-01,Analytics,413,574,0.7195,0.6164,28187
CUST-0042,2026-02-01,Workflow Automation,413,574,0.7195,0.4297,38161
CUST-0042,2026-02-01,API Integration,413,574,0.7195,0.6002,25585
CUST-0042,2026-02-01,Executive Reporting,413,574,0.7195,0.5554,29488
CUST-0042,2026-02-01,Collaboration,413,574,0.7195,0.7459,39028
CUST-0042,2026-03-03,Analytics,410,574,0.7143,0.4983,22599
CUST-0042,2026-03-03,Workflow Automation,410,574,0.7143,0.42,42590
CUST-0042,2026-03-03,API Integration,410,574,0.7143,0.6628,19557
CUST-0042,2026-03-03,Executive Reporting,410,574,0.7143,0.4251,29987
CUST-0042,2026-03-03,Collaboration,410,574,0.7143,0.6022,13472
CUST-0042,2026-04-02,Analytics,441,574,0.7683,0.4709,22177
CUST-0042,2026-04-02,Workflow Automation,441,574,0.7683,0.682,42940
CUST-0042,2026-04-02,API Integration,441,574,0.7683,0.874,14627
CUST-0042,2026-04-02,Executive Reporting,441,574,0.7683,0.668,37749
CUST-0042,2026-04-02,Collaboration,441,574,0.7683,0.8203,9909
CUST-0042,2026-05-02,Analytics,421,574,0.7334,0.637,16823
CUST-0042,2026-05-02,Workflow Automation,421,574,0.7334,0.6754,31372
CUST-0042,2026-05-02,API Integration,421,574,0.7334,0.5035,29099
CUST-0042,2026-05-02,Executive Reporting,421,574,0.7334,0.7549,18641
CUST-0042,2026-05-02,Collaboration,421,574,0.7334,0.4863,29554
CUST-0042,2026-06-01,Analytics,437,574,0.7613,0.8405,40488
CUST-0042,2026-06-01,Workflow Automation,437,574,0.7613,0.8704,39535
CUST-0042,2026-06-01,API Integration,437,574,0.7613,0.844,30008
CUST-0042,2026-06-01,Executive Reporting,437,574,0.7613,0.8891,7144
CUST-0042,2026-06-01,Collaboration,437,574,0.7613,0.8952,35248
CUST-0042,2026-07-01,Analytics,403,574,0.7021,0.6421,31474
CUST-0042,2026-07-01,Workflow Automation,403,574,0.7021,0.7953,43886
CUST-0042,2026-07-01,API Integration,403,574,0.7021,0.8017,29701
CUST-0042,2026-07-01,Executive Reporting,403,574,0.7021,0.6224,8866
CUST-0042,2026-07-01,Collaboration,403,574,0.7021,0.6572,4876
CUST-0042,2026-07-31,Analytics,453,574,0.7892,0.5736,18604
CUST-0042,2026-07-31,Workflow Automation,453,574,0.7892,0.423,23633
CUST-0042,2026-07-31,API Integration,453,574,0.7892,0.4815,10559
CUST-0042,2026-07-31,Executive Reporting,453,574,0.7892,0.3588,47768
CUST-0042,2026-07-31,Collaboration,453,574,0.7892,0.5177,50283
CUST-0043,2025-09-04,Analytics,530,874,0.6064,0.3634,36040
CUST-0043,2025-09-04,Workflow Automation,530,874,0.6064,0.6051,14310
CUST-0043,2025-09-04,API Integration,530,874,0.6064,0.8308,32330
CUST-0043,2025-09-04,Executive Reporting,530,874,0.6064,0.4517,30210
CUST-0043,2025-09-04,Collaboration,530,874,0.6064,0.6947,53000
CUST-0043,2025-10-04,Analytics,520,874,0.595,0.8232,9880
CUST-0043,2025-10-04,Workflow Automation,520,874,0.595,0.5617,50960
CUST-0043,2025-10-04,API Integration,520,874,0.595,0.5331,7280
CUST-0043,2025-10-04,Executive Reporting,520,874,0.595,0.5131,22880
CUST-0043,2025-10-04,Collaboration,520,874,0.595,0.7339,45760
CUST-0043,2025-11-03,Analytics,513,874,0.587,0.787,49761
CUST-0043,2025-11-03,Workflow Automation,513,874,0.587,0.3945,26676
CUST-0043,2025-11-03,API Integration,513,874,0.587,0.7547,8721
CUST-0043,2025-11-03,Executive Reporting,513,874,0.587,0.6331,49248
CUST-0043,2025-11-03,Collaboration,513,874,0.587,0.5502,8208
CUST-0043,2025-12-03,Analytics,478,874,0.5469,0.5511,42542
CUST-0043,2025-12-03,Workflow Automation,478,874,0.5469,0.3725,26768
CUST-0043,2025-12-03,API Integration,478,874,0.5469,0.4464,38718
CUST-0043,2025-12-03,Executive Reporting,478,874,0.5469,0.7377,38718
CUST-0043,2025-12-03,Collaboration,478,874,0.5469,0.7401,17208
CUST-0043,2026-01-02,Analytics,480,874,0.5492,0.5342,37920
CUST-0043,2026-01-02,Workflow Automation,480,874,0.5492,0.4125,34080
CUST-0043,2026-01-02,API Integration,480,874,0.5492,0.7556,40320
CUST-0043,2026-01-02,Executive Reporting,480,874,0.5492,0.8291,47520
CUST-0043,2026-01-02,Collaboration,480,874,0.5492,0.4654,18240
CUST-0043,2026-02-01,Analytics,495,874,0.5664,0.8439,36630
CUST-0043,2026-02-01,Workflow Automation,495,874,0.5664,0.7241,22275
CUST-0043,2026-02-01,API Integration,495,874,0.5664,0.38,28215
CUST-0043,2026-02-01,Executive Reporting,495,874,0.5664,0.5399,35640
CUST-0043,2026-02-01,Collaboration,495,874,0.5664,0.6258,12375
CUST-0043,2026-03-03,Analytics,507,874,0.5801,0.6425,39546
CUST-0043,2026-03-03,Workflow Automation,507,874,0.5801,0.8447,33969
CUST-0043,2026-03-03,API Integration,507,874,0.5801,0.6915,48672
CUST-0043,2026-03-03,Executive Reporting,507,874,0.5801,0.87,9126
CUST-0043,2026-03-03,Collaboration,507,874,0.5801,0.4536,34476
CUST-0043,2026-04-02,Analytics,476,874,0.5446,0.5649,15232
CUST-0043,2026-04-02,Workflow Automation,476,874,0.5446,0.5086,9044
CUST-0043,2026-04-02,API Integration,476,874,0.5446,0.4102,21420
CUST-0043,2026-04-02,Executive Reporting,476,874,0.5446,0.4116,13328
CUST-0043,2026-04-02,Collaboration,476,874,0.5446,0.623,17136
CUST-0043,2026-05-02,Analytics,511,874,0.5847,0.695,24017
CUST-0043,2026-05-02,Workflow Automation,511,874,0.5847,0.5791,49567
CUST-0043,2026-05-02,API Integration,511,874,0.5847,0.6478,13286
CUST-0043,2026-05-02,Executive Reporting,511,874,0.5847,0.6106,32193
CUST-0043,2026-05-02,Collaboration,511,874,0.5847,0.5941,47012
CUST-0043,2026-06-01,Analytics,470,874,0.5378,0.454,5640
CUST-0043,2026-06-01,Workflow Automation,470,874,0.5378,0.8295,18330
CUST-0043,2026-06-01,API Integration,470,874,0.5378,0.8092,35720
CUST-0043,2026-06-01,Executive Reporting,470,874,0.5378,0.7046,29140
CUST-0043,2026-06-01,Collaboration,470,874,0.5378,0.6683,43710
CUST-0043,2026-07-01,Analytics,521,874,0.5961,0.5295,44285
CUST-0043,2026-07-01,Workflow Automation,521,874,0.5961,0.7162,40117
CUST-0043,2026-07-01,API Integration,521,874,0.5961,0.813,34386
CUST-0043,2026-07-01,Executive Reporting,521,874,0.5961,0.6019,42722
CUST-0043,2026-07-01,Collaboration,521,874,0.5961,0.4226,25529
CUST-0043,2026-07-31,Analytics,483,874,0.5526,0.493,34293
CUST-0043,2026-07-31,Workflow Automation,483,874,0.5526,0.5545,22218
CUST-0043,2026-07-31,API Integration,483,874,0.5526,0.7734,7728
CUST-0043,2026-07-31,Executive Reporting,483,874,0.5526,0.4316,22218
CUST-0043,2026-07-31,Collaboration,483,874,0.5526,0.6008,14973
CUST-0044,2025-09-04,Analytics,196,331,0.5921,0.8853,19600
CUST-0044,2025-09-04,Workflow Automation,196,331,0.5921,0.7311,18620
CUST-0044,2025-09-04,API Integration,196,331,0.5921,0.787,5880
CUST-0044,2025-09-04,Executive Reporting,196,331,0.5921,0.4808,2940
CUST-0044,2025-09-04,Collaboration,196,331,0.5921,0.8966,16268
CUST-0044,2025-10-04,Analytics,193,331,0.5831,0.4932,6432
CUST-0044,2025-10-04,Workflow Automation,193,331,0.5831,0.4628,19493
CUST-0044,2025-10-04,API Integration,193,331,0.5831,0.3691,9746
CUST-0044,2025-10-04,Executive Reporting,193,331,0.5831,0.8879,5458
CUST-0044,2025-10-04,Collaboration,193,331,0.5831,0.5551,15399
CUST-0044,2025-11-03,Analytics,223,331,0.6737,0.6435,5686
CUST-0044,2025-11-03,Workflow Automation,223,331,0.6737,0.8562,13875
CUST-0044,2025-11-03,API Integration,223,331,0.6737,0.8621,6368
CUST-0044,2025-11-03,Executive Reporting,223,331,0.6737,0.8713,11373
CUST-0044,2025-11-03,Collaboration,223,331,0.6737,0.4358,17969
CUST-0044,2025-12-03,Analytics,226,331,0.6828,0.5322,23278
CUST-0044,2025-12-03,Workflow Automation,226,331,0.6828,0.5126,10940
CUST-0044,2025-12-03,API Integration,226,331,0.6828,0.8833,19320
CUST-0044,2025-12-03,Executive Reporting,226,331,0.6828,0.7168,19087
CUST-0044,2025-12-03,Collaboration,226,331,0.6828,0.7507,15363
CUST-0044,2026-01-02,Analytics,206,331,0.6224,0.4118,15211
CUST-0044,2026-01-02,Workflow Automation,206,331,0.6224,0.8451,5784
CUST-0044,2026-01-02,API Integration,206,331,0.6224,0.7229,5141
CUST-0044,2026-01-02,Executive Reporting,206,331,0.6224,0.5194,13068
CUST-0044,2026-01-02,Collaboration,206,331,0.6224,0.6896,8141
CUST-0044,2026-02-01,Analytics,212,331,0.6405,0.4009,3784
CUST-0044,2026-02-01,Workflow Automation,212,331,0.6405,0.6845,7568
CUST-0044,2026-02-01,API Integration,212,331,0.6405,0.6709,8458
CUST-0044,2026-02-01,Executive Reporting,212,331,0.6405,0.7797,10017
CUST-0044,2026-02-01,Collaboration,212,331,0.6405,0.4576,4452
CUST-0044,2026-03-03,Analytics,217,331,0.6556,0.595,21851
CUST-0044,2026-03-03,Workflow Automation,217,331,0.6556,0.8767,17251
CUST-0044,2026-03-03,API Integration,217,331,0.6556,0.5669,16561
CUST-0044,2026-03-03,Executive Reporting,217,331,0.6556,0.5248,20011
CUST-0044,2026-03-03,Collaboration,217,331,0.6556,0.6314,3910
CUST-0044,2026-04-02,Analytics,232,331,0.7009,0.5486,6950
CUST-0044,2026-04-02,Workflow Automation,232,331,0.7009,0.7438,15887
CUST-0044,2026-04-02,API Integration,232,331,0.7009,0.5533,14149
CUST-0044,2026-04-02,Executive Reporting,232,331,0.7009,0.3567,13404
CUST-0044,2026-04-02,Collaboration,232,331,0.7009,0.5432,16632
CUST-0044,2026-05-02,Analytics,233,331,0.7039,0.3982,16608
CUST-0044,2026-05-02,Workflow Automation,233,331,0.7039,0.7578,15853
CUST-0044,2026-05-02,API Integration,233,331,0.7039,0.792,11575
CUST-0044,2026-05-02,Executive Reporting,233,331,0.7039,0.4401,16104
CUST-0044,2026-05-02,Collaboration,233,331,0.7039,0.7507,15853
CUST-0044,2026-06-01,Analytics,209,331,0.6314,0.6729,4784
CUST-0044,2026-06-01,Workflow Automation,209,331,0.6314,0.429,10934
CUST-0044,2026-06-01,API Integration,209,331,0.6314,0.611,17541
CUST-0044,2026-06-01,Executive Reporting,209,331,0.6314,0.8927,4100
CUST-0044,2026-06-01,Collaboration,209,331,0.6314,0.8632,19363
CUST-0044,2026-07-01,Analytics,233,331,0.7039,0.3986,15890
CUST-0044,2026-07-01,Workflow Automation,233,331,0.7039,0.7013,11277
CUST-0044,2026-07-01,API Integration,233,331,0.7039,0.578,20760
CUST-0044,2026-07-01,Executive Reporting,233,331,0.7039,0.6042,21016
CUST-0044,2026-07-01,Collaboration,233,331,0.7039,0.7654,6920
CUST-0044,2026-07-31,Analytics,215,331,0.6495,0.8078,11216
CUST-0044,2026-07-31,Workflow Automation,215,331,0.6495,0.6546,3579
CUST-0044,2026-07-31,API Integration,215,331,0.6495,0.8025,11455
CUST-0044,2026-07-31,Executive Reporting,215,331,0.6495,0.809,11455
CUST-0044,2026-07-31,Collaboration,215,331,0.6495,0.6218,16466
CUST-0045,2025-09-04,Analytics,247,327,0.7554,0.4945,22477
CUST-0045,2025-09-04,Workflow Automation,247,327,0.7554,0.8088,17290
CUST-0045,2025-09-04,API Integration,247,327,0.7554,0.4183,23465
CUST-0045,2025-09-04,Executive Reporting,247,327,0.7554,0.841,15561
CUST-0045,2025-09-04,Collaboration,247,327,0.7554,0.4487,24206
CUST-0045,2025-10-04,Analytics,277,327,0.8471,0.3656,12589
CUST-0045,2025-10-04,Workflow Automation,277,327,0.8471,0.6212,5035
CUST-0045,2025-10-04,API Integration,277,327,0.8471,0.6794,15667
CUST-0045,2025-10-04,Executive Reporting,277,327,0.8471,0.6696,22941
CUST-0045,2025-10-04,Collaboration,277,327,0.8471,0.5898,12030
CUST-0045,2025-11-03,Analytics,279,327,0.8532,0.6118,27888
CUST-0045,2025-11-03,Workflow Automation,279,327,0.8532,0.8001,16221
CUST-0045,2025-11-03,API Integration,279,327,0.8532,0.6319,23620
CUST-0045,2025-11-03,Executive Reporting,279,327,0.8532,0.3596,12236
CUST-0045,2025-11-03,Collaboration,279,327,0.8532,0.4396,4837
CUST-0045,2025-12-03,Analytics,261,327,0.7982,0.6036,26345
CUST-0045,2025-12-03,Workflow Automation,261,327,0.7982,0.4245,8064
CUST-0045,2025-12-03,API Integration,261,327,0.7982,0.3791,15054
CUST-0045,2025-12-03,Executive Reporting,261,327,0.7982,0.5807,14785
CUST-0045,2025-12-03,Collaboration,261,327,0.7982,0.3768,12635
CUST-0045,2026-01-02,Analytics,281,327,0.8593,0.865,21918
CUST-0045,2026-01-02,Workflow Automation,281,327,0.8593,0.4566,26301
CUST-0045,2026-01-02,API Integration,281,327,0.8593,0.4508,6429
CUST-0045,2026-01-02,Executive Reporting,281,327,0.8593,0.6793,9059
CUST-0045,2026-01-02,Collaboration,281,327,0.8593,0.649,14612
CUST-0045,2026-02-01,Analytics,297,327,0.9083,0.7267,14968
CUST-0045,2026-02-01,Workflow Automation,297,327,0.9083,0.4993,30873
CUST-0045,2026-02-01,API Integration,297,327,0.9083,0.7286,6860
CUST-0045,2026-02-01,Executive Reporting,297,327,0.9083,0.6439,17151
CUST-0045,2026-02-01,Collaboration,297,327,0.9083,0.8028,3430
CUST-0045,2026-03-03,Analytics,268,327,0.8196,0.5048,20453
CUST-0045,2026-03-03,Workflow Automation,268,327,0.8196,0.5766,8522
CUST-0045,2026-03-03,API Integration,268,327,0.8196,0.4063,8238
CUST-0045,2026-03-03,Executive Reporting,268,327,0.8196,0.6269,9658
CUST-0045,2026-03-03,Collaboration,268,327,0.8196,0.7873,23010
CUST-0045,2026-04-02,Analytics,293,327,0.896,0.8073,24140
CUST-0045,2026-04-02,Workflow Automation,293,327,0.896,0.8153,25080
CUST-0045,2026-04-02,API Integration,293,327,0.896,0.7362,7524
CUST-0045,2026-04-02,Executive Reporting,293,327,0.896,0.5795,5956
CUST-0045,2026-04-02,Collaboration,293,327,0.896,0.4141,8151
CUST-0045,2026-05-02,Analytics,310,327,0.948,0.6137,16405
CUST-0045,2026-05-02,Workflow Automation,310,327,0.948,0.7301,9039
CUST-0045,2026-05-02,API Integration,310,327,0.948,0.7994,28792
CUST-0045,2026-05-02,Executive Reporting,310,327,0.948,0.6377,17744
CUST-0045,2026-05-02,Collaboration,310,327,0.948,0.4447,16070
CUST-0045,2026-06-01,Analytics,271,327,0.8287,0.798,11224
CUST-0045,2026-06-01,Workflow Automation,271,327,0.8287,0.4208,28948
CUST-0045,2026-06-01,API Integration,271,327,0.8287,0.4283,11520
CUST-0045,2026-06-01,Executive Reporting,271,327,0.8287,0.5191,10634
CUST-0045,2026-06-01,Collaboration,271,327,0.8287,0.4216,5907
CUST-0045,2026-07-01,Analytics,292,327,0.893,0.7697,7708
CUST-0045,2026-07-01,Workflow Automation,292,327,0.893,0.3928,22805
CUST-0045,2026-07-01,API Integration,292,327,0.893,0.7665,4818
CUST-0045,2026-07-01,Executive Reporting,292,327,0.893,0.458,4496
CUST-0045,2026-07-01,Collaboration,292,327,0.893,0.7862,24090
CUST-0045,2026-07-31,Analytics,303,327,0.9266,0.608,14125
CUST-0045,2026-07-31,Workflow Automation,303,327,0.9266,0.3738,16143
CUST-0045,2026-07-31,API Integration,303,327,0.9266,0.7172,7399
CUST-0045,2026-07-31,Executive Reporting,303,327,0.9266,0.7803,29260
CUST-0045,2026-07-31,Collaboration,303,327,0.9266,0.463,11771
CUST-0046,2025-09-04,Analytics,211,366,0.5765,0.4301,9495
CUST-0046,2025-09-04,Workflow Automation,211,366,0.5765,0.8718,11394
CUST-0046,2025-09-04,API Integration,211,366,0.5765,0.5437,15614
CUST-0046,2025-09-04,Executive Reporting,211,366,0.5765,0.7794,18568
CUST-0046,2025-09-04,Collaboration,211,366,0.5765,0.483,17302
CUST-0046,2025-10-04,Analytics,213,366,0.582,0.8008,2343
CUST-0046,2025-10-04,Workflow Automation,213,366,0.582,0.6409,7242
CUST-0046,2025-10-04,API Integration,213,366,0.582,0.8803,6603
CUST-0046,2025-10-04,Executive Reporting,213,366,0.582,0.8459,16614
CUST-0046,2025-10-04,Collaboration,213,366,0.582,0.3524,4686
CUST-0046,2025-11-03,Analytics,244,366,0.6667,0.8563,24400
CUST-0046,2025-11-03,Workflow Automation,244,366,0.6667,0.6111,24156
CUST-0046,2025-11-03,API Integration,244,366,0.6667,0.6742,16104
CUST-0046,2025-11-03,Executive Reporting,244,366,0.6667,0.7204,5612
CUST-0046,2025-11-03,Collaboration,244,366,0.6667,0.4495,13420
CUST-0046,2025-12-03,Analytics,246,366,0.6721,0.5833,18450
CUST-0046,2025-12-03,Workflow Automation,246,366,0.6721,0.4752,5904
CUST-0046,2025-12-03,API Integration,246,366,0.6721,0.7688,12300
CUST-0046,2025-12-03,Executive Reporting,246,366,0.6721,0.418,5904
CUST-0046,2025-12-03,Collaboration,246,366,0.6721,0.6359,17958
CUST-0046,2026-01-02,Analytics,238,366,0.6503,0.7376,19278
CUST-0046,2026-01-02,Workflow Automation,238,366,0.6503,0.7472,4760
CUST-0046,2026-01-02,API Integration,238,366,0.6503,0.5305,5712
CUST-0046,2026-01-02,Executive Reporting,238,366,0.6503,0.5616,16184
CUST-0046,2026-01-02,Collaboration,238,366,0.6503,0.6802,11662
CUST-0046,2026-02-01,Analytics,235,366,0.6421,0.8126,8930
CUST-0046,2026-02-01,Workflow Automation,235,366,0.6421,0.6547,11045
CUST-0046,2026-02-01,API Integration,235,366,0.6421,0.8917,15040
CUST-0046,2026-02-01,Executive Reporting,235,366,0.6421,0.4538,4230
CUST-0046,2026-02-01,Collaboration,235,366,0.6421,0.8421,16450
CUST-0046,2026-03-03,Analytics,245,366,0.6694,0.5521,2695
CUST-0046,2026-03-03,Workflow Automation,245,366,0.6694,0.8993,17640
CUST-0046,2026-03-03,API Integration,245,366,0.6694,0.7197,14700
CUST-0046,2026-03-03,Executive Reporting,245,366,0.6694,0.5909,23030
CUST-0046,2026-03-03,Collaboration,245,366,0.6694,0.7221,6125
CUST-0046,2026-04-02,Analytics,215,366,0.5874,0.5703,18275
CUST-0046,2026-04-02,Workflow Automation,215,366,0.5874,0.8877,6665
CUST-0046,2026-04-02,API Integration,215,366,0.5874,0.3856,7525
CUST-0046,2026-04-02,Executive Reporting,215,366,0.5874,0.5362,18490
CUST-0046,2026-04-02,Collaboration,215,366,0.5874,0.8142,13115
CUST-0046,2026-05-02,Analytics,191,366,0.5219,0.7218,12409
CUST-0046,2026-05-02,Workflow Automation,191,366,0.5219,0.4478,14279
CUST-0046,2026-05-02,API Integration,191,366,0.5219,0.6021,15639
CUST-0046,2026-05-02,Executive Reporting,191,366,0.5219,0.7732,9349
CUST-0046,2026-05-02,Collaboration,191,366,0.5219,0.5444,14789
CUST-0046,2026-06-01,Analytics,191,366,0.5219,0.6966,11173
CUST-0046,2026-06-01,Workflow Automation,191,366,0.5219,0.3926,10130
CUST-0046,2026-06-01,API Integration,191,366,0.5219,0.3193,6257
CUST-0046,2026-06-01,Executive Reporting,191,366,0.5219,0.4829,5810
CUST-0046,2026-06-01,Collaboration,191,366,0.5219,0.5426,4022
CUST-0046,2026-07-01,Analytics,141,366,0.3852,0.5064,1700
CUST-0046,2026-07-01,Workflow Automation,141,366,0.3852,0.4181,1228
CUST-0046,2026-07-01,API Integration,141,366,0.3852,0.5927,5479
CUST-0046,2026-07-01,Executive Reporting,141,366,0.3852,0.4573,4817
CUST-0046,2026-07-01,Collaboration,141,366,0.3852,0.2908,8407
CUST-0046,2026-07-31,Analytics,130,366,0.3552,0.4301,6843
CUST-0046,2026-07-31,Workflow Automation,130,366,0.3552,0.4275,5314
CUST-0046,2026-07-31,API Integration,130,366,0.3552,0.4402,2548
CUST-0046,2026-07-31,Executive Reporting,130,366,0.3552,0.2864,5314
CUST-0046,2026-07-31,Collaboration,130,366,0.3552,0.347,3130
CUST-0047,2025-09-04,Analytics,629,836,0.7524,0.6506,8806
CUST-0047,2025-09-04,Workflow Automation,629,836,0.7524,0.8949,15725
CUST-0047,2025-09-04,API Integration,629,836,0.7524,0.561,31450
CUST-0047,2025-09-04,Executive Reporting,629,836,0.7524,0.8191,41514
CUST-0047,2025-09-04,Collaboration,629,836,0.7524,0.6028,8806
CUST-0047,2025-10-04,Analytics,564,836,0.6746,0.7127,27072
CUST-0047,2025-10-04,Workflow Automation,564,836,0.6746,0.8366,17484
CUST-0047,2025-10-04,API Integration,564,836,0.6746,0.6203,15228
CUST-0047,2025-10-04,Executive Reporting,564,836,0.6746,0.5219,33276
CUST-0047,2025-10-04,Collaboration,564,836,0.6746,0.6181,13536
CUST-0047,2025-11-03,Analytics,601,836,0.7189,0.6198,48080
CUST-0047,2025-11-03,Workflow Automation,601,836,0.7189,0.727,49883
CUST-0047,2025-11-03,API Integration,601,836,0.7189,0.6084,48681
CUST-0047,2025-11-03,Executive Reporting,601,836,0.7189,0.8199,44474
CUST-0047,2025-11-03,Collaboration,601,836,0.7189,0.3807,25843
CUST-0047,2025-12-03,Analytics,594,836,0.7105,0.884,52272
CUST-0047,2025-12-03,Workflow Automation,594,836,0.7105,0.7221,27324
CUST-0047,2025-12-03,API Integration,594,836,0.7105,0.5263,7722
CUST-0047,2025-12-03,Executive Reporting,594,836,0.7105,0.6748,15444
CUST-0047,2025-12-03,Collaboration,594,836,0.7105,0.8103,32076
CUST-0047,2026-01-02,Analytics,624,836,0.7464,0.6712,56160
CUST-0047,2026-01-02,Workflow Automation,624,836,0.7464,0.5377,13728
CUST-0047,2026-01-02,API Integration,624,836,0.7464,0.5855,34320
CUST-0047,2026-01-02,Executive Reporting,624,836,0.7464,0.5766,10608
CUST-0047,2026-01-02,Collaboration,624,836,0.7464,0.7137,25584
CUST-0047,2026-02-01,Analytics,569,836,0.6806,0.5217,11380
CUST-0047,2026-02-01,Workflow Automation,569,836,0.6806,0.8507,10242
CUST-0047,2026-02-01,API Integration,569,836,0.6806,0.8279,13656
CUST-0047,2026-02-01,Executive Reporting,569,836,0.6806,0.5357,6828
CUST-0047,2026-02-01,Collaboration,569,836,0.6806,0.6461,7966
CUST-0047,2026-03-03,Analytics,591,836,0.7069,0.8249,48462
CUST-0047,2026-03-03,Workflow Automation,591,836,0.7069,0.6331,37233
CUST-0047,2026-03-03,API Integration,591,836,0.7069,0.4966,58509
CUST-0047,2026-03-03,Executive Reporting,591,836,0.7069,0.6083,7092
CUST-0047,2026-03-03,Collaboration,591,836,0.7069,0.8922,34278
CUST-0047,2026-04-02,Analytics,601,836,0.7189,0.5273,13222
CUST-0047,2026-04-02,Workflow Automation,601,836,0.7189,0.7946,13222
CUST-0047,2026-04-02,API Integration,601,836,0.7189,0.73,21636
CUST-0047,2026-04-02,Executive Reporting,601,836,0.7189,0.5348,44474
CUST-0047,2026-04-02,Collaboration,601,836,0.7189,0.7963,57095
CUST-0047,2026-05-02,Analytics,515,836,0.616,0.6125,25667
CUST-0047,2026-05-02,Workflow Automation,515,836,0.616,0.786,16042
CUST-0047,2026-05-02,API Integration,515,836,0.616,0.5548,8708
CUST-0047,2026-05-02,Executive Reporting,515,836,0.616,0.7229,35751
CUST-0047,2026-05-02,Collaboration,515,836,0.616,0.4163,19709
CUST-0047,2026-06-01,Analytics,430,836,0.5144,0.7004,20459
CUST-0047,2026-06-01,Workflow Automation,430,836,0.5144,0.6182,29850
CUST-0047,2026-06-01,API Integration,430,836,0.5144,0.5917,7043
CUST-0047,2026-06-01,Executive Reporting,430,836,0.5144,0.5809,28173
CUST-0047,2026-06-01,Collaboration,430,836,0.5144,0.3136,17776
CUST-0047,2026-07-01,Analytics,384,836,0.4593,0.4432,19810
CUST-0047,2026-07-01,Workflow Automation,384,836,0.4593,0.4096,9262
CUST-0047,2026-07-01,API Integration,384,836,0.4593,0.3625,4888
CUST-0047,2026-07-01,Executive Reporting,384,836,0.4593,0.4746,12349
CUST-0047,2026-07-01,Collaboration,384,836,0.4593,0.4205,12349
CUST-0047,2026-07-31,Analytics,329,836,0.3935,0.3623,6448
CUST-0047,2026-07-31,Workflow Automation,329,836,0.3935,0.3236,7738
CUST-0047,2026-07-31,API Integration,329,836,0.3935,0.3885,12528
CUST-0047,2026-07-31,Executive Reporting,329,836,0.3935,0.4028,14739
CUST-0047,2026-07-31,Collaboration,329,836,0.3935,0.2516,2210
CUST-0048,2025-09-04,Analytics,574,975,0.5887,0.4671,39606
CUST-0048,2025-09-04,Workflow Automation,574,975,0.5887,0.4974,52234
CUST-0048,2025-09-04,API Integration,574,975,0.5887,0.643,50512
CUST-0048,2025-09-04,Executive Reporting,574,975,0.5887,0.819,37310
CUST-0048,2025-09-04,Collaboration,574,975,0.5887,0.864,51660
CUST-0048,2025-10-04,Analytics,528,975,0.5415,0.4604,36432
CUST-0048,2025-10-04,Workflow Automation,528,975,0.5415,0.4313,15312
CUST-0048,2025-10-04,API Integration,528,975,0.5415,0.7605,25344
CUST-0048,2025-10-04,Executive Reporting,528,975,0.5415,0.8143,32736
CUST-0048,2025-10-04,Collaboration,528,975,0.5415,0.5253,9504
CUST-0048,2025-11-03,Analytics,580,975,0.5949,0.8153,25520
CUST-0048,2025-11-03,Workflow Automation,580,975,0.5949,0.803,53360
CUST-0048,2025-11-03,API Integration,580,975,0.5949,0.4383,56260
CUST-0048,2025-11-03,Executive Reporting,580,975,0.5949,0.6807,35380
CUST-0048,2025-11-03,Collaboration,580,975,0.5949,0.4812,16820
CUST-0048,2025-12-03,Analytics,540,975,0.5538,0.4851,26460
CUST-0048,2025-12-03,Workflow Automation,540,975,0.5538,0.6053,43740
CUST-0048,2025-12-03,API Integration,540,975,0.5538,0.8952,34560
CUST-0048,2025-12-03,Executive Reporting,540,975,0.5538,0.7058,7560
CUST-0048,2025-12-03,Collaboration,540,975,0.5538,0.4611,23760
CUST-0048,2026-01-02,Analytics,534,975,0.5477,0.4921,24030
CUST-0048,2026-01-02,Workflow Automation,534,975,0.5477,0.7123,17088
CUST-0048,2026-01-02,API Integration,534,975,0.5477,0.7044,8010
CUST-0048,2026-01-02,Executive Reporting,534,975,0.5477,0.8801,38448
CUST-0048,2026-01-02,Collaboration,534,975,0.5477,0.7802,9078
CUST-0048,2026-02-01,Analytics,600,975,0.6154,0.3962,52200
CUST-0048,2026-02-01,Workflow Automation,600,975,0.6154,0.5139,10800
CUST-0048,2026-02-01,API Integration,600,975,0.6154,0.8453,37200
CUST-0048,2026-02-01,Executive Reporting,600,975,0.6154,0.8432,57000
CUST-0048,2026-02-01,Collaboration,600,975,0.6154,0.7116,12600
CUST-0048,2026-03-03,Analytics,558,975,0.5723,0.8119,15066
CUST-0048,2026-03-03,Workflow Automation,558,975,0.5723,0.4798,46314
CUST-0048,2026-03-03,API Integration,558,975,0.5723,0.754,13950
CUST-0048,2026-03-03,Executive Reporting,558,975,0.5723,0.6371,46872
CUST-0048,2026-03-03,Collaboration,558,975,0.5723,0.8723,42966
CUST-0048,2026-04-02,Analytics,545,975,0.559,0.8365,21800
CUST-0048,2026-04-02,Workflow Automation,545,975,0.559,0.6799,27250
CUST-0048,2026-04-02,API Integration,545,975,0.559,0.5311,45780
CUST-0048,2026-04-02,Executive Reporting,545,975,0.559,0.7555,21800
CUST-0048,2026-04-02,Collaboration,545,975,0.559,0.8645,20165
CUST-0048,2026-05-02,Analytics,535,975,0.5487,0.4463,24075
CUST-0048,2026-05-02,Workflow Automation,535,975,0.5487,0.5917,22470
CUST-0048,2026-05-02,API Integration,535,975,0.5487,0.8246,9095
CUST-0048,2026-05-02,Executive Reporting,535,975,0.5487,0.6197,30495
CUST-0048,2026-05-02,Collaboration,535,975,0.5487,0.7348,12840
CUST-0048,2026-06-01,Analytics,551,975,0.5651,0.5831,53447
CUST-0048,2026-06-01,Workflow Automation,551,975,0.5651,0.4855,24795
CUST-0048,2026-06-01,API Integration,551,975,0.5651,0.8337,15428
CUST-0048,2026-06-01,Executive Reporting,551,975,0.5651,0.5496,31407
CUST-0048,2026-06-01,Collaboration,551,975,0.5651,0.8018,6612
CUST-0048,2026-07-01,Analytics,581,975,0.5959,0.8479,8134
CUST-0048,2026-07-01,Workflow Automation,581,975,0.5959,0.8128,54614
CUST-0048,2026-07-01,API Integration,581,975,0.5959,0.7894,9296
CUST-0048,2026-07-01,Executive Reporting,581,975,0.5959,0.7299,55195
CUST-0048,2026-07-01,Collaboration,581,975,0.5959,0.4818,46480
CUST-0048,2026-07-31,Analytics,557,975,0.5713,0.7014,55143
CUST-0048,2026-07-31,Workflow Automation,557,975,0.5713,0.5496,54029
CUST-0048,2026-07-31,API Integration,557,975,0.5713,0.4171,22280
CUST-0048,2026-07-31,Executive Reporting,557,975,0.5713,0.8217,32863
CUST-0048,2026-07-31,Collaboration,557,975,0.5713,0.3543,33420
CUST-0049,2025-09-04,Analytics,322,415,0.7759,0.7662,15456
CUST-0049,2025-09-04,Workflow Automation,322,415,0.7759,0.4657,9660
CUST-0049,2025-09-04,API Integration,322,415,0.7759,0.8537,28980
CUST-0049,2025-09-04,Executive Reporting,322,415,0.7759,0.5245,29624
CUST-0049,2025-09-04,Collaboration,322,415,0.7759,0.5735,4508
CUST-0049,2025-10-04,Analytics,290,415,0.6988,0.3941,20880
CUST-0049,2025-10-04,Workflow Automation,290,415,0.6988,0.6091,17980
CUST-0049,2025-10-04,API Integration,290,415,0.6988,0.8596,15080
CUST-0049,2025-10-04,Executive Reporting,290,415,0.6988,0.7446,6380
CUST-0049,2025-10-04,Collaboration,290,415,0.6988,0.8034,28710
CUST-0049,2025-11-03,Analytics,289,415,0.6964,0.3865,18207
CUST-0049,2025-11-03,Workflow Automation,289,415,0.6964,0.6812,23120
CUST-0049,2025-11-03,API Integration,289,415,0.6964,0.7558,19652
CUST-0049,2025-11-03,Executive Reporting,289,415,0.6964,0.7324,4624
CUST-0049,2025-11-03,Collaboration,289,415,0.6964,0.7028,9537
CUST-0049,2025-12-03,Analytics,307,415,0.7398,0.7851,8289
CUST-0049,2025-12-03,Workflow Automation,307,415,0.7398,0.3517,10745
CUST-0049,2025-12-03,API Integration,307,415,0.7398,0.6956,15350
CUST-0049,2025-12-03,Executive Reporting,307,415,0.7398,0.6667,7368
CUST-0049,2025-12-03,Collaboration,307,415,0.7398,0.4368,23332
CUST-0049,2026-01-02,Analytics,311,415,0.7494,0.7722,28923
CUST-0049,2026-01-02,Workflow Automation,311,415,0.7494,0.7697,26746
CUST-0049,2026-01-02,API Integration,311,415,0.7494,0.7272,15550
CUST-0049,2026-01-02,Executive Reporting,311,415,0.7494,0.5983,8397
CUST-0049,2026-01-02,Collaboration,311,415,0.7494,0.4934,30167
CUST-0049,2026-02-01,Analytics,305,415,0.7349,0.5302,14030
CUST-0049,2026-02-01,Workflow Automation,305,415,0.7349,0.4593,19215
CUST-0049,2026-02-01,API Integration,305,415,0.7349,0.5522,18300
CUST-0049,2026-02-01,Executive Reporting,305,415,0.7349,0.832,25315
CUST-0049,2026-02-01,Collaboration,305,415,0.7349,0.4735,3660
CUST-0049,2026-03-03,Analytics,321,415,0.7735,0.7059,28890
CUST-0049,2026-03-03,Workflow Automation,321,415,0.7735,0.4758,6741
CUST-0049,2026-03-03,API Integration,321,415,0.7735,0.8858,11235
CUST-0049,2026-03-03,Executive Reporting,321,415,0.7735,0.494,9951
CUST-0049,2026-03-03,Collaboration,321,415,0.7735,0.3774,28569
CUST-0049,2026-04-02,Analytics,297,415,0.7157,0.4931,6237
CUST-0049,2026-04-02,Workflow Automation,297,415,0.7157,0.8769,9207
CUST-0049,2026-04-02,API Integration,297,415,0.7157,0.871,7425
CUST-0049,2026-04-02,Executive Reporting,297,415,0.7157,0.3578,22869
CUST-0049,2026-04-02,Collaboration,297,415,0.7157,0.5893,20196
CUST-0049,2026-05-02,Analytics,316,415,0.7614,0.6218,12008
CUST-0049,2026-05-02,Workflow Automation,316,415,0.7614,0.7425,10744
CUST-0049,2026-05-02,API Integration,316,415,0.7614,0.8703,13904
CUST-0049,2026-05-02,Executive Reporting,316,415,0.7614,0.5084,23068
CUST-0049,2026-05-02,Collaboration,316,415,0.7614,0.5601,20540
CUST-0049,2026-06-01,Analytics,318,415,0.7663,0.68,14628
CUST-0049,2026-06-01,Workflow Automation,318,415,0.7663,0.7497,10812
CUST-0049,2026-06-01,API Integration,318,415,0.7663,0.5801,19716
CUST-0049,2026-06-01,Executive Reporting,318,415,0.7663,0.7859,4134
CUST-0049,2026-06-01,Collaboration,318,415,0.7663,0.5096,13674
CUST-0049,2026-07-01,Analytics,167,415,0.4024,0.598,3971
CUST-0049,2026-07-01,Workflow Automation,167,415,0.4024,0.5533,9395
CUST-0049,2026-07-01,API Integration,167,415,0.4024,0.706,1937
CUST-0049,2026-07-01,Executive Reporting,167,415,0.4024,0.3557,2615
CUST-0049,2026-07-01,Collaboration,167,415,0.4024,0.8293,9492
CUST-0049,2026-07-31,Analytics,171,415,0.412,0.4667,5851
CUST-0049,2026-07-31,Workflow Automation,171,415,0.412,0.7396,8529
CUST-0049,2026-07-31,API Integration,171,415,0.412,0.4909,2181
CUST-0049,2026-07-31,Executive Reporting,171,415,0.412,0.6563,1586
CUST-0049,2026-07-31,Collaboration,171,415,0.412,0.5331,3967
CUST-0050,2025-09-04,Analytics,563,910,0.6187,0.8666,48418
CUST-0050,2025-09-04,Workflow Automation,563,910,0.6187,0.7403,8445
CUST-0050,2025-09-04,API Integration,563,910,0.6187,0.3529,41662
CUST-0050,2025-09-04,Executive Reporting,563,910,0.6187,0.6908,27024
CUST-0050,2025-09-04,Collaboration,563,910,0.6187,0.8876,53485
CUST-0050,2025-10-04,Analytics,511,910,0.5615,0.8824,41391
CUST-0050,2025-10-04,Workflow Automation,511,910,0.5615,0.3726,16352
CUST-0050,2025-10-04,API Integration,511,910,0.5615,0.4932,37814
CUST-0050,2025-10-04,Executive Reporting,511,910,0.5615,0.6211,27083
CUST-0050,2025-10-04,Collaboration,511,910,0.5615,0.8328,13286
CUST-0050,2025-11-03,Analytics,487,910,0.5352,0.7406,31655
CUST-0050,2025-11-03,Workflow Automation,487,910,0.5352,0.428,11688
CUST-0050,2025-11-03,API Integration,487,910,0.5352,0.5223,12662
CUST-0050,2025-11-03,Executive Reporting,487,910,0.5352,0.6246,21915
CUST-0050,2025-11-03,Collaboration,487,910,0.5352,0.7613,31655
CUST-0050,2025-12-03,Analytics,503,910,0.5527,0.8323,44264
CUST-0050,2025-12-03,Workflow Automation,503,910,0.5527,0.8063,21629
CUST-0050,2025-12-03,API Integration,503,910,0.5527,0.6343,32695
CUST-0050,2025-12-03,Executive Reporting,503,910,0.5527,0.841,25150
CUST-0050,2025-12-03,Collaboration,503,910,0.5527,0.7553,36216
CUST-0050,2026-01-02,Analytics,544,910,0.5978,0.4332,51136
CUST-0050,2026-01-02,Workflow Automation,544,910,0.5978,0.7002,35904
CUST-0050,2026-01-02,API Integration,544,910,0.5978,0.3793,15776
CUST-0050,2026-01-02,Executive Reporting,544,910,0.5978,0.38,17952
CUST-0050,2026-01-02,Collaboration,544,910,0.5978,0.3697,23392
CUST-0050,2026-02-01,Analytics,493,910,0.5418,0.6069,11832
CUST-0050,2026-02-01,Workflow Automation,493,910,0.5418,0.8974,35989
CUST-0050,2026-02-01,API Integration,493,910,0.5418,0.3724,27115
CUST-0050,2026-02-01,Executive Reporting,493,910,0.5418,0.8939,39933
CUST-0050,2026-02-01,Collaboration,493,910,0.5418,0.6169,35989
CUST-0050,2026-03-03,Analytics,489,910,0.5374,0.7459,13692
CUST-0050,2026-03-03,Workflow Automation,489,910,0.5374,0.418,10269
CUST-0050,2026-03-03,API Integration,489,910,0.5374,0.4621,22494
CUST-0050,2026-03-03,Executive Reporting,489,910,0.5374,0.4494,15159
CUST-0050,2026-03-03,Collaboration,489,910,0.5374,0.7625,21516
CUST-0050,2026-04-02,Analytics,527,910,0.5791,0.7147,19499
CUST-0050,2026-04-02,Workflow Automation,527,910,0.5791,0.671,5270
CUST-0050,2026-04-02,API Integration,527,910,0.5791,0.6393,43741
CUST-0050,2026-04-02,Executive Reporting,527,910,0.5791,0.4493,10013
CUST-0050,2026-04-02,Collaboration,527,910,0.5791,0.4854,38471
CUST-0050,2026-05-02,Analytics,536,910,0.589,0.8381,6968
CUST-0050,2026-05-02,Workflow Automation,536,910,0.589,0.5064,51992
CUST-0050,2026-05-02,API Integration,536,910,0.589,0.4171,30552
CUST-0050,2026-05-02,Executive Reporting,536,910,0.589,0.6747,12328
CUST-0050,2026-05-02,Collaboration,536,910,0.589,0.8103,15544
CUST-0050,2026-06-01,Analytics,482,910,0.5297,0.6031,48200
CUST-0050,2026-06-01,Workflow Automation,482,910,0.5297,0.7127,32776
CUST-0050,2026-06-01,API Integration,482,910,0.5297,0.6956,21208
CUST-0050,2026-06-01,Executive Reporting,482,910,0.5297,0.6768,4820
CUST-0050,2026-06-01,Collaboration,482,910,0.5297,0.5312,7230
CUST-0050,2026-07-01,Analytics,535,910,0.5879,0.873,27285
CUST-0050,2026-07-01,Workflow Automation,535,910,0.5879,0.8711,43870
CUST-0050,2026-07-01,API Integration,535,910,0.5879,0.4211,8560
CUST-0050,2026-07-01,Executive Reporting,535,910,0.5879,0.7909,24610
CUST-0050,2026-07-01,Collaboration,535,910,0.5879,0.5277,9095
CUST-0050,2026-07-31,Analytics,542,910,0.5956,0.6509,47154
CUST-0050,2026-07-31,Workflow Automation,542,910,0.5956,0.5598,33062
CUST-0050,2026-07-31,API Integration,542,910,0.5956,0.4903,21680
CUST-0050,2026-07-31,Executive Reporting,542,910,0.5956,0.8808,33062
CUST-0050,2026-07-31,Collaboration,542,910,0.5956,0.3991,19512
CUST-0051,2025-09-04,Analytics,202,295,0.6847,0.7059,18786
CUST-0051,2025-09-04,Workflow Automation,202,295,0.6847,0.4348,9696
CUST-0051,2025-09-04,API Integration,202,295,0.6847,0.62,13130
CUST-0051,2025-09-04,Executive Reporting,202,295,0.6847,0.7547,9898
CUST-0051,2025-09-04,Collaboration,202,295,0.6847,0.8471,17574
CUST-0051,2025-10-04,Analytics,193,295,0.6542,0.716,11001
CUST-0051,2025-10-04,Workflow Automation,193,295,0.6542,0.632,13896
CUST-0051,2025-10-04,API Integration,193,295,0.6542,0.595,11387
CUST-0051,2025-10-04,Executive Reporting,193,295,0.6542,0.612,15826
CUST-0051,2025-10-04,Collaboration,193,295,0.6542,0.6802,4053
CUST-0051,2025-11-03,Analytics,214,295,0.7254,0.796,18832
CUST-0051,2025-11-03,Workflow Automation,214,295,0.7254,0.4525,19260
CUST-0051,2025-11-03,API Integration,214,295,0.7254,0.5843,3210
CUST-0051,2025-11-03,Executive Reporting,214,295,0.7254,0.6323,14766
CUST-0051,2025-11-03,Collaboration,214,295,0.7254,0.722,19688
CUST-0051,2025-12-03,Analytics,212,295,0.7186,0.4353,15476
CUST-0051,2025-12-03,Workflow Automation,212,295,0.7186,0.64,19504
CUST-0051,2025-12-03,API Integration,212,295,0.7186,0.6386,9964
CUST-0051,2025-12-03,Executive Reporting,212,295,0.7186,0.6075,4240
CUST-0051,2025-12-03,Collaboration,212,295,0.7186,0.849,15052
CUST-0051,2026-01-02,Analytics,199,295,0.6746,0.8913,19303
CUST-0051,2026-01-02,Workflow Automation,199,295,0.6746,0.8466,8159
CUST-0051,2026-01-02,API Integration,199,295,0.6746,0.6377,9353
CUST-0051,2026-01-02,Executive Reporting,199,295,0.6746,0.6627,15920
CUST-0051,2026-01-02,Collaboration,199,295,0.6746,0.3921,2985
CUST-0051,2026-02-01,Analytics,206,295,0.6983,0.6309,12772
CUST-0051,2026-02-01,Workflow Automation,206,295,0.6983,0.402,19364
CUST-0051,2026-02-01,API Integration,206,295,0.6983,0.7462,8652
CUST-0051,2026-02-01,Executive Reporting,206,295,0.6983,0.5455,17304
CUST-0051,2026-02-01,Collaboration,206,295,0.6983,0.395,15244
CUST-0051,2026-03-03,Analytics,190,295,0.6441,0.7573,13110
CUST-0051,2026-03-03,Workflow Automation,190,295,0.6441,0.4488,6270
CUST-0051,2026-03-03,API Integration,190,295,0.6441,0.8136,2850
CUST-0051,2026-03-03,Executive Reporting,190,295,0.6441,0.3958,19000
CUST-0051,2026-03-03,Collaboration,190,295,0.6441,0.5137,16150
CUST-0051,2026-04-02,Analytics,213,295,0.722,0.7665,14271
CUST-0051,2026-04-02,Workflow Automation,213,295,0.722,0.6931,9159
CUST-0051,2026-04-02,API Integration,213,295,0.722,0.5377,7029
CUST-0051,2026-04-02,Executive Reporting,213,295,0.722,0.4661,4260
CUST-0051,2026-04-02,Collaboration,213,295,0.722,0.7609,18531
CUST-0051,2026-05-02,Analytics,198,295,0.6712,0.7204,12870
CUST-0051,2026-05-02,Workflow Automation,198,295,0.6712,0.6439,1980
CUST-0051,2026-05-02,API Integration,198,295,0.6712,0.5672,2178
CUST-0051,2026-05-02,Executive Reporting,198,295,0.6712,0.4445,14058
CUST-0051,2026-05-02,Collaboration,198,295,0.6712,0.6031,12078
CUST-0051,2026-06-01,Analytics,218,295,0.739,0.8812,18966
CUST-0051,2026-06-01,Workflow Automation,218,295,0.739,0.7493,10464
CUST-0051,2026-06-01,API Integration,218,295,0.739,0.6902,19184
CUST-0051,2026-06-01,Executive Reporting,218,295,0.739,0.5484,20928
CUST-0051,2026-06-01,Collaboration,218,295,0.739,0.8797,20928
CUST-0051,2026-07-01,Analytics,202,295,0.6847,0.5165,5252
CUST-0051,2026-07-01,Workflow Automation,202,295,0.6847,0.4243,6868
CUST-0051,2026-07-01,API Integration,202,295,0.6847,0.4116,2424
CUST-0051,2026-07-01,Executive Reporting,202,295,0.6847,0.7328,6868
CUST-0051,2026-07-01,Collaboration,202,295,0.6847,0.8225,7272
CUST-0051,2026-07-31,Analytics,205,295,0.6949,0.4298,8200
CUST-0051,2026-07-31,Workflow Automation,205,295,0.6949,0.5897,18450
CUST-0051,2026-07-31,API Integration,205,295,0.6949,0.822,15990
CUST-0051,2026-07-31,Executive Reporting,205,295,0.6949,0.455,9840
CUST-0051,2026-07-31,Collaboration,205,295,0.6949,0.7733,5740
CUST-0052,2025-09-04,Analytics,492,762,0.6457,0.8463,48708
CUST-0052,2025-09-04,Workflow Automation,492,762,0.6457,0.5949,35424
CUST-0052,2025-09-04,API Integration,492,762,0.6457,0.6093,32964
CUST-0052,2025-09-04,Executive Reporting,492,762,0.6457,0.6719,17220
CUST-0052,2025-09-04,Collaboration,492,762,0.6457,0.5122,29520
CUST-0052,2025-10-04,Analytics,487,762,0.6391,0.3543,43830
CUST-0052,2025-10-04,Workflow Automation,487,762,0.6391,0.8162,31655
CUST-0052,2025-10-04,API Integration,487,762,0.6391,0.8887,35551
CUST-0052,2025-10-04,Executive Reporting,487,762,0.6391,0.7554,41882
CUST-0052,2025-10-04,Collaboration,487,762,0.6391,0.7521,22889
CUST-0052,2025-11-03,Analytics,486,762,0.6378,0.5698,36450
CUST-0052,2025-11-03,Workflow Automation,486,762,0.6378,0.6751,42768
CUST-0052,2025-11-03,API Integration,486,762,0.6378,0.8644,34992
CUST-0052,2025-11-03,Executive Reporting,486,762,0.6378,0.4775,8262
CUST-0052,2025-11-03,Collaboration,486,762,0.6378,0.6406,31104
CUST-0052,2025-12-03,Analytics,531,762,0.6969,0.6543,23364
CUST-0052,2025-12-03,Workflow Automation,531,762,0.6969,0.8411,33453
CUST-0052,2025-12-03,API Integration,531,762,0.6969,0.839,12744
CUST-0052,2025-12-03,Executive Reporting,531,762,0.6969,0.6221,48852
CUST-0052,2025-12-03,Collaboration,531,762,0.6969,0.5407,52569
CUST-0052,2026-01-02,Analytics,519,762,0.6811,0.4387,17646
CUST-0052,2026-01-02,Workflow Automation,519,762,0.6811,0.6081,34254
CUST-0052,2026-01-02,API Integration,519,762,0.6811,0.4777,19722
CUST-0052,2026-01-02,Executive Reporting,519,762,0.6811,0.6732,50343
CUST-0052,2026-01-02,Collaboration,519,762,0.6811,0.5365,45153
CUST-0052,2026-02-01,Analytics,554,762,0.727,0.7434,38226
CUST-0052,2026-02-01,Workflow Automation,554,762,0.727,0.4221,26038
CUST-0052,2026-02-01,API Integration,554,762,0.727,0.7476,32686
CUST-0052,2026-02-01,Executive Reporting,554,762,0.727,0.8779,53184
CUST-0052,2026-02-01,Collaboration,554,762,0.727,0.7089,31024
CUST-0052,2026-03-03,Analytics,549,762,0.7205,0.7899,16470
CUST-0052,2026-03-03,Workflow Automation,549,762,0.7205,0.692,25254
CUST-0052,2026-03-03,API Integration,549,762,0.7205,0.7299,11529
CUST-0052,2026-03-03,Executive Reporting,549,762,0.7205,0.7169,14274
CUST-0052,2026-03-03,Collaboration,549,762,0.7205,0.4453,16470
CUST-0052,2026-04-02,Analytics,533,762,0.6995,0.4055,33579
CUST-0052,2026-04-02,Workflow Automation,533,762,0.6995,0.8687,38909
CUST-0052,2026-04-02,API Integration,533,762,0.6995,0.517,19188
CUST-0052,2026-04-02,Executive Reporting,533,762,0.6995,0.6563,6396
CUST-0052,2026-04-02,Collaboration,533,762,0.6995,0.5473,22919
CUST-0052,2026-05-02,Analytics,512,762,0.6719,0.4372,37888
CUST-0052,2026-05-02,Workflow Automation,512,762,0.6719,0.3676,9216
CUST-0052,2026-05-02,API Integration,512,762,0.6719,0.5358,12288
CUST-0052,2026-05-02,Executive Reporting,512,762,0.6719,0.6897,12800
CUST-0052,2026-05-02,Collaboration,512,762,0.6719,0.6591,36864
CUST-0052,2026-06-01,Analytics,504,762,0.6614,0.5372,27720
CUST-0052,2026-06-01,Workflow Automation,504,762,0.6614,0.7732,40824
CUST-0052,2026-06-01,API Integration,504,762,0.6614,0.4971,14616
CUST-0052,2026-06-01,Executive Reporting,504,762,0.6614,0.8194,37800
CUST-0052,2026-06-01,Collaboration,504,762,0.6614,0.6824,11592
CUST-0052,2026-07-01,Analytics,542,762,0.7113,0.8596,35772
CUST-0052,2026-07-01,Workflow Automation,542,762,0.7113,0.7894,13008
CUST-0052,2026-07-01,API Integration,542,762,0.7113,0.8861,47696
CUST-0052,2026-07-01,Executive Reporting,542,762,0.7113,0.6853,12466
CUST-0052,2026-07-01,Collaboration,542,762,0.7113,0.803,8130
CUST-0052,2026-07-31,Analytics,525,762,0.689,0.4419,13125
CUST-0052,2026-07-31,Workflow Automation,525,762,0.689,0.829,29400
CUST-0052,2026-07-31,API Integration,525,762,0.689,0.4364,24675
CUST-0052,2026-07-31,Executive Reporting,525,762,0.689,0.7395,38850
CUST-0052,2026-07-31,Collaboration,525,762,0.689,0.6241,11550
CUST-0053,2025-09-04,Analytics,191,312,0.6122,0.4258,6685
CUST-0053,2025-09-04,Workflow Automation,191,312,0.6122,0.5915,12033
CUST-0053,2025-09-04,API Integration,191,312,0.6122,0.7731,1910
CUST-0053,2025-09-04,Executive Reporting,191,312,0.6122,0.4849,13370
CUST-0053,2025-09-04,Collaboration,191,312,0.6122,0.5377,14134
CUST-0053,2025-10-04,Analytics,188,312,0.6026,0.4963,11962
CUST-0053,2025-10-04,Workflow Automation,188,312,0.6026,0.5484,18038
CUST-0053,2025-10-04,API Integration,188,312,0.6026,0.485,14620
CUST-0053,2025-10-04,Executive Reporting,188,312,0.6026,0.5819,7405
CUST-0053,2025-10-04,Collaboration,188,312,0.6026,0.4259,12152
CUST-0053,2025-11-03,Analytics,198,312,0.6346,0.5751,13733
CUST-0053,2025-11-03,Workflow Automation,198,312,0.6346,0.8735,15348
CUST-0053,2025-11-03,API Integration,198,312,0.6346,0.787,11309
CUST-0053,2025-11-03,Executive Reporting,198,312,0.6346,0.8691,13329
CUST-0053,2025-11-03,Collaboration,198,312,0.6346,0.4301,2221
CUST-0053,2025-12-03,Analytics,209,312,0.6699,0.6345,3874
CUST-0053,2025-12-03,Workflow Automation,209,312,0.6699,0.3966,10763
CUST-0053,2025-12-03,API Integration,209,312,0.6699,0.5709,6673
CUST-0053,2025-12-03,Executive Reporting,209,312,0.6699,0.5887,12916
CUST-0053,2025-12-03,Collaboration,209,312,0.6699,0.7676,20235
CUST-0053,2026-01-02,Analytics,218,312,0.6987,0.433,18817
CUST-0053,2026-01-02,Workflow Automation,218,312,0.6987,0.3818,20404
CUST-0053,2026-01-02,API Integration,218,312,0.6987,0.889,21311
CUST-0053,2026-01-02,Executive Reporting,218,312,0.6987,0.8317,10655
CUST-0053,2026-01-02,Collaboration,218,312,0.6987,0.5806,21991
CUST-0053,2026-02-01,Analytics,213,312,0.6827,0.8305,11182
CUST-0053,2026-02-01,Workflow Automation,213,312,0.6827,0.8501,2460
CUST-0053,2026-02-01,API Integration,213,312,0.6827,0.8049,17221
CUST-0053,2026-02-01,Executive Reporting,213,312,0.6827,0.6857,6262
CUST-0053,2026-02-01,Collaboration,213,312,0.6827,0.7352,14984
CUST-0053,2026-03-03,Analytics,213,312,0.6827,0.8382,20094
CUST-0053,2026-03-03,Workflow Automation,213,312,0.6827,0.7836,20997
CUST-0053,2026-03-03,API Integration,213,312,0.6827,0.5932,12192
CUST-0053,2026-03-03,Executive Reporting,213,312,0.6827,0.8382,20997
CUST-0053,2026-03-03,Collaboration,213,312,0.6827,0.5725,7902
CUST-0053,2026-04-02,Analytics,223,312,0.7147,0.3964,18611
CUST-0053,2026-04-02,Workflow Automation,223,312,0.7147,0.534,6203
CUST-0053,2026-04-02,API Integration,223,312,0.7147,0.6363,18850
CUST-0053,2026-04-02,Executive Reporting,223,312,0.7147,0.5062,5010
CUST-0053,2026-04-02,Collaboration,223,312,0.7147,0.6314,11691
CUST-0053,2026-05-02,Analytics,213,312,0.6827,0.7664,6901
CUST-0053,2026-05-02,Workflow Automation,213,312,0.6827,0.3629,18173
CUST-0053,2026-05-02,API Integration,213,312,0.6827,0.6759,9201
CUST-0053,2026-05-02,Executive Reporting,213,312,0.6827,0.8077,11041
CUST-0053,2026-05-02,Collaboration,213,312,0.6827,0.7496,17022
CUST-0053,2026-06-01,Analytics,201,312,0.6442,0.383,12488
CUST-0053,2026-06-01,Workflow Automation,201,312,0.6442,0.4929,16212
CUST-0053,2026-06-01,API Integration,201,312,0.6442,0.545,3505
CUST-0053,2026-06-01,Executive Reporting,201,312,0.6442,0.7661,5477
CUST-0053,2026-06-01,Collaboration,201,312,0.6442,0.5968,18184
CUST-0053,2026-07-01,Analytics,224,312,0.7179,0.5992,9856
CUST-0053,2026-07-01,Workflow Automation,224,312,0.7179,0.793,20697
CUST-0053,2026-07-01,API Integration,224,312,0.7179,0.6611,22176
CUST-0053,2026-07-01,Executive Reporting,224,312,0.7179,0.716,21190
CUST-0053,2026-07-01,Collaboration,224,312,0.7179,0.4786,11827
CUST-0053,2026-07-31,Analytics,211,312,0.6763,0.7816,19439
CUST-0053,2026-07-31,Workflow Automation,211,312,0.6763,0.7198,13584
CUST-0053,2026-07-31,API Integration,211,312,0.6763,0.6358,9602
CUST-0053,2026-07-31,Executive Reporting,211,312,0.6763,0.4079,17799
CUST-0053,2026-07-31,Collaboration,211,312,0.6763,0.6703,13115
CUST-0054,2025-09-04,Analytics,522,635,0.822,0.8056,10440
CUST-0054,2025-09-04,Workflow Automation,522,635,0.822,0.4007,33408
CUST-0054,2025-09-04,API Integration,522,635,0.822,0.8387,36540
CUST-0054,2025-09-04,Executive Reporting,522,635,0.822,0.4681,9918
CUST-0054,2025-09-04,Collaboration,522,635,0.822,0.5531,40194
CUST-0054,2025-10-04,Analytics,497,635,0.7827,0.6574,29820
CUST-0054,2025-10-04,Workflow Automation,497,635,0.7827,0.8296,41748
CUST-0054,2025-10-04,API Integration,497,635,0.7827,0.6244,31808
CUST-0054,2025-10-04,Executive Reporting,497,635,0.7827,0.8981,48706
CUST-0054,2025-10-04,Collaboration,497,635,0.7827,0.8621,35784
CUST-0054,2025-11-03,Analytics,523,635,0.8236,0.5793,15690
CUST-0054,2025-11-03,Workflow Automation,523,635,0.8236,0.4294,13598
CUST-0054,2025-11-03,API Integration,523,635,0.8236,0.6166,35564
CUST-0054,2025-11-03,Executive Reporting,523,635,0.8236,0.4212,52300
CUST-0054,2025-11-03,Collaboration,523,635,0.8236,0.6323,40271
CUST-0054,2025-12-03,Analytics,474,635,0.7465,0.467,33180
CUST-0054,2025-12-03,Workflow Automation,474,635,0.7465,0.3679,14220
CUST-0054,2025-12-03,API Integration,474,635,0.7465,0.8692,27018
CUST-0054,2025-12-03,Executive Reporting,474,635,0.7465,0.8569,11850
CUST-0054,2025-12-03,Collaboration,474,635,0.7465,0.6809,29388
CUST-0054,2026-01-02,Analytics,473,635,0.7449,0.5533,22231
CUST-0054,2026-01-02,Workflow Automation,473,635,0.7449,0.3722,13717
CUST-0054,2026-01-02,API Integration,473,635,0.7449,0.4148,23177
CUST-0054,2026-01-02,Executive Reporting,473,635,0.7449,0.8951,22704
CUST-0054,2026-01-02,Collaboration,473,635,0.7449,0.5117,6149
CUST-0054,2026-02-01,Analytics,528,635,0.8315,0.4282,44880
CUST-0054,2026-02-01,Workflow Automation,528,635,0.8315,0.582,25872
CUST-0054,2026-02-01,API Integration,528,635,0.8315,0.839,19536
CUST-0054,2026-02-01,Executive Reporting,528,635,0.8315,0.4507,38016
CUST-0054,2026-02-01,Collaboration,528,635,0.8315,0.3511,42240
CUST-0054,2026-03-03,Analytics,492,635,0.7748,0.8287,30996
CUST-0054,2026-03-03,Workflow Automation,492,635,0.7748,0.6146,24108
CUST-0054,2026-03-03,API Integration,492,635,0.7748,0.6612,26076
CUST-0054,2026-03-03,Executive Reporting,492,635,0.7748,0.7797,34440
CUST-0054,2026-03-03,Collaboration,492,635,0.7748,0.809,42804
CUST-0054,2026-04-02,Analytics,475,635,0.748,0.4262,43225
CUST-0054,2026-04-02,Workflow Automation,475,635,0.748,0.6035,31825
CUST-0054,2026-04-02,API Integration,475,635,0.748,0.717,13775
CUST-0054,2026-04-02,Executive Reporting,475,635,0.748,0.8265,24225
CUST-0054,2026-04-02,Collaboration,475,635,0.748,0.3991,42275
CUST-0054,2026-05-02,Analytics,518,635,0.8157,0.5753,20202
CUST-0054,2026-05-02,Workflow Automation,518,635,0.8157,0.8451,27454
CUST-0054,2026-05-02,API Integration,518,635,0.8157,0.6475,49210
CUST-0054,2026-05-02,Executive Reporting,518,635,0.8157,0.8395,23310
CUST-0054,2026-05-02,Collaboration,518,635,0.8157,0.7053,16058
CUST-0054,2026-06-01,Analytics,521,635,0.8205,0.6646,52100
CUST-0054,2026-06-01,Workflow Automation,521,635,0.8205,0.5199,47932
CUST-0054,2026-06-01,API Integration,521,635,0.8205,0.4181,42201
CUST-0054,2026-06-01,Executive Reporting,521,635,0.8205,0.3968,46369
CUST-0054,2026-06-01,Collaboration,521,635,0.8205,0.648,8336
CUST-0054,2026-07-01,Analytics,541,635,0.852,0.637,37870
CUST-0054,2026-07-01,Workflow Automation,541,635,0.852,0.6265,6492
CUST-0054,2026-07-01,API Integration,541,635,0.852,0.4162,42198
CUST-0054,2026-07-01,Executive Reporting,541,635,0.852,0.4489,6492
CUST-0054,2026-07-01,Collaboration,541,635,0.852,0.5012,19476
CUST-0054,2026-07-31,Analytics,484,635,0.7622,0.7381,40656
CUST-0054,2026-07-31,Workflow Automation,484,635,0.7622,0.5943,37752
CUST-0054,2026-07-31,API Integration,484,635,0.7622,0.6838,29524
CUST-0054,2026-07-31,Executive Reporting,484,635,0.7622,0.6739,34848
CUST-0054,2026-07-31,Collaboration,484,635,0.7622,0.8241,5808
CUST-0055,2025-09-04,Analytics,382,567,0.6737,0.8228,19100
CUST-0055,2025-09-04,Workflow Automation,382,567,0.6737,0.5601,8022
CUST-0055,2025-09-04,API Integration,382,567,0.6737,0.4131,8404
CUST-0055,2025-09-04,Executive Reporting,382,567,0.6737,0.648,17572
CUST-0055,2025-09-04,Collaboration,382,567,0.6737,0.4292,16044
CUST-0055,2025-10-04,Analytics,404,567,0.7125,0.4348,25048
CUST-0055,2025-10-04,Workflow Automation,404,567,0.7125,0.7232,6868
CUST-0055,2025-10-04,API Integration,404,567,0.7125,0.688,20604
CUST-0055,2025-10-04,Executive Reporting,404,567,0.7125,0.4498,6868
CUST-0055,2025-10-04,Collaboration,404,567,0.7125,0.5139,8888
CUST-0055,2025-11-03,Analytics,376,567,0.6631,0.5771,19176
CUST-0055,2025-11-03,Workflow Automation,376,567,0.6631,0.4919,9400
CUST-0055,2025-11-03,API Integration,376,567,0.6631,0.3785,15040
CUST-0055,2025-11-03,Executive Reporting,376,567,0.6631,0.7637,31960
CUST-0055,2025-11-03,Collaboration,376,567,0.6631,0.4801,28200
CUST-0055,2025-12-03,Analytics,403,567,0.7108,0.5618,9672
CUST-0055,2025-12-03,Workflow Automation,403,567,0.7108,0.4981,20150
CUST-0055,2025-12-03,API Integration,403,567,0.7108,0.6057,24986
CUST-0055,2025-12-03,Executive Reporting,403,567,0.7108,0.386,5239
CUST-0055,2025-12-03,Collaboration,403,567,0.7108,0.5741,15717
CUST-0055,2026-01-02,Analytics,413,567,0.7284,0.3602,33040
CUST-0055,2026-01-02,Workflow Automation,413,567,0.7284,0.8799,39648
CUST-0055,2026-01-02,API Integration,413,567,0.7284,0.4058,33453
CUST-0055,2026-01-02,Executive Reporting,413,567,0.7284,0.7084,10738
CUST-0055,2026-01-02,Collaboration,413,567,0.7284,0.5175,25606
CUST-0055,2026-02-01,Analytics,384,567,0.6772,0.8155,28416
CUST-0055,2026-02-01,Workflow Automation,384,567,0.6772,0.4619,10752
CUST-0055,2026-02-01,API Integration,384,567,0.6772,0.5553,11904
CUST-0055,2026-02-01,Executive Reporting,384,567,0.6772,0.7801,29952
CUST-0055,2026-02-01,Collaboration,384,567,0.6772,0.8739,31104
CUST-0055,2026-03-03,Analytics,385,567,0.679,0.3506,26565
CUST-0055,2026-03-03,Workflow Automation,385,567,0.679,0.8786,34265
CUST-0055,2026-03-03,API Integration,385,567,0.679,0.5091,11935
CUST-0055,2026-03-03,Executive Reporting,385,567,0.679,0.3503,27335
CUST-0055,2026-03-03,Collaboration,385,567,0.679,0.5003,16170
CUST-0055,2026-04-02,Analytics,409,567,0.7213,0.5591,22086
CUST-0055,2026-04-02,Workflow Automation,409,567,0.7213,0.8133,15133
CUST-0055,2026-04-02,API Integration,409,567,0.7213,0.6718,30675
CUST-0055,2026-04-02,Executive Reporting,409,567,0.7213,0.5047,12270
CUST-0055,2026-04-02,Collaboration,409,567,0.7213,0.7566,33538
CUST-0055,2026-05-02,Analytics,361,567,0.6367,0.3993,35739
CUST-0055,2026-05-02,Workflow Automation,361,567,0.6367,0.4176,9747
CUST-0055,2026-05-02,API Integration,361,567,0.6367,0.7488,16245
CUST-0055,2026-05-02,Executive Reporting,361,567,0.6367,0.8331,12996
CUST-0055,2026-05-02,Collaboration,361,567,0.6367,0.6857,18050
CUST-0055,2026-06-01,Analytics,411,567,0.7249,0.87,37401
CUST-0055,2026-06-01,Workflow Automation,411,567,0.7249,0.4937,41100
CUST-0055,2026-06-01,API Integration,411,567,0.7249,0.599,16851
CUST-0055,2026-06-01,Executive Reporting,411,567,0.7249,0.7143,20961
CUST-0055,2026-06-01,Collaboration,411,567,0.7249,0.5379,27948
CUST-0055,2026-07-01,Analytics,416,567,0.7337,0.5307,40768
CUST-0055,2026-07-01,Workflow Automation,416,567,0.7337,0.4235,4160
CUST-0055,2026-07-01,API Integration,416,567,0.7337,0.6848,4160
CUST-0055,2026-07-01,Executive Reporting,416,567,0.7337,0.8458,39936
CUST-0055,2026-07-01,Collaboration,416,567,0.7337,0.4454,33696
CUST-0055,2026-07-31,Analytics,412,567,0.7266,0.7368,24720
CUST-0055,2026-07-31,Workflow Automation,412,567,0.7266,0.646,38316
CUST-0055,2026-07-31,API Integration,412,567,0.7266,0.7082,32136
CUST-0055,2026-07-31,Executive Reporting,412,567,0.7266,0.367,39140
CUST-0055,2026-07-31,Collaboration,412,567,0.7266,0.5948,10300
CUST-0056,2025-09-04,Analytics,393,715,0.5497,0.6807,23187
CUST-0056,2025-09-04,Workflow Automation,393,715,0.5497,0.4475,38907
CUST-0056,2025-09-04,API Integration,393,715,0.5497,0.8911,9825
CUST-0056,2025-09-04,Executive Reporting,393,715,0.5497,0.6045,13362
CUST-0056,2025-09-04,Collaboration,393,715,0.5497,0.5945,14934
CUST-0056,2025-10-04,Analytics,420,715,0.5874,0.7671,41147
CUST-0056,2025-10-04,Workflow Automation,420,715,0.5874,0.8568,23331
CUST-0056,2025-10-04,API Integration,420,715,0.5874,0.4553,37329
CUST-0056,2025-10-04,Executive Reporting,420,715,0.5874,0.6939,16119
CUST-0056,2025-10-04,Collaboration,420,715,0.5874,0.4788,30966
CUST-0056,2025-11-03,Analytics,439,715,0.614,0.3702,32687
CUST-0056,2025-11-03,Workflow Automation,439,715,0.614,0.8475,44778
CUST-0056,2025-11-03,API Integration,439,715,0.614,0.6833,4477
CUST-0056,2025-11-03,Executive Reporting,439,715,0.614,0.4578,40747
CUST-0056,2025-11-03,Collaboration,439,715,0.614,0.5678,20150
CUST-0056,2025-12-03,Analytics,417,715,0.5832,0.6217,34360
CUST-0056,2025-12-03,Workflow Automation,417,715,0.5832,0.4566,35219
CUST-0056,2025-12-03,API Integration,417,715,0.5832,0.7197,37367
CUST-0056,2025-12-03,Executive Reporting,417,715,0.5832,0.6608,7731
CUST-0056,2025-12-03,Collaboration,417,715,0.5832,0.6735,7731
CUST-0056,2026-01-02,Analytics,392,715,0.5483,0.8635,15899
CUST-0056,2026-01-02,Workflow Automation,392,715,0.5483,0.8346,18345
CUST-0056,2026-01-02,API Integration,392,715,0.5483,0.4555,39137
CUST-0056,2026-01-02,Executive Reporting,392,715,0.5483,0.3627,39952
CUST-0056,2026-01-02,Collaboration,392,715,0.5483,0.7228,35875
CUST-0056,2026-02-01,Analytics,404,715,0.565,0.6581,28845
CUST-0056,2026-02-01,Workflow Automation,404,715,0.565,0.3511,27148
CUST-0056,2026-02-01,API Integration,404,715,0.565,0.7025,39450
CUST-0056,2026-02-01,Executive Reporting,404,715,0.565,0.3785,21634
CUST-0056,2026-02-01,Collaboration,404,715,0.565,0.5879,26300
CUST-0056,2026-03-03,Analytics,409,715,0.572,0.7241,29914
CUST-0056,2026-03-03,Workflow Automation,409,715,0.572,0.6226,32949
CUST-0056,2026-03-03,API Integration,409,715,0.572,0.7675,16474
CUST-0056,2026-03-03,Executive Reporting,409,715,0.572,0.3758,27313
CUST-0056,2026-03-03,Collaboration,409,715,0.572,0.6428,21677
CUST-0056,2026-04-02,Analytics,395,715,0.5524,0.457,8453
CUST-0056,2026-04-02,Workflow Automation,395,715,0.5524,0.8341,5494
CUST-0056,2026-04-02,API Integration,395,715,0.5524,0.8946,16060
CUST-0056,2026-04-02,Executive Reporting,395,715,0.5524,0.888,27049
CUST-0056,2026-04-02,Collaboration,395,715,0.5524,0.8768,17328
CUST-0056,2026-05-02,Analytics,412,715,0.5762,0.5311,8009
CUST-0056,2026-05-02,Workflow Automation,412,715,0.5762,0.6943,9789
CUST-0056,2026-05-02,API Integration,412,715,0.5762,0.3653,28922
CUST-0056,2026-05-02,Executive Reporting,412,715,0.5762,0.7944,37821
CUST-0056,2026-05-02,Collaboration,412,715,0.5762,0.7885,23137
CUST-0056,2026-06-01,Analytics,460,715,0.6434,0.4859,35098
CUST-0056,2026-06-01,Workflow Automation,460,715,0.6434,0.4811,26574
CUST-0056,2026-06-01,API Integration,460,715,0.6434,0.8079,26072
CUST-0056,2026-06-01,Executive Reporting,460,715,0.6434,0.6358,20056
CUST-0056,2026-06-01,Collaboration,460,715,0.6434,0.869,43120
CUST-0056,2026-07-01,Analytics,449,715,0.628,0.7703,44451
CUST-0056,2026-07-01,Workflow Automation,449,715,0.628,0.5956,12347
CUST-0056,2026-07-01,API Integration,449,715,0.628,0.397,8396
CUST-0056,2026-07-01,Executive Reporting,449,715,0.628,0.8542,28646
CUST-0056,2026-07-01,Collaboration,449,715,0.628,0.5223,48402
CUST-0056,2026-07-31,Analytics,414,715,0.579,0.4201,30329
CUST-0056,2026-07-31,Workflow Automation,414,715,0.579,0.3801,40439
CUST-0056,2026-07-31,API Integration,414,715,0.579,0.6944,8271
CUST-0056,2026-07-31,Executive Reporting,414,715,0.579,0.406,7812
CUST-0056,2026-07-31,Collaboration,414,715,0.579,0.6576,21598
CUST-0057,2025-09-04,Analytics,438,619,0.7076,0.5761,37668
CUST-0057,2025-09-04,Workflow Automation,438,619,0.7076,0.7831,38982
CUST-0057,2025-09-04,API Integration,438,619,0.7076,0.3558,25842
CUST-0057,2025-09-04,Executive Reporting,438,619,0.7076,0.6053,28032
CUST-0057,2025-09-04,Collaboration,438,619,0.7076,0.834,38982
CUST-0057,2025-10-04,Analytics,402,619,0.6494,0.708,38592
CUST-0057,2025-10-04,Workflow Automation,402,619,0.6494,0.7806,27336
CUST-0057,2025-10-04,API Integration,402,619,0.6494,0.6345,34170
CUST-0057,2025-10-04,Executive Reporting,402,619,0.6494,0.4559,9246
CUST-0057,2025-10-04,Collaboration,402,619,0.6494,0.3568,7236
CUST-0057,2025-11-03,Analytics,436,619,0.7044,0.8124,36188
CUST-0057,2025-11-03,Workflow Automation,436,619,0.7044,0.4193,32700
CUST-0057,2025-11-03,API Integration,436,619,0.7044,0.491,27468
CUST-0057,2025-11-03,Executive Reporting,436,619,0.7044,0.6148,38804
CUST-0057,2025-11-03,Collaboration,436,619,0.7044,0.5945,17876
CUST-0057,2025-12-03,Analytics,405,619,0.6543,0.3742,10530
CUST-0057,2025-12-03,Workflow Automation,405,619,0.6543,0.5214,26325
CUST-0057,2025-12-03,API Integration,405,619,0.6543,0.6322,37665
CUST-0057,2025-12-03,Executive Reporting,405,619,0.6543,0.7649,19845
CUST-0057,2025-12-03,Collaboration,405,619,0.6543,0.671,31995
CUST-0057,2026-01-02,Analytics,448,619,0.7237,0.4311,21952
CUST-0057,2026-01-02,Workflow Automation,448,619,0.7237,0.6818,21056
CUST-0057,2026-01-02,API Integration,448,619,0.7237,0.5529,4928
CUST-0057,2026-01-02,Executive Reporting,448,619,0.7237,0.6347,42112
CUST-0057,2026-01-02,Collaboration,448,619,0.7237,0.7231,7616
CUST-0057,2026-02-01,Analytics,411,619,0.664,0.8006,33291
CUST-0057,2026-02-01,Workflow Automation,411,619,0.664,0.8223,26304
CUST-0057,2026-02-01,API Integration,411,619,0.664,0.5391,14385
CUST-0057,2026-02-01,Executive Reporting,411,619,0.664,0.7023,14385
CUST-0057,2026-02-01,Collaboration,411,619,0.664,0.7819,21783
CUST-0057,2026-03-03,Analytics,408,619,0.6591,0.6116,39984
CUST-0057,2026-03-03,Workflow Automation,408,619,0.6591,0.8901,35088
CUST-0057,2026-03-03,API Integration,408,619,0.6591,0.7308,34272
CUST-0057,2026-03-03,Executive Reporting,408,619,0.6591,0.6614,21216
CUST-0057,2026-03-03,Collaboration,408,619,0.6591,0.6889,25704
CUST-0057,2026-04-02,Analytics,418,619,0.6753,0.4077,6270
CUST-0057,2026-04-02,Workflow Automation,418,619,0.6753,0.6228,4180
CUST-0057,2026-04-02,API Integration,418,619,0.6753,0.7013,40964
CUST-0057,2026-04-02,Executive Reporting,418,619,0.6753,0.4767,37202
CUST-0057,2026-04-02,Collaboration,418,619,0.6753,0.4672,29678
CUST-0057,2026-05-02,Analytics,397,619,0.6414,0.7778,18373
CUST-0057,2026-05-02,Workflow Automation,397,619,0.6414,0.7067,20493
CUST-0057,2026-05-02,API Integration,397,619,0.6414,0.412,11659
CUST-0057,2026-05-02,Executive Reporting,397,619,0.6414,0.7159,3533
CUST-0057,2026-05-02,Collaboration,397,619,0.6414,0.4891,6713
CUST-0057,2026-06-01,Analytics,327,619,0.5283,0.511,7141
CUST-0057,2026-06-01,Workflow Automation,327,619,0.5283,0.3977,8672
CUST-0057,2026-06-01,API Integration,327,619,0.5283,0.5438,14283
CUST-0057,2026-06-01,Executive Reporting,327,619,0.5283,0.2918,3315
CUST-0057,2026-06-01,Collaboration,327,619,0.5283,0.3584,11732
CUST-0057,2026-07-01,Analytics,273,619,0.441,0.5608,5853
CUST-0057,2026-07-01,Workflow Automation,273,619,0.441,0.3597,14632
CUST-0057,2026-07-01,API Integration,273,619,0.441,0.3251,6401
CUST-0057,2026-07-01,Executive Reporting,273,619,0.441,0.2424,7865
CUST-0057,2026-07-01,Collaboration,273,619,0.441,0.5701,2194
CUST-0057,2026-07-31,Analytics,253,619,0.4087,0.2383,13176
CUST-0057,2026-07-31,Workflow Automation,253,619,0.4087,0.4385,3400
CUST-0057,2026-07-31,API Integration,253,619,0.4087,0.3002,5100
CUST-0057,2026-07-31,Executive Reporting,253,619,0.4087,0.29,5667
CUST-0057,2026-07-31,Collaboration,253,619,0.4087,0.3098,8075
CUST-0058,2025-09-04,Analytics,231,379,0.6095,0.8987,15015
CUST-0058,2025-09-04,Workflow Automation,231,379,0.6095,0.8331,4158
CUST-0058,2025-09-04,API Integration,231,379,0.6095,0.4152,6006
CUST-0058,2025-09-04,Executive Reporting,231,379,0.6095,0.7872,7854
CUST-0058,2025-09-04,Collaboration,231,379,0.6095,0.6429,22638
CUST-0058,2025-10-04,Analytics,210,379,0.5541,0.6798,19110
CUST-0058,2025-10-04,Workflow Automation,210,379,0.5541,0.4845,3150
CUST-0058,2025-10-04,API Integration,210,379,0.5541,0.7697,17850
CUST-0058,2025-10-04,Executive Reporting,210,379,0.5541,0.454,16380
CUST-0058,2025-10-04,Collaboration,210,379,0.5541,0.5118,6090
CUST-0058,2025-11-03,Analytics,209,379,0.5515,0.3793,9405
CUST-0058,2025-11-03,Workflow Automation,209,379,0.5515,0.8301,15675
CUST-0058,2025-11-03,API Integration,209,379,0.5515,0.8826,15048
CUST-0058,2025-11-03,Executive Reporting,209,379,0.5515,0.4651,4180
CUST-0058,2025-11-03,Collaboration,209,379,0.5515,0.7816,19646
CUST-0058,2025-12-03,Analytics,218,379,0.5752,0.4421,12862
CUST-0058,2025-12-03,Workflow Automation,218,379,0.5752,0.7632,20056
CUST-0058,2025-12-03,API Integration,218,379,0.5752,0.7631,12426
CUST-0058,2025-12-03,Executive Reporting,218,379,0.5752,0.6242,15042
CUST-0058,2025-12-03,Collaboration,218,379,0.5752,0.4484,12426
CUST-0058,2026-01-02,Analytics,215,379,0.5673,0.6158,15695
CUST-0058,2026-01-02,Workflow Automation,215,379,0.5673,0.6106,18060
CUST-0058,2026-01-02,API Integration,215,379,0.5673,0.5705,18060
CUST-0058,2026-01-02,Executive Reporting,215,379,0.5673,0.7074,7740
CUST-0058,2026-01-02,Collaboration,215,379,0.5673,0.4707,7525
CUST-0058,2026-02-01,Analytics,213,379,0.562,0.4789,7881
CUST-0058,2026-02-01,Workflow Automation,213,379,0.562,0.5183,12354
CUST-0058,2026-02-01,API Integration,213,379,0.562,0.6643,12141
CUST-0058,2026-02-01,Executive Reporting,213,379,0.562,0.49,4260
CUST-0058,2026-02-01,Collaboration,213,379,0.562,0.4239,4260
CUST-0058,2026-03-03,Analytics,207,379,0.5462,0.6354,8073
CUST-0058,2026-03-03,Workflow Automation,207,379,0.5462,0.6712,14283
CUST-0058,2026-03-03,API Integration,207,379,0.5462,0.6317,10971
CUST-0058,2026-03-03,Executive Reporting,207,379,0.5462,0.5844,14283
CUST-0058,2026-03-03,Collaboration,207,379,0.5462,0.5879,11799
CUST-0058,2026-04-02,Analytics,225,379,0.5937,0.5244,13050
CUST-0058,2026-04-02,Workflow Automation,225,379,0.5937,0.3636,14850
CUST-0058,2026-04-02,API Integration,225,379,0.5937,0.4786,20700
CUST-0058,2026-04-02,Executive Reporting,225,379,0.5937,0.3917,4500
CUST-0058,2026-04-02,Collaboration,225,379,0.5937,0.512,16650
CUST-0058,2026-05-02,Analytics,215,379,0.5673,0.704,9675
CUST-0058,2026-05-02,Workflow Automation,215,379,0.5673,0.8596,4730
CUST-0058,2026-05-02,API Integration,215,379,0.5673,0.4152,12040
CUST-0058,2026-05-02,Executive Reporting,215,379,0.5673,0.3711,7525
CUST-0058,2026-05-02,Collaboration,215,379,0.5673,0.5336,20640
CUST-0058,2026-06-01,Analytics,209,379,0.5515,0.5165,20273
CUST-0058,2026-06-01,Workflow Automation,209,379,0.5515,0.815,7106
CUST-0058,2026-06-01,API Integration,209,379,0.5515,0.7381,5643
CUST-0058,2026-06-01,Executive Reporting,209,379,0.5515,0.8991,16511
CUST-0058,2026-06-01,Collaboration,209,379,0.5515,0.8518,2299
CUST-0058,2026-07-01,Analytics,224,379,0.591,0.505,12096
CUST-0058,2026-07-01,Workflow Automation,224,379,0.591,0.7807,13664
CUST-0058,2026-07-01,API Integration,224,379,0.591,0.8702,18816
CUST-0058,2026-07-01,Executive Reporting,224,379,0.591,0.7668,2464
CUST-0058,2026-07-01,Collaboration,224,379,0.591,0.6096,16800
CUST-0058,2026-07-31,Analytics,231,379,0.6095,0.8733,13860
CUST-0058,2026-07-31,Workflow Automation,231,379,0.6095,0.4752,8316
CUST-0058,2026-07-31,API Integration,231,379,0.6095,0.6109,17556
CUST-0058,2026-07-31,Executive Reporting,231,379,0.6095,0.6729,18480
CUST-0058,2026-07-31,Collaboration,231,379,0.6095,0.7667,15939
CUST-0059,2025-09-04,Analytics,376,649,0.5794,0.4533,37224
CUST-0059,2025-09-04,Workflow Automation,376,649,0.5794,0.5797,24816
CUST-0059,2025-09-04,API Integration,376,649,0.5794,0.5975,30456
CUST-0059,2025-09-04,Executive Reporting,376,649,0.5794,0.3666,10152
CUST-0059,2025-09-04,Collaboration,376,649,0.5794,0.6676,9776
CUST-0059,2025-10-04,Analytics,379,649,0.584,0.7558,27943
CUST-0059,2025-10-04,Workflow Automation,379,649,0.584,0.7957,21053
CUST-0059,2025-10-04,API Integration,379,649,0.584,0.5369,24115
CUST-0059,2025-10-04,Executive Reporting,379,649,0.584,0.5841,23350
CUST-0059,2025-10-04,Collaboration,379,649,0.584,0.7696,37513
CUST-0059,2025-11-03,Analytics,398,649,0.6133,0.5293,4871
CUST-0059,2025-11-03,Workflow Automation,398,649,0.6133,0.6622,5683
CUST-0059,2025-11-03,API Integration,398,649,0.6133,0.8572,11772
CUST-0059,2025-11-03,Executive Reporting,398,649,0.6133,0.8875,21109
CUST-0059,2025-11-03,Collaboration,398,649,0.6133,0.6625,35318
CUST-0059,2025-12-03,Analytics,426,649,0.6564,0.6656,26326
CUST-0059,2025-12-03,Workflow Automation,426,649,0.6564,0.8891,15796
CUST-0059,2025-12-03,API Integration,426,649,0.6564,0.8718,7898
CUST-0059,2025-12-03,Executive Reporting,426,649,0.6564,0.644,14918
CUST-0059,2025-12-03,Collaboration,426,649,0.6564,0.6111,22816
CUST-0059,2026-01-02,Analytics,408,649,0.6287,0.5983,20367
CUST-0059,2026-01-02,Workflow Automation,408,649,0.6287,0.4013,9759
CUST-0059,2026-01-02,API Integration,408,649,0.6287,0.7212,13578
CUST-0059,2026-01-02,Executive Reporting,408,649,0.6287,0.3676,41583
CUST-0059,2026-01-02,Collaboration,408,649,0.6287,0.6819,5516
CUST-0059,2026-02-01,Analytics,386,649,0.5948,0.3882,23912
CUST-0059,2026-02-01,Workflow Automation,386,649,0.5948,0.5061,15806
CUST-0059,2026-02-01,API Integration,386,649,0.5948,0.5101,31208
CUST-0059,2026-02-01,Executive Reporting,386,649,0.5948,0.3885,6890
CUST-0059,2026-02-01,Collaboration,386,649,0.5948,0.5528,4458
CUST-0059,2026-03-03,Analytics,389,649,0.5994,0.8228,25565
CUST-0059,2026-03-03,Workflow Automation,389,649,0.5994,0.5651,9896
CUST-0059,2026-03-03,API Integration,389,649,0.5994,0.421,25977
CUST-0059,2026-03-03,Executive Reporting,389,649,0.5994,0.613,7422
CUST-0059,2026-03-03,Collaboration,389,649,0.5994,0.5639,14844
CUST-0059,2026-04-02,Analytics,390,649,0.6009,0.4631,27124
CUST-0059,2026-04-02,Workflow Automation,390,649,0.6009,0.7998,39643
CUST-0059,2026-04-02,API Integration,390,649,0.6009,0.6111,36305
CUST-0059,2026-04-02,Executive Reporting,390,649,0.6009,0.6663,20447
CUST-0059,2026-04-02,Collaboration,390,649,0.6009,0.6731,30880
CUST-0059,2026-05-02,Analytics,433,649,0.6672,0.6024,16367
CUST-0059,2026-05-02,Workflow Automation,433,649,0.6672,0.3541,13093
CUST-0059,2026-05-02,API Integration,433,649,0.6672,0.5952,28526
CUST-0059,2026-05-02,Executive Reporting,433,649,0.6672,0.6827,19173
CUST-0059,2026-05-02,Collaboration,433,649,0.6672,0.6392,38346
CUST-0059,2026-06-01,Analytics,448,649,0.6903,0.6031,40530
CUST-0059,2026-06-01,Workflow Automation,448,649,0.6903,0.3715,10254
CUST-0059,2026-06-01,API Integration,448,649,0.6903,0.5084,33205
CUST-0059,2026-06-01,Executive Reporting,448,649,0.6903,0.5407,23439
CUST-0059,2026-06-01,Collaboration,448,649,0.6903,0.5651,15626
CUST-0059,2026-07-01,Analytics,420,649,0.6471,0.4488,41118
CUST-0059,2026-07-01,Workflow Automation,420,649,0.6471,0.7533,31416
CUST-0059,2026-07-01,API Integration,420,649,0.6471,0.5616,43428
CUST-0059,2026-07-01,Executive Reporting,420,649,0.6471,0.4509,37884
CUST-0059,2026-07-01,Collaboration,420,649,0.6471,0.4025,45738
CUST-0059,2026-07-31,Analytics,461,649,0.7103,0.4818,15351
CUST-0059,2026-07-31,Workflow Automation,461,649,0.7103,0.5006,46053
CUST-0059,2026-07-31,API Integration,461,649,0.7103,0.6458,48612
CUST-0059,2026-07-31,Executive Reporting,461,649,0.7103,0.854,50659
CUST-0059,2026-07-31,Collaboration,461,649,0.7103,0.7496,18933
CUST-0060,2025-09-04,Analytics,567,788,0.7195,0.4167,32319
CUST-0060,2025-09-04,Workflow Automation,567,788,0.7195,0.3921,13041
CUST-0060,2025-09-04,API Integration,567,788,0.7195,0.6274,28917
CUST-0060,2025-09-04,Executive Reporting,567,788,0.7195,0.5756,17577
CUST-0060,2025-09-04,Collaboration,567,788,0.7195,0.489,41958
CUST-0060,2025-10-04,Analytics,510,788,0.6472,0.3647,46874
CUST-0060,2025-10-04,Workflow Automation,510,788,0.6472,0.732,35541
CUST-0060,2025-10-04,API Integration,510,788,0.6472,0.5596,31421
CUST-0060,2025-10-04,Executive Reporting,510,788,0.6472,0.8207,30906
CUST-0060,2025-10-04,Collaboration,510,788,0.6472,0.3708,21634
CUST-0060,2025-11-03,Analytics,521,788,0.6612,0.8544,27102
CUST-0060,2025-11-03,Workflow Automation,521,788,0.6612,0.7187,36667
CUST-0060,2025-11-03,API Integration,521,788,0.6612,0.6166,9565
CUST-0060,2025-11-03,Executive Reporting,521,788,0.6612,0.3954,49953
CUST-0060,2025-11-03,Collaboration,521,788,0.6612,0.4833,35073
CUST-0060,2025-12-03,Analytics,529,788,0.6713,0.8012,16346
CUST-0060,2025-12-03,Workflow Automation,529,788,0.6713,0.4438,6538
CUST-0060,2025-12-03,API Integration,529,788,0.6713,0.6838,17435
CUST-0060,2025-12-03,Executive Reporting,529,788,0.6713,0.5118,42499
CUST-0060,2025-12-03,Collaboration,529,788,0.6713,0.7578,16890
CUST-0060,2026-01-02,Analytics,528,788,0.6701,0.77,52715
CUST-0060,2026-01-02,Workflow Automation,528,788,0.6701,0.5003,36241
CUST-0060,2026-01-02,API Integration,528,788,0.6701,0.5469,20317
CUST-0060,2026-01-02,Executive Reporting,528,788,0.6701,0.7429,52715
CUST-0060,2026-01-02,Collaboration,528,788,0.6701,0.6428,36241
CUST-0060,2026-02-01,Analytics,590,788,0.7487,0.8101,47082
CUST-0060,2026-02-01,Workflow Automation,590,788,0.7487,0.7026,58233
CUST-0060,2026-02-01,API Integration,590,788,0.7487,0.8434,36550
CUST-0060,2026-02-01,Executive Reporting,590,788,0.7487,0.7297,40887
CUST-0060,2026-02-01,Collaboration,590,788,0.7487,0.3788,6195
CUST-0060,2026-03-03,Analytics,535,788,0.6789,0.5576,19848
CUST-0060,2026-03-03,Workflow Automation,535,788,0.6789,0.8609,32324
CUST-0060,2026-03-03,API Integration,535,788,0.6789,0.8498,19848
CUST-0060,2026-03-03,Executive Reporting,535,788,0.6789,0.4003,35727
CUST-0060,2026-03-03,Collaboration,535,788,0.6789,0.3654,6238
CUST-0060,2026-04-02,Analytics,567,788,0.7195,0.4557,57635
CUST-0060,2026-04-02,Workflow Automation,567,788,0.7195,0.3847,13347
CUST-0060,2026-04-02,API Integration,567,788,0.7195,0.7883,57635
CUST-0060,2026-04-02,Executive Reporting,567,788,0.7195,0.4423,18807
CUST-0060,2026-04-02,Collaboration,567,788,0.7195,0.3742,45501
CUST-0060,2026-05-02,Analytics,551,788,0.6992,0.5299,48201
CUST-0060,2026-05-02,Workflow Automation,551,788,0.6992,0.6947,52962
CUST-0060,2026-05-02,API Integration,551,788,0.6992,0.4639,47011
CUST-0060,2026-05-02,Executive Reporting,551,788,0.6992,0.5673,38085
CUST-0060,2026-05-02,Collaboration,551,788,0.6992,0.4164,22017
CUST-0060,2026-06-01,Analytics,556,788,0.7056,0.5279,6666
CUST-0060,2026-06-01,Workflow Automation,556,788,0.7056,0.5712,30302
CUST-0060,2026-06-01,API Integration,556,788,0.7056,0.3566,22423
CUST-0060,2026-06-01,Executive Reporting,556,788,0.7056,0.6023,10908
CUST-0060,2026-06-01,Collaboration,556,788,0.7056,0.7119,27271
CUST-0060,2026-07-01,Analytics,613,788,0.7779,0.5529,12137
CUST-0060,2026-07-01,Workflow Automation,613,788,0.7779,0.837,41806
CUST-0060,2026-07-01,API Integration,613,788,0.7779,0.5158,57989
CUST-0060,2026-07-01,Executive Reporting,613,788,0.7779,0.6248,15508
CUST-0060,2026-07-01,Collaboration,613,788,0.7779,0.7419,55292
CUST-0060,2026-07-31,Analytics,573,788,0.7272,0.8775,54698
CUST-0060,2026-07-31,Workflow Automation,573,788,0.7272,0.5284,57242
CUST-0060,2026-07-31,API Integration,573,788,0.7272,0.733,61058
CUST-0060,2026-07-31,Executive Reporting,573,788,0.7272,0.8585,62330
CUST-0060,2026-07-31,Collaboration,573,788,0.7272,0.4231,20352
CUST-0061,2025-09-04,Analytics,374,652,0.5736,0.3871,4488
CUST-0061,2025-09-04,Workflow Automation,374,652,0.5736,0.6847,31416
CUST-0061,2025-09-04,API Integration,374,652,0.5736,0.5969,28050
CUST-0061,2025-09-04,Executive Reporting,374,652,0.5736,0.7023,14586
CUST-0061,2025-09-04,Collaboration,374,652,0.5736,0.6269,37400
CUST-0061,2025-10-04,Analytics,397,652,0.6089,0.4779,35285
CUST-0061,2025-10-04,Workflow Automation,397,652,0.6089,0.7674,10024
CUST-0061,2025-10-04,API Integration,397,652,0.6089,0.5199,25662
CUST-0061,2025-10-04,Executive Reporting,397,652,0.6089,0.7665,35686
CUST-0061,2025-10-04,Collaboration,397,652,0.6089,0.3937,10826
CUST-0061,2025-11-03,Analytics,364,652,0.5583,0.5131,10767
CUST-0061,2025-11-03,Workflow Automation,364,652,0.5583,0.5567,34157
CUST-0061,2025-11-03,API Integration,364,652,0.5583,0.3708,31930
CUST-0061,2025-11-03,Executive Reporting,364,652,0.5583,0.8937,24504
CUST-0061,2025-11-03,Collaboration,364,652,0.5583,0.7566,19306
CUST-0061,2025-12-03,Analytics,353,652,0.5414,0.5246,5453
CUST-0061,2025-12-03,Workflow Automation,353,652,0.5414,0.6365,22906
CUST-0061,2025-12-03,API Integration,353,652,0.5414,0.7064,16725
CUST-0061,2025-12-03,Executive Reporting,353,652,0.5414,0.7628,14180
CUST-0061,2025-12-03,Collaboration,353,652,0.5414,0.8158,18906
CUST-0061,2026-01-02,Analytics,370,652,0.5675,0.4632,6156
CUST-0061,2026-01-02,Workflow Automation,370,652,0.5675,0.8486,36556
CUST-0061,2026-01-02,API Integration,370,652,0.5675,0.8936,37325
CUST-0061,2026-01-02,Executive Reporting,370,652,0.5675,0.733,14622
CUST-0061,2026-01-02,Collaboration,370,652,0.5675,0.6844,22318
CUST-0061,2026-02-01,Analytics,384,652,0.589,0.451,36288
CUST-0061,2026-02-01,Workflow Automation,384,652,0.589,0.3533,29030
CUST-0061,2026-02-01,API Integration,384,652,0.589,0.3885,13708
CUST-0061,2026-02-01,Executive Reporting,384,652,0.589,0.3787,11289
CUST-0061,2026-02-01,Collaboration,384,652,0.589,0.8661,10483
CUST-0061,2026-03-03,Analytics,361,652,0.5537,0.6759,13775
CUST-0061,2026-03-03,Workflow Automation,361,652,0.5537,0.48,7653
CUST-0061,2026-03-03,API Integration,361,652,0.5537,0.5844,26403
CUST-0061,2026-03-03,Executive Reporting,361,652,0.5537,0.5213,13393
CUST-0061,2026-03-03,Collaboration,361,652,0.5537,0.4847,12245
CUST-0061,2026-04-02,Analytics,397,652,0.6089,0.5167,35257
CUST-0061,2026-04-02,Workflow Automation,397,652,0.6089,0.5965,38655
CUST-0061,2026-04-02,API Integration,397,652,0.6089,0.4608,30160
CUST-0061,2026-04-02,Executive Reporting,397,652,0.6089,0.394,23788
CUST-0061,2026-04-02,Collaboration,397,652,0.6089,0.569,13168
CUST-0061,2026-05-02,Analytics,392,652,0.6012,0.5825,37255
CUST-0061,2026-05-02,Workflow Automation,392,652,0.6012,0.7542,12277
CUST-0061,2026-05-02,API Integration,392,652,0.6012,0.8008,30058
CUST-0061,2026-05-02,Executive Reporting,392,652,0.6012,0.3609,24554
CUST-0061,2026-05-02,Collaboration,392,652,0.6012,0.5851,8467
CUST-0061,2026-06-01,Analytics,414,652,0.635,0.8568,38808
CUST-0061,2026-06-01,Workflow Automation,414,652,0.635,0.6455,36100
CUST-0061,2026-06-01,API Integration,414,652,0.635,0.7497,18952
CUST-0061,2026-06-01,Executive Reporting,414,652,0.635,0.5592,22111
CUST-0061,2026-06-01,Collaboration,414,652,0.635,0.5995,26173
CUST-0061,2026-07-01,Analytics,405,652,0.6212,0.6145,23166
CUST-0061,2026-07-01,Workflow Automation,405,652,0.6212,0.4252,31185
CUST-0061,2026-07-01,API Integration,405,652,0.6212,0.4576,15147
CUST-0061,2026-07-01,Executive Reporting,405,652,0.6212,0.3523,32967
CUST-0061,2026-07-01,Collaboration,405,652,0.6212,0.7517,25393
CUST-0061,2026-07-31,Analytics,404,652,0.6196,0.8591,26906
CUST-0061,2026-07-31,Workflow Automation,404,652,0.6196,0.8838,25561
CUST-0061,2026-07-31,API Integration,404,652,0.6196,0.5612,21973
CUST-0061,2026-07-31,Executive Reporting,404,652,0.6196,0.7026,38117
CUST-0061,2026-07-31,Collaboration,404,652,0.6196,0.3892,6278
CUST-0062,2025-09-04,Analytics,168,238,0.7059,0.4568,10920
CUST-0062,2025-09-04,Workflow Automation,168,238,0.7059,0.8764,9072
CUST-0062,2025-09-04,API Integration,168,238,0.7059,0.6303,12096
CUST-0062,2025-09-04,Executive Reporting,168,238,0.7059,0.6992,9576
CUST-0062,2025-09-04,Collaboration,168,238,0.7059,0.7331,15624
CUST-0062,2025-10-04,Analytics,163,238,0.6849,0.5832,6683
CUST-0062,2025-10-04,Workflow Automation,163,238,0.6849,0.4833,2282
CUST-0062,2025-10-04,API Integration,163,238,0.6849,0.8568,9128
CUST-0062,2025-10-04,Executive Reporting,163,238,0.6849,0.697,15648
CUST-0062,2025-10-04,Collaboration,163,238,0.6849,0.3655,15485
CUST-0062,2025-11-03,Analytics,170,238,0.7143,0.4937,11560
CUST-0062,2025-11-03,Workflow Automation,170,238,0.7143,0.8693,4760
CUST-0062,2025-11-03,API Integration,170,238,0.7143,0.4899,14790
CUST-0062,2025-11-03,Executive Reporting,170,238,0.7143,0.6681,15980
CUST-0062,2025-11-03,Collaboration,170,238,0.7143,0.8128,1870
CUST-0062,2025-12-03,Analytics,156,238,0.6555,0.4008,9204
CUST-0062,2025-12-03,Workflow Automation,156,238,0.6555,0.5687,13260
CUST-0062,2025-12-03,API Integration,156,238,0.6555,0.8858,3120
CUST-0062,2025-12-03,Executive Reporting,156,238,0.6555,0.6352,5304
CUST-0062,2025-12-03,Collaboration,156,238,0.6555,0.8318,4836
CUST-0062,2026-01-02,Analytics,175,238,0.7353,0.4891,8400
CUST-0062,2026-01-02,Workflow Automation,175,238,0.7353,0.6254,13650
CUST-0062,2026-01-02,API Integration,175,238,0.7353,0.7122,10150
CUST-0062,2026-01-02,Executive Reporting,175,238,0.7353,0.6723,10850
CUST-0062,2026-01-02,Collaboration,175,238,0.7353,0.7639,3675
CUST-0062,2026-02-01,Analytics,156,238,0.6555,0.6649,8424
CUST-0062,2026-02-01,Workflow Automation,156,238,0.6555,0.7978,6864
CUST-0062,2026-02-01,API Integration,156,238,0.6555,0.7618,9360
CUST-0062,2026-02-01,Executive Reporting,156,238,0.6555,0.7345,1560
CUST-0062,2026-02-01,Collaboration,156,238,0.6555,0.8929,11232
CUST-0062,2026-03-03,Analytics,153,238,0.6429,0.3884,15147
CUST-0062,2026-03-03,Workflow Automation,153,238,0.6429,0.5798,9639
CUST-0062,2026-03-03,API Integration,153,238,0.6429,0.71,9945
CUST-0062,2026-03-03,Executive Reporting,153,238,0.6429,0.4438,8721
CUST-0062,2026-03-03,Collaboration,153,238,0.6429,0.4525,4131
CUST-0062,2026-04-02,Analytics,158,238,0.6639,0.4501,3792
CUST-0062,2026-04-02,Workflow Automation,158,238,0.6639,0.5979,5846
CUST-0062,2026-04-02,API Integration,158,238,0.6639,0.4521,2686
CUST-0062,2026-04-02,Executive Reporting,158,238,0.6639,0.7625,5372
CUST-0062,2026-04-02,Collaboration,158,238,0.6639,0.4926,9796
CUST-0062,2026-05-02,Analytics,165,238,0.6933,0.8521,3795
CUST-0062,2026-05-02,Workflow Automation,165,238,0.6933,0.8276,5115
CUST-0062,2026-05-02,API Integration,165,238,0.6933,0.3939,3300
CUST-0062,2026-05-02,Executive Reporting,165,238,0.6933,0.5578,7425
CUST-0062,2026-05-02,Collaboration,165,238,0.6933,0.3853,2145
CUST-0062,2026-06-01,Analytics,169,238,0.7101,0.6128,16224
CUST-0062,2026-06-01,Workflow Automation,169,238,0.7101,0.7683,1859
CUST-0062,2026-06-01,API Integration,169,238,0.7101,0.3836,1690
CUST-0062,2026-06-01,Executive Reporting,169,238,0.7101,0.7159,2535
CUST-0062,2026-06-01,Collaboration,169,238,0.7101,0.4033,12844
CUST-0062,2026-07-01,Analytics,174,238,0.7311,0.5566,13224
CUST-0062,2026-07-01,Workflow Automation,174,238,0.7311,0.8928,7656
CUST-0062,2026-07-01,API Integration,174,238,0.7311,0.8627,12180
CUST-0062,2026-07-01,Executive Reporting,174,238,0.7311,0.7663,15138
CUST-0062,2026-07-01,Collaboration,174,238,0.7311,0.5862,9918
CUST-0062,2026-07-31,Analytics,171,238,0.7185,0.5387,8550
CUST-0062,2026-07-31,Workflow Automation,171,238,0.7185,0.7993,9576
CUST-0062,2026-07-31,API Integration,171,238,0.7185,0.7158,9918
CUST-0062,2026-07-31,Executive Reporting,171,238,0.7185,0.6859,9405
CUST-0062,2026-07-31,Collaboration,171,238,0.7185,0.8302,3762
CUST-0063,2025-09-04,Analytics,44,63,0.6984,0.7489,1188
CUST-0063,2025-09-04,Workflow Automation,44,63,0.6984,0.3641,1100
CUST-0063,2025-09-04,API Integration,44,63,0.6984,0.828,1980
CUST-0063,2025-09-04,Executive Reporting,44,63,0.6984,0.8731,1804
CUST-0063,2025-09-04,Collaboration,44,63,0.6984,0.5526,3916
CUST-0063,2025-10-04,Analytics,44,63,0.6984,0.8284,3300
CUST-0063,2025-10-04,Workflow Automation,44,63,0.6984,0.5772,1496
CUST-0063,2025-10-04,API Integration,44,63,0.6984,0.3517,4004
CUST-0063,2025-10-04,Executive Reporting,44,63,0.6984,0.8767,2244
CUST-0063,2025-10-04,Collaboration,44,63,0.6984,0.3591,2464
CUST-0063,2025-11-03,Analytics,45,63,0.7143,0.8833,2295
CUST-0063,2025-11-03,Workflow Automation,45,63,0.7143,0.7229,1755
CUST-0063,2025-11-03,API Integration,45,63,0.7143,0.6837,2745
CUST-0063,2025-11-03,Executive Reporting,45,63,0.7143,0.7566,900
CUST-0063,2025-11-03,Collaboration,45,63,0.7143,0.5416,3150
CUST-0063,2025-12-03,Analytics,46,63,0.7302,0.8214,1012
CUST-0063,2025-12-03,Workflow Automation,46,63,0.7302,0.7539,2162
CUST-0063,2025-12-03,API Integration,46,63,0.7302,0.6839,1288
CUST-0063,2025-12-03,Executive Reporting,46,63,0.7302,0.8284,3818
CUST-0063,2025-12-03,Collaboration,46,63,0.7302,0.7817,3404
CUST-0063,2026-01-02,Analytics,39,63,0.619,0.6239,819
CUST-0063,2026-01-02,Workflow Automation,39,63,0.619,0.5157,3744
CUST-0063,2026-01-02,API Integration,39,63,0.619,0.898,2691
CUST-0063,2026-01-02,Executive Reporting,39,63,0.619,0.4424,2613
CUST-0063,2026-01-02,Collaboration,39,63,0.619,0.8753,2769
CUST-0063,2026-02-01,Analytics,44,63,0.6984,0.4825,1628
CUST-0063,2026-02-01,Workflow Automation,44,63,0.6984,0.4437,4136
CUST-0063,2026-02-01,API Integration,44,63,0.6984,0.7349,1012
CUST-0063,2026-02-01,Executive Reporting,44,63,0.6984,0.5892,572
CUST-0063,2026-02-01,Collaboration,44,63,0.6984,0.4381,2244
CUST-0063,2026-03-03,Analytics,45,63,0.7143,0.7715,1710
CUST-0063,2026-03-03,Workflow Automation,45,63,0.7143,0.7455,4275
CUST-0063,2026-03-03,API Integration,45,63,0.7143,0.612,4275
CUST-0063,2026-03-03,Executive Reporting,45,63,0.7143,0.4177,1215
CUST-0063,2026-03-03,Collaboration,45,63,0.7143,0.8575,4095
CUST-0063,2026-04-02,Analytics,44,63,0.6984,0.3997,4312
CUST-0063,2026-04-02,Workflow Automation,44,63,0.6984,0.533,1672
CUST-0063,2026-04-02,API Integration,44,63,0.6984,0.8625,3784
CUST-0063,2026-04-02,Executive Reporting,44,63,0.6984,0.3856,2332
CUST-0063,2026-04-02,Collaboration,44,63,0.6984,0.5574,2552
CUST-0063,2026-05-02,Analytics,39,63,0.619,0.6958,2256
CUST-0063,2026-05-02,Workflow Automation,39,63,0.619,0.7072,1318
CUST-0063,2026-05-02,API Integration,39,63,0.619,0.4383,1631
CUST-0063,2026-05-02,Executive Reporting,39,63,0.619,0.3544,728
CUST-0063,2026-05-02,Collaboration,39,63,0.619,0.478,2950
CUST-0063,2026-06-01,Analytics,35,63,0.5556,0.5924,655
CUST-0063,2026-06-01,Workflow Automation,35,63,0.5556,0.5187,709
CUST-0063,2026-06-01,API Integration,35,63,0.5556,0.6391,1583
CUST-0063,2026-06-01,Executive Reporting,35,63,0.5556,0.5205,273
CUST-0063,2026-06-01,Collaboration,35,63,0.5556,0.4063,2320
CUST-0063,2026-07-01,Analytics,28,63,0.4444,0.5467,1200
CUST-0063,2026-07-01,Workflow Automation,28,63,0.4444,0.3523,1050
CUST-0063,2026-07-01,API Integration,28,63,0.4444,0.5284,487
CUST-0063,2026-07-01,Executive Reporting,28,63,0.4444,0.426,1632
CUST-0063,2026-07-01,Collaboration,28,63,0.4444,0.4522,431
CUST-0063,2026-07-31,Analytics,23,63,0.3651,0.3618,875
CUST-0063,2026-07-31,Workflow Automation,23,63,0.3651,0.2933,605
CUST-0063,2026-07-31,API Integration,23,63,0.3651,0.4539,940
CUST-0063,2026-07-31,Executive Reporting,23,63,0.3651,0.4054,360
CUST-0063,2026-07-31,Collaboration,23,63,0.3651,0.3813,360
CUST-0064,2025-09-04,Analytics,72,116,0.6207,0.8947,1800
CUST-0064,2025-09-04,Workflow Automation,72,116,0.6207,0.5004,7200
CUST-0064,2025-09-04,API Integration,72,116,0.6207,0.6657,6480
CUST-0064,2025-09-04,Executive Reporting,72,116,0.6207,0.8058,5256
CUST-0064,2025-09-04,Collaboration,72,116,0.6207,0.5103,4176
CUST-0064,2025-10-04,Analytics,70,116,0.6034,0.7956,2050
CUST-0064,2025-10-04,Workflow Automation,70,116,0.6034,0.8053,2545
CUST-0064,2025-10-04,API Integration,70,116,0.6034,0.8164,2686
CUST-0064,2025-10-04,Executive Reporting,70,116,0.6034,0.7352,1131
CUST-0064,2025-10-04,Collaboration,70,116,0.6034,0.8577,2262
CUST-0064,2025-11-03,Analytics,80,116,0.6897,0.7501,3916
CUST-0064,2025-11-03,Workflow Automation,80,116,0.6897,0.8914,7670
CUST-0064,2025-11-03,API Integration,80,116,0.6897,0.8518,2448
CUST-0064,2025-11-03,Executive Reporting,80,116,0.6897,0.8951,6528
CUST-0064,2025-11-03,Collaboration,80,116,0.6897,0.5658,5222
CUST-0064,2025-12-03,Analytics,79,116,0.681,0.8947,4882
CUST-0064,2025-12-03,Workflow Automation,79,116,0.681,0.5651,6265
CUST-0064,2025-12-03,API Integration,79,116,0.681,0.7497,3743
CUST-0064,2025-12-03,Executive Reporting,79,116,0.681,0.733,2766
CUST-0064,2025-12-03,Collaboration,79,116,0.681,0.7356,6509
CUST-0064,2026-01-02,Analytics,76,116,0.6552,0.422,6639
CUST-0064,2026-01-02,Workflow Automation,76,116,0.6552,0.8262,1264
CUST-0064,2026-01-02,API Integration,76,116,0.6552,0.8174,7904
CUST-0064,2026-01-02,Executive Reporting,76,116,0.6552,0.5172,7350
CUST-0064,2026-01-02,Collaboration,76,116,0.6552,0.44,2134
CUST-0064,2026-02-01,Analytics,78,116,0.6724,0.6153,2293
CUST-0064,2026-02-01,Workflow Automation,78,116,0.6724,0.4654,2866
CUST-0064,2026-02-01,API Integration,78,116,0.6724,0.7544,900
CUST-0064,2026-02-01,Executive Reporting,78,116,0.6724,0.5492,6797
CUST-0064,2026-02-01,Collaboration,78,116,0.6724,0.4061,2293
CUST-0064,2026-03-03,Analytics,77,116,0.6638,0.8905,7835
CUST-0064,2026-03-03,Workflow Automation,77,116,0.6638,0.8129,1387
CUST-0064,2026-03-03,API Integration,77,116,0.6638,0.4028,5713
CUST-0064,2026-03-03,Executive Reporting,77,116,0.6638,0.4488,1305
CUST-0064,2026-03-03,Collaboration,77,116,0.6638,0.4145,6121
CUST-0064,2026-04-02,Analytics,82,116,0.7069,0.6764,2544
CUST-0064,2026-04-02,Workflow Automation,82,116,0.7069,0.6948,5352
CUST-0064,2026-04-02,API Integration,82,116,0.7069,0.4848,2193
CUST-0064,2026-04-02,Executive Reporting,82,116,0.7069,0.4825,6317
CUST-0064,2026-04-02,Collaboration,82,116,0.7069,0.5165,7545
CUST-0064,2026-05-02,Analytics,86,116,0.7414,0.709,5387
CUST-0064,2026-05-02,Workflow Automation,86,116,0.7414,0.7767,8823
CUST-0064,2026-05-02,API Integration,86,116,0.7414,0.7122,6408
CUST-0064,2026-05-02,Executive Reporting,86,116,0.7414,0.8257,8637
CUST-0064,2026-05-02,Collaboration,86,116,0.7414,0.5602,8359
CUST-0064,2026-06-01,Analytics,83,116,0.7155,0.552,2261
CUST-0064,2026-06-01,Workflow Automation,83,116,0.7155,0.4141,2261
CUST-0064,2026-06-01,API Integration,83,116,0.7155,0.6191,8594
CUST-0064,2026-06-01,Executive Reporting,83,116,0.7155,0.8497,3437
CUST-0064,2026-06-01,Collaboration,83,116,0.7155,0.3627,7509
CUST-0064,2026-07-01,Analytics,88,116,0.7586,0.6137,9486
CUST-0064,2026-07-01,Workflow Automation,88,116,0.7586,0.7599,8228
CUST-0064,2026-07-01,API Integration,88,116,0.7586,0.4496,6872
CUST-0064,2026-07-01,Executive Reporting,88,116,0.7586,0.9,9583
CUST-0064,2026-07-01,Collaboration,88,116,0.7586,0.5885,8034
CUST-0064,2026-07-31,Analytics,78,116,0.6724,0.5289,6753
CUST-0064,2026-07-31,Workflow Automation,78,116,0.6724,0.4517,8571
CUST-0064,2026-07-31,API Integration,78,116,0.6724,0.3609,7012
CUST-0064,2026-07-31,Executive Reporting,78,116,0.6724,0.7996,6666
CUST-0064,2026-07-31,Collaboration,78,116,0.6724,0.6187,6580
CUST-0065,2025-09-04,Analytics,618,962,0.6424,0.4182,22248
CUST-0065,2025-09-04,Workflow Automation,618,962,0.6424,0.8811,15450
CUST-0065,2025-09-04,API Integration,618,962,0.6424,0.4494,53148
CUST-0065,2025-09-04,Executive Reporting,618,962,0.6424,0.7324,6180
CUST-0065,2025-09-04,Collaboration,618,962,0.6424,0.6551,30900
CUST-0065,2025-10-04,Analytics,560,962,0.5821,0.4208,20361
CUST-0065,2025-10-04,Workflow Automation,560,962,0.5821,0.709,11877
CUST-0065,2025-10-04,API Integration,560,962,0.5821,0.6594,7918
CUST-0065,2025-10-04,Executive Reporting,560,962,0.5821,0.3965,14140
CUST-0065,2025-10-04,Collaboration,560,962,0.5821,0.6284,31673
CUST-0065,2025-11-03,Analytics,647,962,0.6726,0.4444,62034
CUST-0065,2025-11-03,Workflow Automation,647,962,0.6726,0.35,31677
CUST-0065,2025-11-03,API Integration,647,962,0.6726,0.3754,50155
CUST-0065,2025-11-03,Executive Reporting,647,962,0.6726,0.8475,31017
CUST-0065,2025-11-03,Collaboration,647,962,0.6726,0.7125,43556
CUST-0065,2025-12-03,Analytics,573,962,0.5956,0.6197,29509
CUST-0065,2025-12-03,Workflow Automation,573,962,0.5956,0.6375,32460
CUST-0065,2025-12-03,API Integration,573,962,0.5956,0.6834,44264
CUST-0065,2025-12-03,Executive Reporting,573,962,0.5956,0.4654,12984
CUST-0065,2025-12-03,Collaboration,573,962,0.5956,0.7144,8852
CUST-0065,2026-01-02,Analytics,588,962,0.6112,0.4534,29352
CUST-0065,2026-01-02,Workflow Automation,588,962,0.6112,0.8208,22626
CUST-0065,2026-01-02,API Integration,588,962,0.6112,0.8766,53202
CUST-0065,2026-01-02,Executive Reporting,588,962,0.6112,0.6536,51979
CUST-0065,2026-01-02,Collaboration,588,962,0.6112,0.5475,15899
CUST-0065,2026-02-01,Analytics,643,962,0.6684,0.5821,54012
CUST-0065,2026-02-01,Workflow Automation,643,962,0.6684,0.4902,39158
CUST-0065,2026-02-01,API Integration,643,962,0.6684,0.7074,20254
CUST-0065,2026-02-01,Executive Reporting,643,962,0.6684,0.57,13503
CUST-0065,2026-02-01,Collaboration,643,962,0.6684,0.8696,64814
CUST-0065,2026-03-03,Analytics,618,962,0.6424,0.732,51096
CUST-0065,2026-03-03,Workflow Automation,618,962,0.6424,0.4621,58957
CUST-0065,2026-03-03,API Integration,618,962,0.6424,0.753,59612
CUST-0065,2026-03-03,Executive Reporting,618,962,0.6424,0.7332,22272
CUST-0065,2026-03-03,Collaboration,618,962,0.6424,0.7429,53716
CUST-0065,2026-04-02,Analytics,648,962,0.6736,0.8013,60322
CUST-0065,2026-04-02,Workflow Automation,648,962,0.6736,0.4402,20107
CUST-0065,2026-04-02,API Integration,648,962,0.6736,0.524,45068
CUST-0065,2026-04-02,Executive Reporting,648,962,0.6736,0.5584,60322
CUST-0065,2026-04-02,Collaboration,648,962,0.6736,0.4861,30507
CUST-0065,2026-05-02,Analytics,599,962,0.6227,0.4105,51753
CUST-0065,2026-05-02,Workflow Automation,599,962,0.6227,0.5737,33639
CUST-0065,2026-05-02,API Integration,599,962,0.6227,0.7021,36227
CUST-0065,2026-05-02,Executive Reporting,599,962,0.6227,0.8501,28464
CUST-0065,2026-05-02,Collaboration,599,962,0.6227,0.4305,24582
CUST-0065,2026-06-01,Analytics,620,962,0.6445,0.4039,25680
CUST-0065,2026-06-01,Workflow Automation,620,962,0.6445,0.5582,15543
CUST-0065,2026-06-01,API Integration,620,962,0.6445,0.7805,16895
CUST-0065,2026-06-01,Executive Reporting,620,962,0.6445,0.4467,33114
CUST-0065,2026-06-01,Collaboration,620,962,0.6445,0.6739,48657
CUST-0065,2026-07-01,Analytics,608,962,0.632,0.5419,55510
CUST-0065,2026-07-01,Workflow Automation,608,962,0.632,0.826,53504
CUST-0065,2026-07-01,API Integration,608,962,0.632,0.4991,14713
CUST-0065,2026-07-01,Executive Reporting,608,962,0.632,0.8431,20732
CUST-0065,2026-07-01,Collaboration,608,962,0.632,0.5249,39459
CUST-0065,2026-07-31,Analytics,622,962,0.6466,0.7933,66280
CUST-0065,2026-07-31,Workflow Automation,622,962,0.6466,0.8824,53852
CUST-0065,2026-07-31,API Integration,622,962,0.6466,0.6534,42115
CUST-0065,2026-07-31,Executive Reporting,622,962,0.6466,0.6123,17950
CUST-0065,2026-07-31,Collaboration,622,962,0.6466,0.4925,66970
CUST-0066,2025-09-04,Analytics,579,919,0.63,0.4285,47478
CUST-0066,2025-09-04,Workflow Automation,579,919,0.63,0.7545,9264
CUST-0066,2025-09-04,API Integration,579,919,0.63,0.8551,52689
CUST-0066,2025-09-04,Executive Reporting,579,919,0.63,0.886,57900
CUST-0066,2025-09-04,Collaboration,579,919,0.63,0.7776,55584
CUST-0066,2025-10-04,Analytics,574,919,0.6246,0.7387,18942
CUST-0066,2025-10-04,Workflow Automation,574,919,0.6246,0.5914,31570
CUST-0066,2025-10-04,API Integration,574,919,0.6246,0.7892,42476
CUST-0066,2025-10-04,Executive Reporting,574,919,0.6246,0.5078,36736
CUST-0066,2025-10-04,Collaboration,574,919,0.6246,0.6363,22386
CUST-0066,2025-11-03,Analytics,547,919,0.5952,0.8219,26803
CUST-0066,2025-11-03,Workflow Automation,547,919,0.5952,0.5736,27350
CUST-0066,2025-11-03,API Integration,547,919,0.5952,0.8149,49777
CUST-0066,2025-11-03,Executive Reporting,547,919,0.5952,0.3937,21880
CUST-0066,2025-11-03,Collaboration,547,919,0.5952,0.8697,16957
CUST-0066,2025-12-03,Analytics,571,919,0.6213,0.3965,26266
CUST-0066,2025-12-03,Workflow Automation,571,919,0.6213,0.6548,41683
CUST-0066,2025-12-03,API Integration,571,919,0.6213,0.7946,6281
CUST-0066,2025-12-03,Executive Reporting,571,919,0.6213,0.8792,36544
CUST-0066,2025-12-03,Collaboration,571,919,0.6213,0.7224,15417
CUST-0066,2026-01-02,Analytics,563,919,0.6126,0.6333,54048
CUST-0066,2026-01-02,Workflow Automation,563,919,0.6126,0.8384,55737
CUST-0066,2026-01-02,API Integration,563,919,0.6126,0.4186,6193
CUST-0066,2026-01-02,Executive Reporting,563,919,0.6126,0.689,5630
CUST-0066,2026-01-02,Collaboration,563,919,0.6126,0.7428,55737
CUST-0066,2026-02-01,Analytics,568,919,0.6181,0.5398,53392
CUST-0066,2026-02-01,Workflow Automation,568,919,0.6181,0.873,43736
CUST-0066,2026-02-01,API Integration,568,919,0.6181,0.7262,8520
CUST-0066,2026-02-01,Executive Reporting,568,919,0.6181,0.6841,17608
CUST-0066,2026-02-01,Collaboration,568,919,0.6181,0.721,43736
CUST-0066,2026-03-03,Analytics,601,919,0.654,0.4461,33656
CUST-0066,2026-03-03,Workflow Automation,601,919,0.654,0.8117,45075
CUST-0066,2026-03-03,API Integration,601,919,0.654,0.5443,9616
CUST-0066,2026-03-03,Executive Reporting,601,919,0.654,0.5825,34858
CUST-0066,2026-03-03,Collaboration,601,919,0.654,0.4438,14424
CUST-0066,2026-04-02,Analytics,550,919,0.5985,0.7235,43450
CUST-0066,2026-04-02,Workflow Automation,550,919,0.5985,0.8179,13750
CUST-0066,2026-04-02,API Integration,550,919,0.5985,0.5095,39050
CUST-0066,2026-04-02,Executive Reporting,550,919,0.5985,0.5114,20350
CUST-0066,2026-04-02,Collaboration,550,919,0.5985,0.3512,49500
CUST-0066,2026-05-02,Analytics,571,919,0.6213,0.4696,27979
CUST-0066,2026-05-02,Workflow Automation,571,919,0.6213,0.861,52532
CUST-0066,2026-05-02,API Integration,571,919,0.6213,0.6335,7994
CUST-0066,2026-05-02,Executive Reporting,571,919,0.6213,0.8645,50819
CUST-0066,2026-05-02,Collaboration,571,919,0.6213,0.8166,9707
CUST-0066,2026-06-01,Analytics,551,919,0.5996,0.6885,28652
CUST-0066,2026-06-01,Workflow Automation,551,919,0.5996,0.5141,12673
CUST-0066,2026-06-01,API Integration,551,919,0.5996,0.3528,18183
CUST-0066,2026-06-01,Executive Reporting,551,919,0.5996,0.5711,6061
CUST-0066,2026-06-01,Collaboration,551,919,0.5996,0.4057,39672
CUST-0066,2026-07-01,Analytics,537,919,0.5843,0.641,15573
CUST-0066,2026-07-01,Workflow Automation,537,919,0.5843,0.5759,38664
CUST-0066,2026-07-01,API Integration,537,919,0.5843,0.3538,50478
CUST-0066,2026-07-01,Executive Reporting,537,919,0.5843,0.4876,37590
CUST-0066,2026-07-01,Collaboration,537,919,0.5843,0.5674,25776
CUST-0066,2026-07-31,Analytics,552,919,0.6007,0.8407,43056
CUST-0066,2026-07-31,Workflow Automation,552,919,0.6007,0.7963,12696
CUST-0066,2026-07-31,API Integration,552,919,0.6007,0.8942,51888
CUST-0066,2026-07-31,Executive Reporting,552,919,0.6007,0.8116,16560
CUST-0066,2026-07-31,Collaboration,552,919,0.6007,0.4269,35880
CUST-0067,2025-09-04,Analytics,47,63,0.746,0.4592,1598
CUST-0067,2025-09-04,Workflow Automation,47,63,0.746,0.5067,1269
CUST-0067,2025-09-04,API Integration,47,63,0.746,0.567,2444
CUST-0067,2025-09-04,Executive Reporting,47,63,0.746,0.8455,1410
CUST-0067,2025-09-04,Collaboration,47,63,0.746,0.7164,3337
CUST-0067,2025-10-04,Analytics,48,63,0.7619,0.8906,1212
CUST-0067,2025-10-04,Workflow Automation,48,63,0.7619,0.5816,3878
CUST-0067,2025-10-04,API Integration,48,63,0.7619,0.6226,4702
CUST-0067,2025-10-04,Executive Reporting,48,63,0.7619,0.7429,2472
CUST-0067,2025-10-04,Collaboration,48,63,0.7619,0.7631,2957
CUST-0067,2025-11-03,Analytics,45,63,0.7143,0.858,2708
CUST-0067,2025-11-03,Workflow Automation,45,63,0.7143,0.4223,1055
CUST-0067,2025-11-03,API Integration,45,63,0.7143,0.786,1193
CUST-0067,2025-11-03,Executive Reporting,45,63,0.7143,0.4355,3396
CUST-0067,2025-11-03,Collaboration,45,63,0.7143,0.3575,4452
CUST-0067,2025-12-03,Analytics,44,63,0.6984,0.7231,2401
CUST-0067,2025-12-03,Workflow Automation,44,63,0.6984,0.5863,3897
CUST-0067,2025-12-03,API Integration,44,63,0.6984,0.7556,2945
CUST-0067,2025-12-03,Executive Reporting,44,63,0.6984,0.6141,2084
CUST-0067,2025-12-03,Collaboration,44,63,0.6984,0.6173,2900
CUST-0067,2026-01-02,Analytics,44,63,0.6984,0.4339,3432
CUST-0067,2026-01-02,Workflow Automation,44,63,0.6984,0.4528,2059
CUST-0067,2026-01-02,API Integration,44,63,0.6984,0.7717,1967
CUST-0067,2026-01-02,Executive Reporting,44,63,0.6984,0.8968,1876
CUST-0067,2026-01-02,Collaboration,44,63,0.6984,0.7165,2928
CUST-0067,2026-02-01,Analytics,44,63,0.6984,0.7386,1062
CUST-0067,2026-02-01,Workflow Automation,44,63,0.6984,0.7356,3418
CUST-0067,2026-02-01,API Integration,44,63,0.6984,0.6861,1570
CUST-0067,2026-02-01,Executive Reporting,44,63,0.6984,0.8959,3927
CUST-0067,2026-02-01,Collaboration,44,63,0.6984,0.6959,1339
CUST-0067,2026-03-03,Analytics,45,63,0.7143,0.4228,667
CUST-0067,2026-03-03,Workflow Automation,45,63,0.7143,0.5006,1621
CUST-0067,2026-03-03,API Integration,45,63,0.7143,0.861,3052
CUST-0067,2026-03-03,Executive Reporting,45,63,0.7143,0.3597,1669
CUST-0067,2026-03-03,Collaboration,45,63,0.7143,0.4,763
CUST-0067,2026-04-02,Analytics,47,63,0.746,0.6387,4978
CUST-0067,2026-04-02,Workflow Automation,47,63,0.746,0.6983,1961
CUST-0067,2026-04-02,API Integration,47,63,0.746,0.472,3218
CUST-0067,2026-04-02,Executive Reporting,47,63,0.746,0.6136,3771
CUST-0067,2026-04-02,Collaboration,47,63,0.746,0.5849,804
CUST-0067,2026-05-02,Analytics,47,63,0.746,0.4981,2284
CUST-0067,2026-05-02,Workflow Automation,47,63,0.746,0.8686,3197
CUST-0067,2026-05-02,API Integration,47,63,0.746,0.4858,812
CUST-0067,2026-05-02,Executive Reporting,47,63,0.746,0.45,507
CUST-0067,2026-05-02,Collaboration,47,63,0.746,0.3787,2588
CUST-0067,2026-06-01,Analytics,46,63,0.7302,0.6096,4362
CUST-0067,2026-06-01,Workflow Automation,46,63,0.7302,0.4054,1654
CUST-0067,2026-06-01,API Integration,46,63,0.7302,0.4887,3610
CUST-0067,2026-06-01,Executive Reporting,46,63,0.7302,0.55,2406
CUST-0067,2026-06-01,Collaboration,46,63,0.7302,0.4113,4763
CUST-0067,2026-07-01,Analytics,45,63,0.7143,0.6535,1287
CUST-0067,2026-07-01,Workflow Automation,45,63,0.7143,0.5322,2772
CUST-0067,2026-07-01,API Integration,45,63,0.7143,0.7586,4207
CUST-0067,2026-07-01,Executive Reporting,45,63,0.7143,0.6409,2821
CUST-0067,2026-07-01,Collaboration,45,63,0.7143,0.481,2227
CUST-0067,2026-07-31,Analytics,47,63,0.746,0.5612,1199
CUST-0067,2026-07-31,Workflow Automation,47,63,0.746,0.4218,4538
CUST-0067,2026-07-31,API Integration,47,63,0.746,0.4162,4434
CUST-0067,2026-07-31,Executive Reporting,47,63,0.746,0.8826,4851
CUST-0067,2026-07-31,Collaboration,47,63,0.746,0.7996,1773
CUST-0068,2025-09-04,Analytics,462,870,0.531,0.6506,24486
CUST-0068,2025-09-04,Workflow Automation,462,870,0.531,0.5158,32340
CUST-0068,2025-09-04,API Integration,462,870,0.531,0.8943,16170
CUST-0068,2025-09-04,Executive Reporting,462,870,0.531,0.6435,13398
CUST-0068,2025-09-04,Collaboration,462,870,0.531,0.3741,15708
CUST-0068,2025-10-04,Analytics,489,870,0.5621,0.7414,39609
CUST-0068,2025-10-04,Workflow Automation,489,870,0.5621,0.8863,27384
CUST-0068,2025-10-04,API Integration,489,870,0.5621,0.5967,12225
CUST-0068,2025-10-04,Executive Reporting,489,870,0.5621,0.851,8802
CUST-0068,2025-10-04,Collaboration,489,870,0.5621,0.6156,37653
CUST-0068,2025-11-03,Analytics,530,870,0.6092,0.6271,6360
CUST-0068,2025-11-03,Workflow Automation,530,870,0.6092,0.4418,23850
CUST-0068,2025-11-03,API Integration,530,870,0.6092,0.7332,13780
CUST-0068,2025-11-03,Executive Reporting,530,870,0.6092,0.5093,43460
CUST-0068,2025-11-03,Collaboration,530,870,0.6092,0.3834,51940
CUST-0068,2025-12-03,Analytics,471,870,0.5414,0.798,34383
CUST-0068,2025-12-03,Workflow Automation,471,870,0.5414,0.7266,35325
CUST-0068,2025-12-03,API Integration,471,870,0.5414,0.8843,14601
CUST-0068,2025-12-03,Executive Reporting,471,870,0.5414,0.5908,35325
CUST-0068,2025-12-03,Collaboration,471,870,0.5414,0.5613,27789
CUST-0068,2026-01-02,Analytics,488,870,0.5609,0.4993,16104
CUST-0068,2026-01-02,Workflow Automation,488,870,0.5609,0.352,40504
CUST-0068,2026-01-02,API Integration,488,870,0.5609,0.4698,48312
CUST-0068,2026-01-02,Executive Reporting,488,870,0.5609,0.3549,36600
CUST-0068,2026-01-02,Collaboration,488,870,0.5609,0.6005,48800
CUST-0068,2026-02-01,Analytics,513,870,0.5897,0.4924,19494
CUST-0068,2026-02-01,Workflow Automation,513,870,0.5897,0.513,22572
CUST-0068,2026-02-01,API Integration,513,870,0.5897,0.6537,15903
CUST-0068,2026-02-01,Executive Reporting,513,870,0.5897,0.4732,40014
CUST-0068,2026-02-01,Collaboration,513,870,0.5897,0.481,7695
CUST-0068,2026-03-03,Analytics,507,870,0.5828,0.8681,22815
CUST-0068,2026-03-03,Workflow Automation,507,870,0.5828,0.86,22308
CUST-0068,2026-03-03,API Integration,507,870,0.5828,0.8304,8112
CUST-0068,2026-03-03,Executive Reporting,507,870,0.5828,0.7033,20787
CUST-0068,2026-03-03,Collaboration,507,870,0.5828,0.8942,18252
CUST-0068,2026-04-02,Analytics,498,870,0.5724,0.3508,26892
CUST-0068,2026-04-02,Workflow Automation,498,870,0.5724,0.698,28386
CUST-0068,2026-04-02,API Integration,498,870,0.5724,0.5285,49800
CUST-0068,2026-04-02,Executive Reporting,498,870,0.5724,0.8362,21414
CUST-0068,2026-04-02,Collaboration,498,870,0.5724,0.7471,30876
CUST-0068,2026-05-02,Analytics,527,870,0.6057,0.5122,8959
CUST-0068,2026-05-02,Workflow Automation,527,870,0.6057,0.6943,5797
CUST-0068,2026-05-02,API Integration,527,870,0.6057,0.8032,20026
CUST-0068,2026-05-02,Executive Reporting,527,870,0.6057,0.7518,23715
CUST-0068,2026-05-02,Collaboration,527,870,0.6057,0.4472,6324
CUST-0068,2026-06-01,Analytics,498,870,0.5724,0.8883,41832
CUST-0068,2026-06-01,Workflow Automation,498,870,0.5724,0.4085,48804
CUST-0068,2026-06-01,API Integration,498,870,0.5724,0.5601,46314
CUST-0068,2026-06-01,Executive Reporting,498,870,0.5724,0.4915,44820
CUST-0068,2026-06-01,Collaboration,498,870,0.5724,0.6989,39840
CUST-0068,2026-07-01,Analytics,472,870,0.5425,0.5932,24072
CUST-0068,2026-07-01,Workflow Automation,472,870,0.5425,0.4978,39648
CUST-0068,2026-07-01,API Integration,472,870,0.5425,0.6964,28320
CUST-0068,2026-07-01,Executive Reporting,472,870,0.5425,0.4356,18408
CUST-0068,2026-07-01,Collaboration,472,870,0.5425,0.7514,30680
CUST-0068,2026-07-31,Analytics,485,870,0.5575,0.8462,10185
CUST-0068,2026-07-31,Workflow Automation,485,870,0.5575,0.6228,32980
CUST-0068,2026-07-31,API Integration,485,870,0.5575,0.4518,15520
CUST-0068,2026-07-31,Executive Reporting,485,870,0.5575,0.4539,34920
CUST-0068,2026-07-31,Collaboration,485,870,0.5575,0.8688,16005
CUST-0069,2025-09-04,Analytics,310,397,0.7809,0.4478,18600
CUST-0069,2025-09-04,Workflow Automation,310,397,0.7809,0.7281,10540
CUST-0069,2025-09-04,API Integration,310,397,0.7809,0.3882,5890
CUST-0069,2025-09-04,Executive Reporting,310,397,0.7809,0.5845,21080
CUST-0069,2025-09-04,Collaboration,310,397,0.7809,0.85,18910
CUST-0069,2025-10-04,Analytics,307,397,0.7733,0.6397,3377
CUST-0069,2025-10-04,Workflow Automation,307,397,0.7733,0.6818,17806
CUST-0069,2025-10-04,API Integration,307,397,0.7733,0.5612,7368
CUST-0069,2025-10-04,Executive Reporting,307,397,0.7733,0.8046,28244
CUST-0069,2025-10-04,Collaboration,307,397,0.7733,0.8641,7982
CUST-0069,2025-11-03,Analytics,314,397,0.7909,0.396,8792
CUST-0069,2025-11-03,Workflow Automation,314,397,0.7909,0.8662,27004
CUST-0069,2025-11-03,API Integration,314,397,0.7909,0.3574,3454
CUST-0069,2025-11-03,Executive Reporting,314,397,0.7909,0.8767,7222
CUST-0069,2025-11-03,Collaboration,314,397,0.7909,0.6483,16642
CUST-0069,2025-12-03,Analytics,346,397,0.8715,0.3967,9342
CUST-0069,2025-12-03,Workflow Automation,346,397,0.8715,0.6142,28372
CUST-0069,2025-12-03,API Integration,346,397,0.8715,0.8408,10380
CUST-0069,2025-12-03,Executive Reporting,346,397,0.8715,0.5191,24566
CUST-0069,2025-12-03,Collaboration,346,397,0.8715,0.435,5882
CUST-0069,2026-01-02,Analytics,330,397,0.8312,0.4971,26070
CUST-0069,2026-01-02,Workflow Automation,330,397,0.8312,0.4177,4950
CUST-0069,2026-01-02,API Integration,330,397,0.8312,0.4065,15510
CUST-0069,2026-01-02,Executive Reporting,330,397,0.8312,0.4064,20790
CUST-0069,2026-01-02,Collaboration,330,397,0.8312,0.428,12540
CUST-0069,2026-02-01,Analytics,303,397,0.7632,0.5849,8484
CUST-0069,2026-02-01,Workflow Automation,303,397,0.7632,0.5443,13938
CUST-0069,2026-02-01,API Integration,303,397,0.7632,0.4742,29391
CUST-0069,2026-02-01,Executive Reporting,303,397,0.7632,0.5616,7272
CUST-0069,2026-02-01,Collaboration,303,397,0.7632,0.6205,7272
CUST-0069,2026-03-03,Analytics,313,397,0.7884,0.8761,14398
CUST-0069,2026-03-03,Workflow Automation,313,397,0.7884,0.5465,27544
CUST-0069,2026-03-03,API Integration,313,397,0.7884,0.5335,17528
CUST-0069,2026-03-03,Executive Reporting,313,397,0.7884,0.8578,6260
CUST-0069,2026-03-03,Collaboration,313,397,0.7884,0.8426,27231
CUST-0069,2026-04-02,Analytics,309,397,0.7783,0.5857,16068
CUST-0069,2026-04-02,Workflow Automation,309,397,0.7783,0.6798,29664
CUST-0069,2026-04-02,API Integration,309,397,0.7783,0.5839,29355
CUST-0069,2026-04-02,Executive Reporting,309,397,0.7783,0.7279,27501
CUST-0069,2026-04-02,Collaboration,309,397,0.7783,0.7997,16686
CUST-0069,2026-05-02,Analytics,309,397,0.7783,0.4442,20075
CUST-0069,2026-05-02,Workflow Automation,309,397,0.7783,0.6354,11825
CUST-0069,2026-05-02,API Integration,309,397,0.7783,0.7083,5225
CUST-0069,2026-05-02,Executive Reporting,309,397,0.7783,0.6976,7975
CUST-0069,2026-05-02,Collaboration,309,397,0.7783,0.6922,7700
CUST-0069,2026-06-01,Analytics,248,397,0.6247,0.4406,13734
CUST-0069,2026-06-01,Workflow Automation,248,397,0.6247,0.6225,4642
CUST-0069,2026-06-01,API Integration,248,397,0.6247,0.5209,8704
CUST-0069,2026-06-01,Executive Reporting,248,397,0.6247,0.3351,9865
CUST-0069,2026-06-01,Collaboration,248,397,0.6247,0.6998,6383
CUST-0069,2026-07-01,Analytics,229,397,0.5768,0.3644,11200
CUST-0069,2026-07-01,Workflow Automation,229,397,0.5768,0.3907,15036
CUST-0069,2026-07-01,API Integration,229,397,0.5768,0.593,13348
CUST-0069,2026-07-01,Executive Reporting,229,397,0.5768,0.5269,7978
CUST-0069,2026-07-01,Collaboration,229,397,0.5768,0.2854,14268
CUST-0069,2026-07-31,Analytics,196,397,0.4937,0.314,8780
CUST-0069,2026-07-31,Workflow Automation,196,397,0.4937,0.3491,8561
CUST-0069,2026-07-31,API Integration,196,397,0.4937,0.3477,8561
CUST-0069,2026-07-31,Executive Reporting,196,397,0.4937,0.449,6475
CUST-0069,2026-07-31,Collaboration,196,397,0.4937,0.2218,6914
CUST-0070,2025-09-04,Analytics,596,895,0.6659,0.7616,59004
CUST-0070,2025-09-04,Workflow Automation,596,895,0.6659,0.398,33376
CUST-0070,2025-09-04,API Integration,596,895,0.6659,0.3516,7152
CUST-0070,2025-09-04,Executive Reporting,596,895,0.6659,0.5493,41720
CUST-0070,2025-09-04,Collaboration,596,895,0.6659,0.8767,14304
CUST-0070,2025-10-04,Analytics,538,895,0.6011,0.5421,14526
CUST-0070,2025-10-04,Workflow Automation,538,895,0.6011,0.5121,15064
CUST-0070,2025-10-04,API Integration,538,895,0.6011,0.8094,43040
CUST-0070,2025-10-04,Executive Reporting,538,895,0.6011,0.8845,33894
CUST-0070,2025-10-04,Collaboration,538,895,0.6011,0.4834,20444
CUST-0070,2025-11-03,Analytics,537,895,0.6,0.4258,53163
CUST-0070,2025-11-03,Workflow Automation,537,895,0.6,0.7372,31146
CUST-0070,2025-11-03,API Integration,537,895,0.6,0.7532,53163
CUST-0070,2025-11-03,Executive Reporting,537,895,0.6,0.8807,30609
CUST-0070,2025-11-03,Collaboration,537,895,0.6,0.3797,12351
CUST-0070,2025-12-03,Analytics,594,895,0.6637,0.3906,51084
CUST-0070,2025-12-03,Workflow Automation,594,895,0.6637,0.8288,7722
CUST-0070,2025-12-03,API Integration,594,895,0.6637,0.4308,16632
CUST-0070,2025-12-03,Executive Reporting,594,895,0.6637,0.3934,11286
CUST-0070,2025-12-03,Collaboration,594,895,0.6637,0.3569,37422
CUST-0070,2026-01-02,Analytics,546,895,0.6101,0.4503,14742
CUST-0070,2026-01-02,Workflow Automation,546,895,0.6101,0.7615,54054
CUST-0070,2026-01-02,API Integration,546,895,0.6101,0.8718,38220
CUST-0070,2026-01-02,Executive Reporting,546,895,0.6101,0.5763,28938
CUST-0070,2026-01-02,Collaboration,546,895,0.6101,0.5942,50232
CUST-0070,2026-02-01,Analytics,597,895,0.667,0.5077,17313
CUST-0070,2026-02-01,Workflow Automation,597,895,0.667,0.383,54924
CUST-0070,2026-02-01,API Integration,597,895,0.667,0.3677,19104
CUST-0070,2026-02-01,Executive Reporting,597,895,0.667,0.6268,6567
CUST-0070,2026-02-01,Collaboration,597,895,0.667,0.568,38208
CUST-0070,2026-03-03,Analytics,595,895,0.6648,0.8318,47600
CUST-0070,2026-03-03,Workflow Automation,595,895,0.6648,0.7413,25585
CUST-0070,2026-03-03,API Integration,595,895,0.6648,0.8555,44030
CUST-0070,2026-03-03,Executive Reporting,595,895,0.6648,0.5183,23205
CUST-0070,2026-03-03,Collaboration,595,895,0.6648,0.583,17850
CUST-0070,2026-04-02,Analytics,557,895,0.6223,0.4006,32306
CUST-0070,2026-04-02,Workflow Automation,557,895,0.6223,0.8879,14482
CUST-0070,2026-04-02,API Integration,557,895,0.6223,0.7587,33977
CUST-0070,2026-04-02,Executive Reporting,557,895,0.6223,0.6905,21166
CUST-0070,2026-04-02,Collaboration,557,895,0.6223,0.5658,45117
CUST-0070,2026-05-02,Analytics,523,895,0.5844,0.3493,45616
CUST-0070,2026-05-02,Workflow Automation,523,895,0.5844,0.5408,23273
CUST-0070,2026-05-02,API Integration,523,895,0.5844,0.631,28393
CUST-0070,2026-05-02,Executive Reporting,523,895,0.5844,0.7164,14429
CUST-0070,2026-05-02,Collaboration,523,895,0.5844,0.3383,26531
CUST-0070,2026-06-01,Analytics,462,895,0.5162,0.3565,8288
CUST-0070,2026-06-01,Workflow Automation,462,895,0.5162,0.3178,20180
CUST-0070,2026-06-01,API Integration,462,895,0.5162,0.5318,18738
CUST-0070,2026-06-01,Executive Reporting,462,895,0.5162,0.285,16576
CUST-0070,2026-06-01,Collaboration,462,895,0.5162,0.3428,8288
CUST-0070,2026-07-01,Analytics,360,895,0.4022,0.4545,11818
CUST-0070,2026-07-01,Workflow Automation,360,895,0.4022,0.3037,8442
CUST-0070,2026-07-01,API Integration,360,895,0.4022,0.4697,3376
CUST-0070,2026-07-01,Executive Reporting,360,895,0.4022,0.3231,4823
CUST-0070,2026-07-01,Collaboration,360,895,0.4022,0.5944,19778
CUST-0070,2026-07-31,Analytics,300,895,0.3352,0.4998,11928
CUST-0070,2026-07-31,Workflow Automation,300,895,0.3352,0.2101,8400
CUST-0070,2026-07-31,API Integration,300,895,0.3352,0.2247,8232
CUST-0070,2026-07-31,Executive Reporting,300,895,0.3352,0.1986,9240
CUST-0070,2026-07-31,Collaboration,300,895,0.3352,0.4275,10080
CUST-0071,2025-09-04,Analytics,574,726,0.7906,0.7491,14924
CUST-0071,2025-09-04,Workflow Automation,574,726,0.7906,0.7365,12628
CUST-0071,2025-09-04,API Integration,574,726,0.7906,0.5322,42476
CUST-0071,2025-09-04,Executive Reporting,574,726,0.7906,0.4056,16646
CUST-0071,2025-09-04,Collaboration,574,726,0.7906,0.363,33292
CUST-0071,2025-10-04,Analytics,549,726,0.7562,0.8278,7686
CUST-0071,2025-10-04,Workflow Automation,549,726,0.7562,0.5096,15921
CUST-0071,2025-10-04,API Integration,549,726,0.7562,0.7253,10980
CUST-0071,2025-10-04,Executive Reporting,549,726,0.7562,0.8369,11529
CUST-0071,2025-10-04,Collaboration,549,726,0.7562,0.8741,21411
CUST-0071,2025-11-03,Analytics,585,726,0.8058,0.7941,54405
CUST-0071,2025-11-03,Workflow Automation,585,726,0.8058,0.4275,17550
CUST-0071,2025-11-03,API Integration,585,726,0.8058,0.8964,43290
CUST-0071,2025-11-03,Executive Reporting,585,726,0.8058,0.634,50895
CUST-0071,2025-11-03,Collaboration,585,726,0.8058,0.7083,31005
CUST-0071,2025-12-03,Analytics,547,726,0.7534,0.4222,25709
CUST-0071,2025-12-03,Workflow Automation,547,726,0.7534,0.5482,35555
CUST-0071,2025-12-03,API Integration,547,726,0.7534,0.372,53059
CUST-0071,2025-12-03,Executive Reporting,547,726,0.7534,0.5632,19692
CUST-0071,2025-12-03,Collaboration,547,726,0.7534,0.8984,47589
CUST-0071,2026-01-02,Analytics,514,726,0.708,0.4338,46260
CUST-0071,2026-01-02,Workflow Automation,514,726,0.708,0.8969,11308
CUST-0071,2026-01-02,API Integration,514,726,0.708,0.7926,14392
CUST-0071,2026-01-02,Executive Reporting,514,726,0.708,0.7715,25186
CUST-0071,2026-01-02,Collaboration,514,726,0.708,0.6509,10794
CUST-0071,2026-02-01,Analytics,551,726,0.759,0.6001,17081
CUST-0071,2026-02-01,Workflow Automation,551,726,0.759,0.8637,16530
CUST-0071,2026-02-01,API Integration,551,726,0.759,0.3875,45733
CUST-0071,2026-02-01,Executive Reporting,551,726,0.759,0.5498,11571
CUST-0071,2026-02-01,Collaboration,551,726,0.759,0.3891,55100
CUST-0071,2026-03-03,Analytics,576,726,0.7934,0.4919,40320
CUST-0071,2026-03-03,Workflow Automation,576,726,0.7934,0.8882,38016
CUST-0071,2026-03-03,API Integration,576,726,0.7934,0.7077,15552
CUST-0071,2026-03-03,Executive Reporting,576,726,0.7934,0.8669,47232
CUST-0071,2026-03-03,Collaboration,576,726,0.7934,0.6185,32256
CUST-0071,2026-04-02,Analytics,583,726,0.803,0.5705,51887
CUST-0071,2026-04-02,Workflow Automation,583,726,0.803,0.8544,15158
CUST-0071,2026-04-02,API Integration,583,726,0.803,0.5925,43725
CUST-0071,2026-04-02,Executive Reporting,583,726,0.803,0.8147,29150
CUST-0071,2026-04-02,Collaboration,583,726,0.803,0.5555,56551
CUST-0071,2026-05-02,Analytics,484,726,0.6667,0.5318,41783
CUST-0071,2026-05-02,Workflow Automation,484,726,0.6667,0.3324,39629
CUST-0071,2026-05-02,API Integration,484,726,0.6667,0.3394,17661
CUST-0071,2026-05-02,Executive Reporting,484,726,0.6667,0.654,34891
CUST-0071,2026-05-02,Collaboration,484,726,0.6667,0.3154,9907
CUST-0071,2026-06-01,Analytics,416,726,0.573,0.3409,19793
CUST-0071,2026-06-01,Workflow Automation,416,726,0.573,0.6393,12330
CUST-0071,2026-06-01,API Integration,416,726,0.573,0.4395,22389
CUST-0071,2026-06-01,Executive Reporting,416,726,0.573,0.5601,17521
CUST-0071,2026-06-01,Collaboration,416,726,0.573,0.4729,29852
CUST-0071,2026-07-01,Analytics,371,726,0.511,0.536,5717
CUST-0071,2026-07-01,Workflow Automation,371,726,0.511,0.2661,5717
CUST-0071,2026-07-01,API Integration,371,726,0.511,0.5726,14914
CUST-0071,2026-07-01,Executive Reporting,371,726,0.511,0.5176,8699
CUST-0071,2026-07-01,Collaboration,371,726,0.511,0.3825,4474
CUST-0071,2026-07-31,Analytics,300,726,0.4132,0.5029,12096
CUST-0071,2026-07-31,Workflow Automation,300,726,0.4132,0.2615,11760
CUST-0071,2026-07-31,API Integration,300,726,0.4132,0.2312,11424
CUST-0071,2026-07-31,Executive Reporting,300,726,0.4132,0.2078,4872
CUST-0071,2026-07-31,Collaboration,300,726,0.4132,0.4881,4704
CUST-0072,2025-09-04,Analytics,238,359,0.663,0.6806,13804
CUST-0072,2025-09-04,Workflow Automation,238,359,0.663,0.3843,13328
CUST-0072,2025-09-04,API Integration,238,359,0.663,0.7843,16660
CUST-0072,2025-09-04,Executive Reporting,238,359,0.663,0.4674,8806
CUST-0072,2025-09-04,Collaboration,238,359,0.663,0.8274,23086
CUST-0072,2025-10-04,Analytics,257,359,0.7159,0.4886,8306
CUST-0072,2025-10-04,Workflow Automation,257,359,0.7159,0.396,4672
CUST-0072,2025-10-04,API Integration,257,359,0.7159,0.5006,5191
CUST-0072,2025-10-04,Executive Reporting,257,359,0.7159,0.5141,17391
CUST-0072,2025-10-04,Collaboration,257,359,0.7159,0.8292,19986
CUST-0072,2025-11-03,Analytics,251,359,0.6992,0.8412,8448
CUST-0072,2025-11-03,Workflow Automation,251,359,0.6992,0.8068,5376
CUST-0072,2025-11-03,API Integration,251,359,0.6992,0.8422,16385
CUST-0072,2025-11-03,Executive Reporting,251,359,0.6992,0.5381,12288
CUST-0072,2025-11-03,Collaboration,251,359,0.6992,0.4405,13825
CUST-0072,2025-12-03,Analytics,284,359,0.7911,0.6149,22816
CUST-0072,2025-12-03,Workflow Automation,284,359,0.7911,0.7289,8775
CUST-0072,2025-12-03,API Integration,284,359,0.7911,0.8811,19013
CUST-0072,2025-12-03,Executive Reporting,284,359,0.7911,0.5451,28666
CUST-0072,2025-12-03,Collaboration,284,359,0.7911,0.6637,3217
CUST-0072,2026-01-02,Analytics,270,359,0.7521,0.8416,9828
CUST-0072,2026-01-02,Workflow Automation,270,359,0.7521,0.3928,26676
CUST-0072,2026-01-02,API Integration,270,359,0.7521,0.6682,7862
CUST-0072,2026-01-02,Executive Reporting,270,359,0.7521,0.5281,14040
CUST-0072,2026-01-02,Collaboration,270,359,0.7521,0.3578,19094
CUST-0072,2026-02-01,Analytics,289,359,0.805,0.6247,15172
CUST-0072,2026-02-01,Workflow Automation,289,359,0.805,0.4125,29131
CUST-0072,2026-02-01,API Integration,289,359,0.805,0.5735,23062
CUST-0072,2026-02-01,Executive Reporting,289,359,0.805,0.7473,20331
CUST-0072,2026-02-01,Collaboration,289,359,0.805,0.8688,7889
CUST-0072,2026-03-03,Analytics,279,359,0.7772,0.7014,24842
CUST-0072,2026-03-03,Workflow Automation,279,359,0.7772,0.4036,10942
CUST-0072,2026-03-03,API Integration,279,359,0.7772,0.7601,10055
CUST-0072,2026-03-03,Executive Reporting,279,359,0.7772,0.5811,23363
CUST-0072,2026-03-03,Collaboration,279,359,0.7772,0.7759,25433
CUST-0072,2026-04-02,Analytics,270,359,0.7521,0.5414,9822
CUST-0072,2026-04-02,Workflow Automation,270,359,0.7521,0.8845,23978
CUST-0072,2026-04-02,API Integration,270,359,0.7521,0.8753,16467
CUST-0072,2026-04-02,Executive Reporting,270,359,0.7521,0.7976,3466
CUST-0072,2026-04-02,Collaboration,270,359,0.7521,0.5161,14156
CUST-0072,2026-05-02,Analytics,278,359,0.7744,0.8273,29723
CUST-0072,2026-05-02,Workflow Automation,278,359,0.7744,0.6245,20416
CUST-0072,2026-05-02,API Integration,278,359,0.7744,0.5777,16513
CUST-0072,2026-05-02,Executive Reporting,278,359,0.7744,0.5437,23718
CUST-0072,2026-05-02,Collaboration,278,359,0.7744,0.5842,15612
CUST-0072,2026-06-01,Analytics,263,359,0.7326,0.4467,18346
CUST-0072,2026-06-01,Workflow Automation,263,359,0.7326,0.5552,22933
CUST-0072,2026-06-01,API Integration,263,359,0.7326,0.6772,22646
CUST-0072,2026-06-01,Executive Reporting,263,359,0.7326,0.5897,13186
CUST-0072,2026-06-01,Collaboration,263,359,0.7326,0.8148,28093
CUST-0072,2026-07-01,Analytics,291,359,0.8106,0.6988,31689
CUST-0072,2026-07-01,Workflow Automation,291,359,0.8106,0.6912,7042
CUST-0072,2026-07-01,API Integration,291,359,0.8106,0.8974,7362
CUST-0072,2026-07-01,Executive Reporting,291,359,0.8106,0.3993,3841
CUST-0072,2026-07-01,Collaboration,291,359,0.8106,0.6889,19846
CUST-0072,2026-07-31,Analytics,268,359,0.7465,0.7625,26475
CUST-0072,2026-07-31,Workflow Automation,268,359,0.7465,0.86,6544
CUST-0072,2026-07-31,API Integration,268,359,0.7465,0.6984,22013
CUST-0072,2026-07-31,Executive Reporting,268,359,0.7465,0.6697,4164
CUST-0072,2026-07-31,Collaboration,268,359,0.7465,0.7172,18741
CUST-0073,2025-09-04,Analytics,254,341,0.7449,0.5596,8890
CUST-0073,2025-09-04,Workflow Automation,254,341,0.7449,0.821,6350
CUST-0073,2025-09-04,API Integration,254,341,0.7449,0.5428,17526
CUST-0073,2025-09-04,Executive Reporting,254,341,0.7449,0.5771,23368
CUST-0073,2025-09-04,Collaboration,254,341,0.7449,0.7371,15240
CUST-0073,2025-10-04,Analytics,235,341,0.6891,0.5561,8930
CUST-0073,2025-10-04,Workflow Automation,235,341,0.6891,0.6292,10340
CUST-0073,2025-10-04,API Integration,235,341,0.6891,0.8338,10105
CUST-0073,2025-10-04,Executive Reporting,235,341,0.6891,0.5191,14805
CUST-0073,2025-10-04,Collaboration,235,341,0.6891,0.7203,2350
CUST-0073,2025-11-03,Analytics,272,341,0.7977,0.578,2992
CUST-0073,2025-11-03,Workflow Automation,272,341,0.7977,0.3644,15504
CUST-0073,2025-11-03,API Integration,272,341,0.7977,0.8124,20672
CUST-0073,2025-11-03,Executive Reporting,272,341,0.7977,0.801,23392
CUST-0073,2025-11-03,Collaboration,272,341,0.7977,0.5246,8432
CUST-0073,2025-12-03,Analytics,274,341,0.8035,0.8961,10960
CUST-0073,2025-12-03,Workflow Automation,274,341,0.8035,0.6557,16440
CUST-0073,2025-12-03,API Integration,274,341,0.8035,0.456,25208
CUST-0073,2025-12-03,Executive Reporting,274,341,0.8035,0.5663,4384
CUST-0073,2025-12-03,Collaboration,274,341,0.8035,0.7907,22742
CUST-0073,2026-01-02,Analytics,253,341,0.7419,0.8667,14927
CUST-0073,2026-01-02,Workflow Automation,253,341,0.7419,0.8875,8096
CUST-0073,2026-01-02,API Integration,253,341,0.7419,0.5717,12650
CUST-0073,2026-01-02,Executive Reporting,253,341,0.7419,0.6345,16445
CUST-0073,2026-01-02,Collaboration,253,341,0.7419,0.477,25300
CUST-0073,2026-02-01,Analytics,268,341,0.7859,0.6273,24120
CUST-0073,2026-02-01,Workflow Automation,268,341,0.7859,0.6673,16080
CUST-0073,2026-02-01,API Integration,268,341,0.7859,0.8137,24120
CUST-0073,2026-02-01,Executive Reporting,268,341,0.7859,0.8542,21440
CUST-0073,2026-02-01,Collaboration,268,341,0.7859,0.4375,13668
CUST-0073,2026-03-03,Analytics,243,341,0.7126,0.4013,15795
CUST-0073,2026-03-03,Workflow Automation,243,341,0.7126,0.3563,20655
CUST-0073,2026-03-03,API Integration,243,341,0.7126,0.4342,21627
CUST-0073,2026-03-03,Executive Reporting,243,341,0.7126,0.7392,4860
CUST-0073,2026-03-03,Collaboration,243,341,0.7126,0.6645,3159
CUST-0073,2026-04-02,Analytics,265,341,0.7771,0.4218,18020
CUST-0073,2026-04-02,Workflow Automation,265,341,0.7771,0.699,14575
CUST-0073,2026-04-02,API Integration,265,341,0.7771,0.4526,24645
CUST-0073,2026-04-02,Executive Reporting,265,341,0.7771,0.8439,12720
CUST-0073,2026-04-02,Collaboration,265,341,0.7771,0.4566,10865
CUST-0073,2026-05-02,Analytics,265,341,0.7771,0.7939,15370
CUST-0073,2026-05-02,Workflow Automation,265,341,0.7771,0.7737,24910
CUST-0073,2026-05-02,API Integration,265,341,0.7771,0.3785,5300
CUST-0073,2026-05-02,Executive Reporting,265,341,0.7771,0.8642,23850
CUST-0073,2026-05-02,Collaboration,265,341,0.7771,0.3627,22260
CUST-0073,2026-06-01,Analytics,271,341,0.7947,0.411,23306
CUST-0073,2026-06-01,Workflow Automation,271,341,0.7947,0.4175,7588
CUST-0073,2026-06-01,API Integration,271,341,0.7947,0.5054,8943
CUST-0073,2026-06-01,Executive Reporting,271,341,0.7947,0.401,19783
CUST-0073,2026-06-01,Collaboration,271,341,0.7947,0.8145,9756
CUST-0073,2026-07-01,Analytics,251,341,0.7361,0.6201,3012
CUST-0073,2026-07-01,Workflow Automation,251,341,0.7361,0.5776,18072
CUST-0073,2026-07-01,API Integration,251,341,0.7361,0.8776,4769
CUST-0073,2026-07-01,Executive Reporting,251,341,0.7361,0.4657,15813
CUST-0073,2026-07-01,Collaboration,251,341,0.7361,0.5564,12550
CUST-0073,2026-07-31,Analytics,261,341,0.7654,0.598,7830
CUST-0073,2026-07-31,Workflow Automation,261,341,0.7654,0.4489,2871
CUST-0073,2026-07-31,API Integration,261,341,0.7654,0.847,24534
CUST-0073,2026-07-31,Executive Reporting,261,341,0.7654,0.662,22707
CUST-0073,2026-07-31,Collaboration,261,341,0.7654,0.8201,6525
CUST-0074,2025-09-04,Analytics,389,702,0.5541,0.6877,30731
CUST-0074,2025-09-04,Workflow Automation,389,702,0.5541,0.3528,29564
CUST-0074,2025-09-04,API Integration,389,702,0.5541,0.7579,9725
CUST-0074,2025-09-04,Executive Reporting,389,702,0.5541,0.4561,5057
CUST-0074,2025-09-04,Collaboration,389,702,0.5541,0.6448,29564
CUST-0074,2025-10-04,Analytics,395,702,0.5627,0.4338,22341
CUST-0074,2025-10-04,Workflow Automation,395,702,0.5627,0.4131,14761
CUST-0074,2025-10-04,API Integration,395,702,0.5627,0.3662,10771
CUST-0074,2025-10-04,Executive Reporting,395,702,0.5627,0.4709,39097
CUST-0074,2025-10-04,Collaboration,395,702,0.5627,0.8669,17553
CUST-0074,2025-11-03,Analytics,384,702,0.547,0.4596,8225
CUST-0074,2025-11-03,Workflow Automation,384,702,0.547,0.5417,31334
CUST-0074,2025-11-03,API Integration,384,702,0.547,0.7086,27025
CUST-0074,2025-11-03,Executive Reporting,384,702,0.547,0.7599,28592
CUST-0074,2025-11-03,Collaboration,384,702,0.547,0.5898,23892
CUST-0074,2025-12-03,Analytics,429,702,0.6111,0.4876,15465
CUST-0074,2025-12-03,Workflow Automation,429,702,0.6111,0.7279,19884
CUST-0074,2025-12-03,API Integration,429,702,0.6111,0.879,10163
CUST-0074,2025-12-03,Executive Reporting,429,702,0.6111,0.671,37558
CUST-0074,2025-12-03,Collaboration,429,702,0.6111,0.5214,15907
CUST-0074,2026-01-02,Analytics,436,702,0.6211,0.6183,30380
CUST-0074,2026-01-02,Workflow Automation,436,702,0.6211,0.5831,19951
CUST-0074,2026-01-02,API Integration,436,702,0.6211,0.7987,40356
CUST-0074,2026-01-02,Executive Reporting,436,702,0.6211,0.4092,26752
CUST-0074,2026-01-02,Collaboration,436,702,0.6211,0.5861,37182
CUST-0074,2026-02-01,Analytics,400,702,0.5698,0.8438,7560
CUST-0074,2026-02-01,Workflow Automation,400,702,0.5698,0.5972,5880
CUST-0074,2026-02-01,API Integration,400,702,0.5698,0.877,17640
CUST-0074,2026-02-01,Executive Reporting,400,702,0.5698,0.6728,19740
CUST-0074,2026-02-01,Collaboration,400,702,0.5698,0.6821,38640
CUST-0074,2026-03-03,Analytics,444,702,0.6325,0.6418,28238
CUST-0074,2026-03-03,Workflow Automation,444,702,0.6325,0.3665,15531
CUST-0074,2026-03-03,API Integration,444,702,0.6325,0.795,30120
CUST-0074,2026-03-03,Executive Reporting,444,702,0.6325,0.785,25885
CUST-0074,2026-03-03,Collaboration,444,702,0.6325,0.4849,17413
CUST-0074,2026-04-02,Analytics,428,702,0.6097,0.5546,22898
CUST-0074,2026-04-02,Workflow Automation,428,702,0.6097,0.4173,22898
CUST-0074,2026-04-02,API Integration,428,702,0.6097,0.7286,23813
CUST-0074,2026-04-02,Executive Reporting,428,702,0.6097,0.4676,37552
CUST-0074,2026-04-02,Collaboration,428,702,0.6097,0.7874,17860
CUST-0074,2026-05-02,Analytics,426,702,0.6068,0.5621,40026
CUST-0074,2026-05-02,Workflow Automation,426,702,0.6068,0.4667,17022
CUST-0074,2026-05-02,API Integration,426,702,0.6068,0.4066,20703
CUST-0074,2026-05-02,Executive Reporting,426,702,0.6068,0.7439,43707
CUST-0074,2026-05-02,Collaboration,426,702,0.6068,0.3912,42327
CUST-0074,2026-06-01,Analytics,420,702,0.5983,0.7659,22890
CUST-0074,2026-06-01,Workflow Automation,420,702,0.5983,0.7974,16023
CUST-0074,2026-06-01,API Integration,420,702,0.5983,0.4584,33419
CUST-0074,2026-06-01,Executive Reporting,420,702,0.5983,0.6243,20601
CUST-0074,2026-06-01,Collaboration,420,702,0.5983,0.5817,11445
CUST-0074,2026-07-01,Analytics,426,702,0.6068,0.6808,39831
CUST-0074,2026-07-01,Workflow Automation,426,702,0.6068,0.5606,38893
CUST-0074,2026-07-01,API Integration,426,702,0.6068,0.3617,5623
CUST-0074,2026-07-01,Executive Reporting,426,702,0.6068,0.704,38893
CUST-0074,2026-07-01,Collaboration,426,702,0.6068,0.8934,32333
CUST-0074,2026-07-31,Analytics,419,702,0.5969,0.8129,28370
CUST-0074,2026-07-31,Workflow Automation,419,702,0.5969,0.3704,36277
CUST-0074,2026-07-31,API Integration,419,702,0.5969,0.8549,6976
CUST-0074,2026-07-31,Executive Reporting,419,702,0.5969,0.5356,5581
CUST-0074,2026-07-31,Collaboration,419,702,0.5969,0.3882,10231
CUST-0075,2025-09-04,Analytics,448,759,0.5903,0.7645,27328
CUST-0075,2025-09-04,Workflow Automation,448,759,0.5903,0.3939,22400
CUST-0075,2025-09-04,API Integration,448,759,0.5903,0.6216,7168
CUST-0075,2025-09-04,Executive Reporting,448,759,0.5903,0.5663,44352
CUST-0075,2025-09-04,Collaboration,448,759,0.5903,0.8912,32704
CUST-0075,2025-10-04,Analytics,490,759,0.6456,0.8819,12250
CUST-0075,2025-10-04,Workflow Automation,490,759,0.6456,0.8137,43610
CUST-0075,2025-10-04,API Integration,490,759,0.6456,0.4065,18620
CUST-0075,2025-10-04,Executive Reporting,490,759,0.6456,0.3763,5390
CUST-0075,2025-10-04,Collaboration,490,759,0.6456,0.4263,24990
CUST-0075,2025-11-03,Analytics,491,759,0.6469,0.7483,18658
CUST-0075,2025-11-03,Workflow Automation,491,759,0.6469,0.4436,16694
CUST-0075,2025-11-03,API Integration,491,759,0.6469,0.7483,27987
CUST-0075,2025-11-03,Executive Reporting,491,759,0.6469,0.7989,38298
CUST-0075,2025-11-03,Collaboration,491,759,0.6469,0.8943,48118
CUST-0075,2025-12-03,Analytics,492,759,0.6482,0.4928,7380
CUST-0075,2025-12-03,Workflow Automation,492,759,0.6482,0.4109,23616
CUST-0075,2025-12-03,API Integration,492,759,0.6482,0.3913,25584
CUST-0075,2025-12-03,Executive Reporting,492,759,0.6482,0.7284,28536
CUST-0075,2025-12-03,Collaboration,492,759,0.6482,0.4985,15252
CUST-0075,2026-01-02,Analytics,496,759,0.6535,0.6709,12400
CUST-0075,2026-01-02,Workflow Automation,496,759,0.6535,0.4195,13888
CUST-0075,2026-01-02,API Integration,496,759,0.6535,0.7642,30752
CUST-0075,2026-01-02,Executive Reporting,496,759,0.6535,0.7003,47120
CUST-0075,2026-01-02,Collaboration,496,759,0.6535,0.4173,38192
CUST-0075,2026-02-01,Analytics,445,759,0.5863,0.6129,32040
CUST-0075,2026-02-01,Workflow Automation,445,759,0.5863,0.887,22695
CUST-0075,2026-02-01,API Integration,445,759,0.5863,0.775,31595
CUST-0075,2026-02-01,Executive Reporting,445,759,0.5863,0.4742,19135
CUST-0075,2026-02-01,Collaboration,445,759,0.5863,0.7714,8900
CUST-0075,2026-03-03,Analytics,454,759,0.5982,0.8095,18614
CUST-0075,2026-03-03,Workflow Automation,454,759,0.5982,0.7127,16344
CUST-0075,2026-03-03,API Integration,454,759,0.5982,0.7322,8626
CUST-0075,2026-03-03,Executive Reporting,454,759,0.5982,0.8845,7718
CUST-0075,2026-03-03,Collaboration,454,759,0.5982,0.4669,43130
CUST-0075,2026-04-02,Analytics,443,759,0.5837,0.8002,15062
CUST-0075,2026-04-02,Workflow Automation,443,759,0.5837,0.6182,23479
CUST-0075,2026-04-02,API Integration,443,759,0.5837,0.4648,37655
CUST-0075,2026-04-02,Executive Reporting,443,759,0.5837,0.7689,33225
CUST-0075,2026-04-02,Collaboration,443,759,0.5837,0.8222,21707
CUST-0075,2026-05-02,Analytics,480,759,0.6324,0.7104,35520
CUST-0075,2026-05-02,Workflow Automation,480,759,0.6324,0.4081,12480
CUST-0075,2026-05-02,API Integration,480,759,0.6324,0.4703,26880
CUST-0075,2026-05-02,Executive Reporting,480,759,0.6324,0.5621,32160
CUST-0075,2026-05-02,Collaboration,480,759,0.6324,0.8273,36000
CUST-0075,2026-06-01,Analytics,442,759,0.5823,0.5701,7956
CUST-0075,2026-06-01,Workflow Automation,442,759,0.5823,0.5028,13702
CUST-0075,2026-06-01,API Integration,442,759,0.5823,0.7274,36686
CUST-0075,2026-06-01,Executive Reporting,442,759,0.5823,0.7066,12376
CUST-0075,2026-06-01,Collaboration,442,759,0.5823,0.6035,10166
CUST-0075,2026-07-01,Analytics,483,759,0.6364,0.4823,32844
CUST-0075,2026-07-01,Workflow Automation,483,759,0.6364,0.4529,6279
CUST-0075,2026-07-01,API Integration,483,759,0.6364,0.6119,37191
CUST-0075,2026-07-01,Executive Reporting,483,759,0.6364,0.599,20769
CUST-0075,2026-07-01,Collaboration,483,759,0.6364,0.4151,38640
CUST-0075,2026-07-31,Analytics,434,759,0.5718,0.5873,12586
CUST-0075,2026-07-31,Workflow Automation,434,759,0.5718,0.5683,28210
CUST-0075,2026-07-31,API Integration,434,759,0.5718,0.6294,6944
CUST-0075,2026-07-31,Executive Reporting,434,759,0.5718,0.5927,24738
CUST-0075,2026-07-31,Collaboration,434,759,0.5718,0.4038,40362
CUST-0076,2025-09-04,Analytics,425,706,0.602,0.5117,25925
CUST-0076,2025-09-04,Workflow Automation,425,706,0.602,0.4472,19125
CUST-0076,2025-09-04,API Integration,425,706,0.602,0.6413,31025
CUST-0076,2025-09-04,Executive Reporting,425,706,0.602,0.6352,9775
CUST-0076,2025-09-04,Collaboration,425,706,0.602,0.7246,39100
CUST-0076,2025-10-04,Analytics,413,706,0.585,0.4111,9912
CUST-0076,2025-10-04,Workflow Automation,413,706,0.585,0.3792,5782
CUST-0076,2025-10-04,API Integration,413,706,0.585,0.6664,16520
CUST-0076,2025-10-04,Executive Reporting,413,706,0.585,0.3862,9086
CUST-0076,2025-10-04,Collaboration,413,706,0.585,0.5015,36757
CUST-0076,2025-11-03,Analytics,444,706,0.6289,0.5725,26640
CUST-0076,2025-11-03,Workflow Automation,444,706,0.6289,0.4057,43512
CUST-0076,2025-11-03,API Integration,444,706,0.6289,0.4975,15984
CUST-0076,2025-11-03,Executive Reporting,444,706,0.6289,0.4441,15984
CUST-0076,2025-11-03,Collaboration,444,706,0.6289,0.5412,20424
CUST-0076,2025-12-03,Analytics,445,706,0.6303,0.5084,4450
CUST-0076,2025-12-03,Workflow Automation,445,706,0.6303,0.4018,32930
CUST-0076,2025-12-03,API Integration,445,706,0.6303,0.8493,39605
CUST-0076,2025-12-03,Executive Reporting,445,706,0.6303,0.6122,21805
CUST-0076,2025-12-03,Collaboration,445,706,0.6303,0.8189,43610
CUST-0076,2026-01-02,Analytics,412,706,0.5836,0.5233,7416
CUST-0076,2026-01-02,Workflow Automation,412,706,0.5836,0.4417,21424
CUST-0076,2026-01-02,API Integration,412,706,0.5836,0.8449,11536
CUST-0076,2026-01-02,Executive Reporting,412,706,0.5836,0.8792,39140
CUST-0076,2026-01-02,Collaboration,412,706,0.5836,0.611,21424
CUST-0076,2026-02-01,Analytics,397,706,0.5623,0.8859,7543
CUST-0076,2026-02-01,Workflow Automation,397,706,0.5623,0.4439,4367
CUST-0076,2026-02-01,API Integration,397,706,0.5623,0.6767,27790
CUST-0076,2026-02-01,Executive Reporting,397,706,0.5623,0.6707,28584
CUST-0076,2026-02-01,Collaboration,397,706,0.5623,0.8303,27790
CUST-0076,2026-03-03,Analytics,404,706,0.5722,0.8004,33128
CUST-0076,2026-03-03,Workflow Automation,404,706,0.5722,0.724,18988
CUST-0076,2026-03-03,API Integration,404,706,0.5722,0.8094,31108
CUST-0076,2026-03-03,Executive Reporting,404,706,0.5722,0.6267,11312
CUST-0076,2026-03-03,Collaboration,404,706,0.5722,0.7764,8888
CUST-0076,2026-04-02,Analytics,417,706,0.5907,0.7549,27939
CUST-0076,2026-04-02,Workflow Automation,417,706,0.5907,0.6199,22518
CUST-0076,2026-04-02,API Integration,417,706,0.5907,0.8944,17514
CUST-0076,2026-04-02,Executive Reporting,417,706,0.5907,0.7149,17514
CUST-0076,2026-04-02,Collaboration,417,706,0.5907,0.5504,4587
CUST-0076,2026-05-02,Analytics,453,706,0.6416,0.5156,23556
CUST-0076,2026-05-02,Workflow Automation,453,706,0.6416,0.8403,42582
CUST-0076,2026-05-02,API Integration,453,706,0.6416,0.8213,38958
CUST-0076,2026-05-02,Executive Reporting,453,706,0.6416,0.6164,19932
CUST-0076,2026-05-02,Collaboration,453,706,0.6416,0.7272,41223
CUST-0076,2026-06-01,Analytics,397,706,0.5623,0.8883,15086
CUST-0076,2026-06-01,Workflow Automation,397,706,0.5623,0.7127,11116
CUST-0076,2026-06-01,API Integration,397,706,0.5623,0.5465,5161
CUST-0076,2026-06-01,Executive Reporting,397,706,0.5623,0.4844,39303
CUST-0076,2026-06-01,Collaboration,397,706,0.5623,0.8853,22232
CUST-0076,2026-07-01,Analytics,410,706,0.5807,0.3991,23780
CUST-0076,2026-07-01,Workflow Automation,410,706,0.5807,0.7013,18450
CUST-0076,2026-07-01,API Integration,410,706,0.5807,0.8324,39360
CUST-0076,2026-07-01,Executive Reporting,410,706,0.5807,0.6497,27470
CUST-0076,2026-07-01,Collaboration,410,706,0.5807,0.893,31570
CUST-0076,2026-07-31,Analytics,408,706,0.5779,0.8507,22032
CUST-0076,2026-07-31,Workflow Automation,408,706,0.5779,0.8384,24480
CUST-0076,2026-07-31,API Integration,408,706,0.5779,0.674,18360
CUST-0076,2026-07-31,Executive Reporting,408,706,0.5779,0.5201,6120
CUST-0076,2026-07-31,Collaboration,408,706,0.5779,0.6687,40392
CUST-0077,2025-09-04,Analytics,367,664,0.5527,0.7874,30094
CUST-0077,2025-09-04,Workflow Automation,367,664,0.5527,0.8825,19818
CUST-0077,2025-09-04,API Integration,367,664,0.5527,0.5086,4037
CUST-0077,2025-09-04,Executive Reporting,367,664,0.5527,0.6244,35599
CUST-0077,2025-09-04,Collaboration,367,664,0.5527,0.4309,35599
CUST-0077,2025-10-04,Analytics,372,664,0.5602,0.8817,33439
CUST-0077,2025-10-04,Workflow Automation,372,664,0.5602,0.657,11271
CUST-0077,2025-10-04,API Integration,372,664,0.5602,0.517,17283
CUST-0077,2025-10-04,Executive Reporting,372,664,0.5602,0.3855,17658
CUST-0077,2025-10-04,Collaboration,372,664,0.5602,0.3586,5635
CUST-0077,2025-11-03,Analytics,380,664,0.5723,0.804,9690
CUST-0077,2025-11-03,Workflow Automation,380,664,0.5723,0.3793,18992
CUST-0077,2025-11-03,API Integration,380,664,0.5723,0.3528,21318
CUST-0077,2025-11-03,Executive Reporting,380,664,0.5723,0.7131,3876
CUST-0077,2025-11-03,Collaboration,380,664,0.5723,0.3774,10465
CUST-0077,2025-12-03,Analytics,393,664,0.5919,0.5058,29954
CUST-0077,2025-12-03,Workflow Automation,393,664,0.5919,0.7159,32787
CUST-0077,2025-12-03,API Integration,393,664,0.5919,0.4353,8500
CUST-0077,2025-12-03,Executive Reporting,393,664,0.5919,0.7423,11334
CUST-0077,2025-12-03,Collaboration,393,664,0.5919,0.8978,14167
CUST-0077,2026-01-02,Analytics,402,664,0.6054,0.855,19649
CUST-0077,2026-01-02,Workflow Automation,402,664,0.6054,0.4704,29265
CUST-0077,2026-01-02,API Integration,402,664,0.6054,0.8631,17141
CUST-0077,2026-01-02,Executive Reporting,402,664,0.6054,0.7964,38045
CUST-0077,2026-01-02,Collaboration,402,664,0.6054,0.5624,25502
CUST-0077,2026-02-01,Analytics,441,664,0.6642,0.404,19911
CUST-0077,2026-02-01,Workflow Automation,441,664,0.6642,0.8561,39822
CUST-0077,2026-02-01,API Integration,441,664,0.6642,0.5209,37970
CUST-0077,2026-02-01,Executive Reporting,441,664,0.6642,0.5897,23615
CUST-0077,2026-02-01,Collaboration,441,664,0.6642,0.7924,12502
CUST-0077,2026-03-03,Analytics,426,664,0.6416,0.4597,12192
CUST-0077,2026-03-03,Workflow Automation,426,664,0.6416,0.579,15804
CUST-0077,2026-03-03,API Integration,426,664,0.6416,0.5156,9031
CUST-0077,2026-03-03,Executive Reporting,426,664,0.6416,0.5135,40640
CUST-0077,2026-03-03,Collaboration,426,664,0.6416,0.6036,14901
CUST-0077,2026-04-02,Analytics,410,664,0.6175,0.8318,28515
CUST-0077,2026-04-02,Workflow Automation,410,664,0.6175,0.4028,33779
CUST-0077,2026-04-02,API Integration,410,664,0.6175,0.593,21935
CUST-0077,2026-04-02,Executive Reporting,410,664,0.6175,0.6271,42553
CUST-0077,2026-04-02,Collaboration,410,664,0.6175,0.7419,30270
CUST-0077,2026-05-02,Analytics,412,664,0.6205,0.6066,27587
CUST-0077,2026-05-02,Workflow Automation,412,664,0.6205,0.6037,36041
CUST-0077,2026-05-02,API Integration,412,664,0.6205,0.3645,28032
CUST-0077,2026-05-02,Executive Reporting,412,664,0.6205,0.3986,12013
CUST-0077,2026-05-02,Collaboration,412,664,0.6205,0.6884,21358
CUST-0077,2026-06-01,Analytics,445,664,0.6702,0.6692,27647
CUST-0077,2026-06-01,Workflow Automation,445,664,0.6702,0.42,38318
CUST-0077,2026-06-01,API Integration,445,664,0.6702,0.845,22797
CUST-0077,2026-06-01,Executive Reporting,445,664,0.6702,0.3794,29103
CUST-0077,2026-06-01,Collaboration,445,664,0.6702,0.4193,46079
CUST-0077,2026-07-01,Analytics,396,664,0.5964,0.7941,33105
CUST-0077,2026-07-01,Workflow Automation,396,664,0.5964,0.6031,6969
CUST-0077,2026-07-01,API Integration,396,664,0.5964,0.3966,19166
CUST-0077,2026-07-01,Executive Reporting,396,664,0.5964,0.8064,40510
CUST-0077,2026-07-01,Collaboration,396,664,0.5964,0.4089,37461
CUST-0077,2026-07-31,Analytics,406,664,0.6114,0.5098,31996
CUST-0077,2026-07-31,Workflow Automation,406,664,0.6114,0.7298,7661
CUST-0077,2026-07-31,API Integration,406,664,0.6114,0.4168,37855
CUST-0077,2026-07-31,Executive Reporting,406,664,0.6114,0.7209,7210
CUST-0077,2026-07-31,Collaboration,406,664,0.6114,0.7359,34250
CUST-0078,2025-09-04,Analytics,200,287,0.6969,0.425,19200
CUST-0078,2025-09-04,Workflow Automation,200,287,0.6969,0.7018,5800
CUST-0078,2025-09-04,API Integration,200,287,0.6969,0.5155,9800
CUST-0078,2025-09-04,Executive Reporting,200,287,0.6969,0.7455,2000
CUST-0078,2025-09-04,Collaboration,200,287,0.6969,0.7931,17800
CUST-0078,2025-10-04,Analytics,192,287,0.669,0.4131,1920
CUST-0078,2025-10-04,Workflow Automation,192,287,0.669,0.4342,4800
CUST-0078,2025-10-04,API Integration,192,287,0.669,0.6359,7872
CUST-0078,2025-10-04,Executive Reporting,192,287,0.669,0.4624,13440
CUST-0078,2025-10-04,Collaboration,192,287,0.669,0.3636,14208
CUST-0078,2025-11-03,Analytics,185,287,0.6446,0.3806,4625
CUST-0078,2025-11-03,Workflow Automation,185,287,0.6446,0.515,13135
CUST-0078,2025-11-03,API Integration,185,287,0.6446,0.8905,7400
CUST-0078,2025-11-03,Executive Reporting,185,287,0.6446,0.8129,14615
CUST-0078,2025-11-03,Collaboration,185,287,0.6446,0.4931,16280
CUST-0078,2025-12-03,Analytics,192,287,0.669,0.8226,16896
CUST-0078,2025-12-03,Workflow Automation,192,287,0.669,0.4178,5376
CUST-0078,2025-12-03,API Integration,192,287,0.669,0.6999,6336
CUST-0078,2025-12-03,Executive Reporting,192,287,0.669,0.4279,18048
CUST-0078,2025-12-03,Collaboration,192,287,0.669,0.4824,14400
CUST-0078,2026-01-02,Analytics,194,287,0.676,0.6507,13580
CUST-0078,2026-01-02,Workflow Automation,194,287,0.676,0.6143,9118
CUST-0078,2026-01-02,API Integration,194,287,0.676,0.7171,16490
CUST-0078,2026-01-02,Executive Reporting,194,287,0.676,0.6211,18430
CUST-0078,2026-01-02,Collaboration,194,287,0.676,0.5013,11446
CUST-0078,2026-02-01,Analytics,192,287,0.669,0.409,12096
CUST-0078,2026-02-01,Workflow Automation,192,287,0.669,0.7974,5376
CUST-0078,2026-02-01,API Integration,192,287,0.669,0.3654,13056
CUST-0078,2026-02-01,Executive Reporting,192,287,0.669,0.4161,11328
CUST-0078,2026-02-01,Collaboration,192,287,0.669,0.3561,9216
CUST-0078,2026-03-03,Analytics,173,287,0.6028,0.7077,16262
CUST-0078,2026-03-03,Workflow Automation,173,287,0.6028,0.6909,2595
CUST-0078,2026-03-03,API Integration,173,287,0.6028,0.8495,9515
CUST-0078,2026-03-03,Executive Reporting,173,287,0.6028,0.8795,11937
CUST-0078,2026-03-03,Collaboration,173,287,0.6028,0.8353,11764
CUST-0078,2026-04-02,Analytics,180,287,0.6272,0.89,9900
CUST-0078,2026-04-02,Workflow Automation,180,287,0.6272,0.6254,13320
CUST-0078,2026-04-02,API Integration,180,287,0.6272,0.4659,18000
CUST-0078,2026-04-02,Executive Reporting,180,287,0.6272,0.6388,13500
CUST-0078,2026-04-02,Collaboration,180,287,0.6272,0.3845,16740
CUST-0078,2026-05-02,Analytics,157,287,0.547,0.6326,11457
CUST-0078,2026-05-02,Workflow Automation,157,287,0.547,0.4776,3772
CUST-0078,2026-05-02,API Integration,157,287,0.547,0.4477,13134
CUST-0078,2026-05-02,Executive Reporting,157,287,0.547,0.4598,8383
CUST-0078,2026-05-02,Collaboration,157,287,0.547,0.3449,12855
CUST-0078,2026-06-01,Analytics,145,287,0.5052,0.6859,9839
CUST-0078,2026-06-01,Workflow Automation,145,287,0.5052,0.5557,9387
CUST-0078,2026-06-01,API Integration,145,287,0.5052,0.5769,8369
CUST-0078,2026-06-01,Executive Reporting,145,287,0.5052,0.6056,8708
CUST-0078,2026-06-01,Collaboration,145,287,0.5052,0.3842,11196
CUST-0078,2026-07-01,Analytics,121,287,0.4216,0.5865,4377
CUST-0078,2026-07-01,Workflow Automation,121,287,0.4216,0.4499,4945
CUST-0078,2026-07-01,API Integration,121,287,0.4216,0.2594,1053
CUST-0078,2026-07-01,Executive Reporting,121,287,0.4216,0.5485,2432
CUST-0078,2026-07-01,Collaboration,121,287,0.4216,0.3199,7701
CUST-0078,2026-07-31,Analytics,98,287,0.3415,0.4837,3841
CUST-0078,2026-07-31,Workflow Automation,98,287,0.3415,0.2957,2140
CUST-0078,2026-07-31,API Integration,98,287,0.3415,0.4982,2195
CUST-0078,2026-07-31,Executive Reporting,98,287,0.3415,0.2285,1756
CUST-0078,2026-07-31,Collaboration,98,287,0.3415,0.4203,3237
CUST-0079,2025-09-04,Analytics,437,824,0.5303,0.4878,6118
CUST-0079,2025-09-04,Workflow Automation,437,824,0.5303,0.8157,8303
CUST-0079,2025-09-04,API Integration,437,824,0.5303,0.5928,24909
CUST-0079,2025-09-04,Executive Reporting,437,824,0.5303,0.6836,5681
CUST-0079,2025-09-04,Collaboration,437,824,0.5303,0.858,22287
CUST-0079,2025-10-04,Analytics,444,824,0.5388,0.5972,12107
CUST-0079,2025-10-04,Workflow Automation,444,824,0.5388,0.8939,37220
CUST-0079,2025-10-04,API Integration,444,824,0.5388,0.6561,15695
CUST-0079,2025-10-04,Executive Reporting,444,824,0.5388,0.4889,29597
CUST-0079,2025-10-04,Collaboration,444,824,0.5388,0.7234,17040
CUST-0079,2025-11-03,Analytics,456,824,0.5534,0.4391,35814
CUST-0079,2025-11-03,Workflow Automation,456,824,0.5534,0.7948,15814
CUST-0079,2025-11-03,API Integration,456,824,0.5534,0.3973,6046
CUST-0079,2025-11-03,Executive Reporting,456,824,0.5534,0.696,44186
CUST-0079,2025-11-03,Collaboration,456,824,0.5534,0.4029,6511
CUST-0079,2025-12-03,Analytics,508,824,0.6165,0.8413,29301
CUST-0079,2025-12-03,Workflow Automation,508,824,0.6165,0.7759,42905
CUST-0079,2025-12-03,API Integration,508,824,0.6165,0.6506,9941
CUST-0079,2025-12-03,Executive Reporting,508,824,0.6165,0.5374,50754
CUST-0079,2025-12-03,Collaboration,508,824,0.6165,0.7515,48138
CUST-0079,2026-01-02,Analytics,491,824,0.5959,0.4546,18383
CUST-0079,2026-01-02,Workflow Automation,491,824,0.5959,0.6637,35744
CUST-0079,2026-01-02,API Integration,491,824,0.5959,0.6255,28085
CUST-0079,2026-01-02,Executive Reporting,491,824,0.5959,0.6902,41361
CUST-0079,2026-01-02,Collaboration,491,824,0.5959,0.8194,9191
CUST-0079,2026-02-01,Analytics,488,824,0.5922,0.694,9735
CUST-0079,2026-02-01,Workflow Automation,488,824,0.5922,0.663,13322
CUST-0079,2026-02-01,API Integration,488,824,0.5922,0.7803,24595
CUST-0079,2026-02-01,Executive Reporting,488,824,0.5922,0.4055,37405
CUST-0079,2026-02-01,Collaboration,488,824,0.5922,0.4768,44066
CUST-0079,2026-03-03,Analytics,501,824,0.608,0.3624,24959
CUST-0079,2026-03-03,Workflow Automation,501,824,0.608,0.8573,22304
CUST-0079,2026-03-03,API Integration,501,824,0.608,0.5647,29208
CUST-0079,2026-03-03,Executive Reporting,501,824,0.608,0.3874,15931
CUST-0079,2026-03-03,Collaboration,501,824,0.608,0.8825,10090
CUST-0079,2026-04-02,Analytics,505,824,0.6129,0.4828,41066
CUST-0079,2026-04-02,Workflow Automation,505,824,0.6129,0.8625,39985
CUST-0079,2026-04-02,API Integration,505,824,0.6129,0.5217,48091
CUST-0079,2026-04-02,Executive Reporting,505,824,0.6129,0.3812,53494
CUST-0079,2026-04-02,Collaboration,505,824,0.6129,0.8405,45389
CUST-0079,2026-05-02,Analytics,505,824,0.6129,0.8546,23452
CUST-0079,2026-05-02,Workflow Automation,505,824,0.6129,0.7093,7635
CUST-0079,2026-05-02,API Integration,505,824,0.6129,0.5359,23452
CUST-0079,2026-05-02,Executive Reporting,505,824,0.6129,0.4603,9271
CUST-0079,2026-05-02,Collaboration,505,824,0.6129,0.4266,43632
CUST-0079,2026-06-01,Analytics,538,824,0.6529,0.5313,55123
CUST-0079,2026-06-01,Workflow Automation,538,824,0.6529,0.8518,9969
CUST-0079,2026-06-01,API Integration,538,824,0.6529,0.4796,11141
CUST-0079,2026-06-01,Executive Reporting,538,824,0.6529,0.7931,48086
CUST-0079,2026-06-01,Collaboration,538,824,0.6529,0.8474,58055
CUST-0079,2026-07-01,Analytics,544,824,0.6602,0.7941,32313
CUST-0079,2026-07-01,Workflow Automation,544,824,0.6602,0.8896,37699
CUST-0079,2026-07-01,API Integration,544,824,0.6602,0.679,52659
CUST-0079,2026-07-01,Executive Reporting,544,824,0.6602,0.8611,47872
CUST-0079,2026-07-01,Collaboration,544,824,0.6602,0.6133,15558
CUST-0079,2026-07-31,Analytics,502,824,0.6092,0.373,7801
CUST-0079,2026-07-31,Workflow Automation,502,824,0.6092,0.6231,21174
CUST-0079,2026-07-31,API Integration,502,824,0.6092,0.7077,36219
CUST-0079,2026-07-31,Executive Reporting,502,824,0.6092,0.6127,21731
CUST-0079,2026-07-31,Collaboration,502,824,0.6092,0.3618,9472
CUST-0080,2025-09-04,Analytics,69,109,0.633,0.6438,4002
CUST-0080,2025-09-04,Workflow Automation,69,109,0.633,0.7251,828
CUST-0080,2025-09-04,API Integration,69,109,0.633,0.6539,1104
CUST-0080,2025-09-04,Executive Reporting,69,109,0.633,0.5629,4002
CUST-0080,2025-09-04,Collaboration,69,109,0.633,0.7325,4485
CUST-0080,2025-10-04,Analytics,68,109,0.6239,0.6522,1632
CUST-0080,2025-10-04,Workflow Automation,68,109,0.6239,0.5909,5984
CUST-0080,2025-10-04,API Integration,68,109,0.6239,0.8904,3876
CUST-0080,2025-10-04,Executive Reporting,68,109,0.6239,0.5435,3604
CUST-0080,2025-10-04,Collaboration,68,109,0.6239,0.5901,1156
CUST-0080,2025-11-03,Analytics,63,109,0.578,0.4006,693
CUST-0080,2025-11-03,Workflow Automation,63,109,0.578,0.4749,4914
CUST-0080,2025-11-03,API Integration,63,109,0.578,0.6624,693
CUST-0080,2025-11-03,Executive Reporting,63,109,0.578,0.8303,2583
CUST-0080,2025-11-03,Collaboration,63,109,0.578,0.7969,1197
CUST-0080,2025-12-03,Analytics,61,109,0.5596,0.5912,2806
CUST-0080,2025-12-03,Workflow Automation,61,109,0.5596,0.374,3294
CUST-0080,2025-12-03,API Integration,61,109,0.5596,0.6813,2501
CUST-0080,2025-12-03,Executive Reporting,61,109,0.5596,0.8989,1586
CUST-0080,2025-12-03,Collaboration,61,109,0.5596,0.6834,4331
CUST-0080,2026-01-02,Analytics,67,109,0.6147,0.7111,1273
CUST-0080,2026-01-02,Workflow Automation,67,109,0.6147,0.4876,5293
CUST-0080,2026-01-02,API Integration,67,109,0.6147,0.4632,6700
CUST-0080,2026-01-02,Executive Reporting,67,109,0.6147,0.7544,3685
CUST-0080,2026-01-02,Collaboration,67,109,0.6147,0.8437,2546
CUST-0080,2026-02-01,Analytics,65,109,0.5963,0.5165,3640
CUST-0080,2026-02-01,Workflow Automation,65,109,0.5963,0.7791,3055
CUST-0080,2026-02-01,API Integration,65,109,0.5963,0.8279,2665
CUST-0080,2026-02-01,Executive Reporting,65,109,0.5963,0.6398,2860
CUST-0080,2026-02-01,Collaboration,65,109,0.5963,0.5254,5135
CUST-0080,2026-03-03,Analytics,66,109,0.6055,0.3797,4092
CUST-0080,2026-03-03,Workflow Automation,66,109,0.6055,0.738,5874
CUST-0080,2026-03-03,API Integration,66,109,0.6055,0.6174,1320
CUST-0080,2026-03-03,Executive Reporting,66,109,0.6055,0.462,1782
CUST-0080,2026-03-03,Collaboration,66,109,0.6055,0.8128,5016
CUST-0080,2026-04-02,Analytics,63,109,0.578,0.758,2268
CUST-0080,2026-04-02,Workflow Automation,63,109,0.578,0.4175,1764
CUST-0080,2026-04-02,API Integration,63,109,0.578,0.3697,2520
CUST-0080,2026-04-02,Executive Reporting,63,109,0.578,0.7341,5859
CUST-0080,2026-04-02,Collaboration,63,109,0.578,0.7703,1512
CUST-0080,2026-05-02,Analytics,60,109,0.5505,0.81,2640
CUST-0080,2026-05-02,Workflow Automation,60,109,0.5505,0.5029,3540
CUST-0080,2026-05-02,API Integration,60,109,0.5505,0.5152,1200
CUST-0080,2026-05-02,Executive Reporting,60,109,0.5505,0.3828,5280
CUST-0080,2026-05-02,Collaboration,60,109,0.5505,0.5612,720
CUST-0080,2026-06-01,Analytics,69,109,0.633,0.5616,1035
CUST-0080,2026-06-01,Workflow Automation,69,109,0.633,0.4734,4002
CUST-0080,2026-06-01,API Integration,69,109,0.633,0.4514,4485
CUST-0080,2026-06-01,Executive Reporting,69,109,0.633,0.6429,6486
CUST-0080,2026-06-01,Collaboration,69,109,0.633,0.5178,5451
CUST-0080,2026-07-01,Analytics,68,109,0.6239,0.8655,5916
CUST-0080,2026-07-01,Workflow Automation,68,109,0.6239,0.765,3604
CUST-0080,2026-07-01,API Integration,68,109,0.6239,0.8575,2924
CUST-0080,2026-07-01,Executive Reporting,68,109,0.6239,0.7956,5780
CUST-0080,2026-07-01,Collaboration,68,109,0.6239,0.4691,884
CUST-0080,2026-07-31,Analytics,64,109,0.5872,0.8061,4160
CUST-0080,2026-07-31,Workflow Automation,64,109,0.5872,0.8262,1088
CUST-0080,2026-07-31,API Integration,64,109,0.5872,0.7941,5120
CUST-0080,2026-07-31,Executive Reporting,64,109,0.5872,0.5635,6144
CUST-0080,2026-07-31,Collaboration,64,109,0.5872,0.5081,4992
CUST-0081,2025-09-04,Analytics,532,747,0.7122,0.773,22876
CUST-0081,2025-09-04,Workflow Automation,532,747,0.7122,0.4394,30856
CUST-0081,2025-09-04,API Integration,532,747,0.7122,0.607,21280
CUST-0081,2025-09-04,Executive Reporting,532,747,0.7122,0.4225,5852
CUST-0081,2025-09-04,Collaboration,532,747,0.7122,0.5044,51604
CUST-0081,2025-10-04,Analytics,551,747,0.7376,0.397,22591
CUST-0081,2025-10-04,Workflow Automation,551,747,0.7376,0.7742,25897
CUST-0081,2025-10-04,API Integration,551,747,0.7376,0.5356,33060
CUST-0081,2025-10-04,Executive Reporting,551,747,0.7376,0.3712,24795
CUST-0081,2025-10-04,Collaboration,551,747,0.7376,0.5489,51794
CUST-0081,2025-11-03,Analytics,493,747,0.66,0.7092,42891
CUST-0081,2025-11-03,Workflow Automation,493,747,0.66,0.3568,24157
CUST-0081,2025-11-03,API Integration,493,747,0.66,0.6626,25143
CUST-0081,2025-11-03,Executive Reporting,493,747,0.66,0.8098,15776
CUST-0081,2025-11-03,Collaboration,493,747,0.66,0.5941,5916
CUST-0081,2025-12-03,Analytics,509,747,0.6814,0.6065,27995
CUST-0081,2025-12-03,Workflow Automation,509,747,0.6814,0.6141,41229
CUST-0081,2025-12-03,API Integration,509,747,0.6814,0.4698,8653
CUST-0081,2025-12-03,Executive Reporting,509,747,0.6814,0.6688,10180
CUST-0081,2025-12-03,Collaboration,509,747,0.6814,0.502,44792
CUST-0081,2026-01-02,Analytics,518,747,0.6934,0.8743,34188
CUST-0081,2026-01-02,Workflow Automation,518,747,0.6934,0.4489,23310
CUST-0081,2026-01-02,API Integration,518,747,0.6934,0.4927,37814
CUST-0081,2026-01-02,Executive Reporting,518,747,0.6934,0.42,46620
CUST-0081,2026-01-02,Collaboration,518,747,0.6934,0.446,46102
CUST-0081,2026-02-01,Analytics,526,747,0.7041,0.478,48918
CUST-0081,2026-02-01,Workflow Automation,526,747,0.7041,0.3712,51022
CUST-0081,2026-02-01,API Integration,526,747,0.7041,0.6287,34716
CUST-0081,2026-02-01,Executive Reporting,526,747,0.7041,0.6689,7890
CUST-0081,2026-02-01,Collaboration,526,747,0.7041,0.6544,20514
CUST-0081,2026-03-03,Analytics,477,747,0.6386,0.743,20511
CUST-0081,2026-03-03,Workflow Automation,477,747,0.6386,0.8864,5724
CUST-0081,2026-03-03,API Integration,477,747,0.6386,0.7231,26235
CUST-0081,2026-03-03,Executive Reporting,477,747,0.6386,0.6472,7155
CUST-0081,2026-03-03,Collaboration,477,747,0.6386,0.6803,25758
CUST-0081,2026-04-02,Analytics,481,747,0.6439,0.6288,11544
CUST-0081,2026-04-02,Workflow Automation,481,747,0.6439,0.6311,19240
CUST-0081,2026-04-02,API Integration,481,747,0.6439,0.4622,39923
CUST-0081,2026-04-02,Executive Reporting,481,747,0.6439,0.5542,46657
CUST-0081,2026-04-02,Collaboration,481,747,0.6439,0.5788,44252
CUST-0081,2026-05-02,Analytics,452,747,0.6051,0.4501,5229
CUST-0081,2026-05-02,Workflow Automation,452,747,0.6051,0.4713,22527
CUST-0081,2026-05-02,API Integration,452,747,0.6051,0.4755,24941
CUST-0081,2026-05-02,Executive Reporting,452,747,0.6051,0.7508,22929
CUST-0081,2026-05-02,Collaboration,452,747,0.6051,0.5419,18907
CUST-0081,2026-06-01,Analytics,408,747,0.5462,0.3418,4773
CUST-0081,2026-06-01,Workflow Automation,408,747,0.5462,0.3978,9228
CUST-0081,2026-06-01,API Integration,408,747,0.5462,0.6642,4137
CUST-0081,2026-06-01,Executive Reporting,408,747,0.5462,0.3186,11774
CUST-0081,2026-06-01,Collaboration,408,747,0.5462,0.6196,23868
CUST-0081,2026-07-01,Analytics,356,747,0.4766,0.5079,20035
CUST-0081,2026-07-01,Workflow Automation,356,747,0.4766,0.4972,8825
CUST-0081,2026-07-01,API Integration,356,747,0.4766,0.3741,20035
CUST-0081,2026-07-01,Executive Reporting,356,747,0.4766,0.2465,6917
CUST-0081,2026-07-01,Collaboration,356,747,0.4766,0.3749,22182
CUST-0081,2026-07-31,Analytics,268,747,0.3588,0.2198,5703
CUST-0081,2026-07-31,Workflow Automation,268,747,0.3588,0.3701,12456
CUST-0081,2026-07-31,API Integration,268,747,0.3588,0.3901,9455
CUST-0081,2026-07-31,Executive Reporting,268,747,0.3588,0.362,3752
CUST-0081,2026-07-31,Collaboration,268,747,0.3588,0.4571,11556
CUST-0082,2025-09-04,Analytics,94,143,0.6573,0.6362,4700
CUST-0082,2025-09-04,Workflow Automation,94,143,0.6573,0.4981,7802
CUST-0082,2025-09-04,API Integration,94,143,0.6573,0.5112,3854
CUST-0082,2025-09-04,Executive Reporting,94,143,0.6573,0.5308,5264
CUST-0082,2025-09-04,Collaboration,94,143,0.6573,0.477,4700
CUST-0082,2025-10-04,Analytics,95,143,0.6643,0.4135,3800
CUST-0082,2025-10-04,Workflow Automation,95,143,0.6643,0.5948,5890
CUST-0082,2025-10-04,API Integration,95,143,0.6643,0.549,5225
CUST-0082,2025-10-04,Executive Reporting,95,143,0.6643,0.6583,1805
CUST-0082,2025-10-04,Collaboration,95,143,0.6643,0.853,8835
CUST-0082,2025-11-03,Analytics,91,143,0.6364,0.4767,5733
CUST-0082,2025-11-03,Workflow Automation,91,143,0.6364,0.4764,2366
CUST-0082,2025-11-03,API Integration,91,143,0.6364,0.8591,3731
CUST-0082,2025-11-03,Executive Reporting,91,143,0.6364,0.777,5642
CUST-0082,2025-11-03,Collaboration,91,143,0.6364,0.7208,8645
CUST-0082,2025-12-03,Analytics,86,143,0.6014,0.4932,3956
CUST-0082,2025-12-03,Workflow Automation,86,143,0.6014,0.5379,2150
CUST-0082,2025-12-03,API Integration,86,143,0.6014,0.3948,5418
CUST-0082,2025-12-03,Executive Reporting,86,143,0.6014,0.6278,2408
CUST-0082,2025-12-03,Collaboration,86,143,0.6014,0.6668,7740
CUST-0082,2026-01-02,Analytics,97,143,0.6783,0.459,3201
CUST-0082,2026-01-02,Workflow Automation,97,143,0.6783,0.832,1067
CUST-0082,2026-01-02,API Integration,97,143,0.6783,0.4417,6111
CUST-0082,2026-01-02,Executive Reporting,97,143,0.6783,0.4949,7760
CUST-0082,2026-01-02,Collaboration,97,143,0.6783,0.7413,6790
CUST-0082,2026-02-01,Analytics,95,143,0.6643,0.4195,1330
CUST-0082,2026-02-01,Workflow Automation,95,143,0.6643,0.8086,1235
CUST-0082,2026-02-01,API Integration,95,143,0.6643,0.7295,1805
CUST-0082,2026-02-01,Executive Reporting,95,143,0.6643,0.4228,7315
CUST-0082,2026-02-01,Collaboration,95,143,0.6643,0.8552,6080
CUST-0082,2026-03-03,Analytics,89,143,0.6224,0.5713,7209
CUST-0082,2026-03-03,Workflow Automation,89,143,0.6224,0.4828,4183
CUST-0082,2026-03-03,API Integration,89,143,0.6224,0.4155,4717
CUST-0082,2026-03-03,Executive Reporting,89,143,0.6224,0.6753,7832
CUST-0082,2026-03-03,Collaboration,89,143,0.6224,0.4093,1335
CUST-0082,2026-04-02,Analytics,85,143,0.5944,0.8564,5695
CUST-0082,2026-04-02,Workflow Automation,85,143,0.5944,0.8509,7650
CUST-0082,2026-04-02,API Integration,85,143,0.5944,0.5974,5525
CUST-0082,2026-04-02,Executive Reporting,85,143,0.5944,0.5091,6035
CUST-0082,2026-04-02,Collaboration,85,143,0.5944,0.7351,2805
CUST-0082,2026-05-02,Analytics,95,143,0.6643,0.6743,7125
CUST-0082,2026-05-02,Workflow Automation,95,143,0.6643,0.3961,950
CUST-0082,2026-05-02,API Integration,95,143,0.6643,0.6765,5415
CUST-0082,2026-05-02,Executive Reporting,95,143,0.6643,0.7206,6460
CUST-0082,2026-05-02,Collaboration,95,143,0.6643,0.5587,6270
CUST-0082,2026-06-01,Analytics,87,143,0.6084,0.7474,3915
CUST-0082,2026-06-01,Workflow Automation,87,143,0.6084,0.8696,1914
CUST-0082,2026-06-01,API Integration,87,143,0.6084,0.4777,6351
CUST-0082,2026-06-01,Executive Reporting,87,143,0.6084,0.5376,7134
CUST-0082,2026-06-01,Collaboration,87,143,0.6084,0.6347,6699
CUST-0082,2026-07-01,Analytics,54,143,0.3776,0.8142,2004
CUST-0082,2026-07-01,Workflow Automation,54,143,0.3776,0.5069,1847
CUST-0082,2026-07-01,API Integration,54,143,0.3776,0.5252,1002
CUST-0082,2026-07-01,Executive Reporting,54,143,0.3776,0.8744,469
CUST-0082,2026-07-01,Collaboration,54,143,0.3776,0.7977,1127
CUST-0082,2026-07-31,Analytics,52,143,0.3636,0.503,2654
CUST-0082,2026-07-31,Workflow Automation,52,143,0.3636,0.5229,1628
CUST-0082,2026-07-31,API Integration,52,143,0.3636,0.5066,754
CUST-0082,2026-07-31,Executive Reporting,52,143,0.3636,0.5083,2171
CUST-0082,2026-07-31,Collaboration,52,143,0.3636,0.5914,934
CUST-0083,2025-09-04,Analytics,322,590,0.5458,0.6834,7406
CUST-0083,2025-09-04,Workflow Automation,322,590,0.5458,0.8585,30590
CUST-0083,2025-09-04,API Integration,322,590,0.5458,0.5032,7084
CUST-0083,2025-09-04,Executive Reporting,322,590,0.5458,0.4638,24150
CUST-0083,2025-09-04,Collaboration,322,590,0.5458,0.7652,4186
CUST-0083,2025-10-04,Analytics,343,590,0.5814,0.3719,27367
CUST-0083,2025-10-04,Workflow Automation,343,590,0.5814,0.6459,11778
CUST-0083,2025-10-04,API Integration,343,590,0.5814,0.3537,4503
CUST-0083,2025-10-04,Executive Reporting,343,590,0.5814,0.5532,15935
CUST-0083,2025-10-04,Collaboration,343,590,0.5814,0.868,28753
CUST-0083,2025-11-03,Analytics,337,590,0.5712,0.5947,8937
CUST-0083,2025-11-03,Workflow Automation,337,590,0.5712,0.8071,16155
CUST-0083,2025-11-03,API Integration,337,590,0.5712,0.8549,34374
CUST-0083,2025-11-03,Executive Reporting,337,590,0.5712,0.8556,8593
CUST-0083,2025-11-03,Collaboration,337,590,0.5712,0.5944,22343
CUST-0083,2025-12-03,Analytics,344,590,0.5831,0.3978,9566
CUST-0083,2025-12-03,Workflow Automation,344,590,0.5831,0.8962,33660
CUST-0083,2025-12-03,API Integration,344,590,0.5831,0.4141,19487
CUST-0083,2025-12-03,Executive Reporting,344,590,0.5831,0.792,13464
CUST-0083,2025-12-03,Collaboration,344,590,0.5831,0.75,18070
CUST-0083,2026-01-02,Analytics,329,590,0.5576,0.5344,23266
CUST-0083,2026-01-02,Workflow Automation,329,590,0.5576,0.6968,25662
CUST-0083,2026-01-02,API Integration,329,590,0.5576,0.7196,6501
CUST-0083,2026-01-02,Executive Reporting,329,590,0.5576,0.7387,17108
CUST-0083,2026-01-02,Collaboration,329,590,0.5576,0.8407,4790
CUST-0083,2026-02-01,Analytics,348,590,0.5898,0.8628,27770
CUST-0083,2026-02-01,Workflow Automation,348,590,0.5898,0.5246,29597
CUST-0083,2026-02-01,API Integration,348,590,0.5898,0.7136,32886
CUST-0083,2026-02-01,Executive Reporting,348,590,0.5898,0.3696,33251
CUST-0083,2026-02-01,Collaboration,348,590,0.5898,0.695,14981
CUST-0083,2026-03-03,Analytics,334,590,0.5661,0.5569,13453
CUST-0083,2026-03-03,Workflow Automation,334,590,0.5661,0.7203,15223
CUST-0083,2026-03-03,API Integration,334,590,0.5661,0.6086,25490
CUST-0083,2026-03-03,Executive Reporting,334,590,0.5661,0.7976,25844
CUST-0083,2026-03-03,Collaboration,334,590,0.5661,0.5054,12391
CUST-0083,2026-04-02,Analytics,366,590,0.6203,0.3988,29763
CUST-0083,2026-04-02,Workflow Automation,366,590,0.6203,0.8214,14489
CUST-0083,2026-04-02,API Integration,366,590,0.6203,0.3518,7049
CUST-0083,2026-04-02,Executive Reporting,366,590,0.6203,0.6199,34462
CUST-0083,2026-04-02,Collaboration,366,590,0.6203,0.4647,12531
CUST-0083,2026-05-02,Analytics,335,590,0.5678,0.7284,31838
CUST-0083,2026-05-02,Workflow Automation,335,590,0.5678,0.5592,30391
CUST-0083,2026-05-02,API Integration,335,590,0.5678,0.4791,19537
CUST-0083,2026-05-02,Executive Reporting,335,590,0.5678,0.6163,34009
CUST-0083,2026-05-02,Collaboration,335,590,0.5678,0.8749,17366
CUST-0083,2026-06-01,Analytics,385,590,0.6525,0.8313,39866
CUST-0083,2026-06-01,Workflow Automation,385,590,0.6525,0.6168,37768
CUST-0083,2026-06-01,API Integration,385,590,0.6525,0.5657,23080
CUST-0083,2026-06-01,Executive Reporting,385,590,0.6525,0.6489,19723
CUST-0083,2026-06-01,Collaboration,385,590,0.6525,0.4031,10071
CUST-0083,2026-07-01,Analytics,395,590,0.6695,0.8433,19987
CUST-0083,2026-07-01,Workflow Automation,395,590,0.6695,0.5808,29111
CUST-0083,2026-07-01,API Integration,395,590,0.6695,0.529,40843
CUST-0083,2026-07-01,Executive Reporting,395,590,0.6695,0.5837,13904
CUST-0083,2026-07-01,Collaboration,395,590,0.6695,0.6056,21725
CUST-0083,2026-07-31,Analytics,381,590,0.6458,0.5412,25374
CUST-0083,2026-07-31,Workflow Automation,381,590,0.6458,0.7377,30026
CUST-0083,2026-07-31,API Integration,381,590,0.6458,0.8121,30449
CUST-0083,2026-07-31,Executive Reporting,381,590,0.6458,0.6806,41022
CUST-0083,2026-07-31,Collaboration,381,590,0.6458,0.4792,19876
CUST-0084,2025-09-04,Analytics,333,472,0.7055,0.7806,5661
CUST-0084,2025-09-04,Workflow Automation,333,472,0.7055,0.6592,16983
CUST-0084,2025-09-04,API Integration,333,472,0.7055,0.4939,16650
CUST-0084,2025-09-04,Executive Reporting,333,472,0.7055,0.5762,21978
CUST-0084,2025-09-04,Collaboration,333,472,0.7055,0.5839,14319
CUST-0084,2025-10-04,Analytics,334,472,0.7076,0.4976,12692
CUST-0084,2025-10-04,Workflow Automation,334,472,0.7076,0.5369,5010
CUST-0084,2025-10-04,API Integration,334,472,0.7076,0.5197,20708
CUST-0084,2025-10-04,Executive Reporting,334,472,0.7076,0.4717,10354
CUST-0084,2025-10-04,Collaboration,334,472,0.7076,0.6448,30060
CUST-0084,2025-11-03,Analytics,294,472,0.6229,0.8825,25872
CUST-0084,2025-11-03,Workflow Automation,294,472,0.6229,0.5313,25578
CUST-0084,2025-11-03,API Integration,294,472,0.6229,0.6469,3528
CUST-0084,2025-11-03,Executive Reporting,294,472,0.6229,0.7913,6174
CUST-0084,2025-11-03,Collaboration,294,472,0.6229,0.7792,15288
CUST-0084,2025-12-03,Analytics,334,472,0.7076,0.7718,26720
CUST-0084,2025-12-03,Workflow Automation,334,472,0.7076,0.3849,5344
CUST-0084,2025-12-03,API Integration,334,472,0.7076,0.6353,18704
CUST-0084,2025-12-03,Executive Reporting,334,472,0.7076,0.6445,10020
CUST-0084,2025-12-03,Collaboration,334,472,0.7076,0.811,20040
CUST-0084,2026-01-02,Analytics,332,472,0.7034,0.4761,9960
CUST-0084,2026-01-02,Workflow Automation,332,472,0.7034,0.8509,17264
CUST-0084,2026-01-02,API Integration,332,472,0.7034,0.5774,26560
CUST-0084,2026-01-02,Executive Reporting,332,472,0.7034,0.7533,3652
CUST-0084,2026-01-02,Collaboration,332,472,0.7034,0.3698,3984
CUST-0084,2026-02-01,Analytics,326,472,0.6907,0.6396,24124
CUST-0084,2026-02-01,Workflow Automation,326,472,0.6907,0.5689,23472
CUST-0084,2026-02-01,API Integration,326,472,0.6907,0.3733,14996
CUST-0084,2026-02-01,Executive Reporting,326,472,0.6907,0.5158,12714
CUST-0084,2026-02-01,Collaboration,326,472,0.6907,0.6974,31948
CUST-0084,2026-03-03,Analytics,301,472,0.6377,0.4999,7525
CUST-0084,2026-03-03,Workflow Automation,301,472,0.6377,0.7971,17458
CUST-0084,2026-03-03,API Integration,301,472,0.6377,0.7104,7826
CUST-0084,2026-03-03,Executive Reporting,301,472,0.6377,0.8001,13244
CUST-0084,2026-03-03,Collaboration,301,472,0.6377,0.8241,5719
CUST-0084,2026-04-02,Analytics,292,472,0.6186,0.7472,18396
CUST-0084,2026-04-02,Workflow Automation,292,472,0.6186,0.3611,23068
CUST-0084,2026-04-02,API Integration,292,472,0.6186,0.6827,8468
CUST-0084,2026-04-02,Executive Reporting,292,472,0.6186,0.4026,24820
CUST-0084,2026-04-02,Collaboration,292,472,0.6186,0.7859,9928
CUST-0084,2026-05-02,Analytics,330,472,0.6992,0.8226,16830
CUST-0084,2026-05-02,Workflow Automation,330,472,0.6992,0.5838,3960
CUST-0084,2026-05-02,API Integration,330,472,0.6992,0.5162,22440
CUST-0084,2026-05-02,Executive Reporting,330,472,0.6992,0.4615,14190
CUST-0084,2026-05-02,Collaboration,330,472,0.6992,0.8831,27390
CUST-0084,2026-06-01,Analytics,312,472,0.661,0.5102,6552
CUST-0084,2026-06-01,Workflow Automation,312,472,0.661,0.4722,19344
CUST-0084,2026-06-01,API Integration,312,472,0.661,0.6585,22152
CUST-0084,2026-06-01,Executive Reporting,312,472,0.661,0.5064,30888
CUST-0084,2026-06-01,Collaboration,312,472,0.661,0.6433,12792
CUST-0084,2026-07-01,Analytics,178,472,0.3771,0.8962,6194
CUST-0084,2026-07-01,Workflow Automation,178,472,0.3771,0.8733,8155
CUST-0084,2026-07-01,API Integration,178,472,0.3771,0.743,6917
CUST-0084,2026-07-01,Executive Reporting,178,472,0.3771,0.4732,1342
CUST-0084,2026-07-01,Collaboration,178,472,0.3771,0.5685,4026
CUST-0084,2026-07-31,Analytics,180,472,0.3814,0.6122,2401
CUST-0084,2026-07-31,Workflow Automation,180,472,0.3814,0.7036,5428
CUST-0084,2026-07-31,API Integration,180,472,0.3814,0.4291,9396
CUST-0084,2026-07-31,Executive Reporting,180,472,0.3814,0.8867,2296
CUST-0084,2026-07-31,Collaboration,180,472,0.3814,0.6585,3758
CUST-0085,2025-09-04,Analytics,504,841,0.5993,0.5718,35280
CUST-0085,2025-09-04,Workflow Automation,504,841,0.5993,0.6379,41328
CUST-0085,2025-09-04,API Integration,504,841,0.5993,0.7683,8568
CUST-0085,2025-09-04,Executive Reporting,504,841,0.5993,0.7721,21168
CUST-0085,2025-09-04,Collaboration,504,841,0.5993,0.5765,26712
CUST-0085,2025-10-04,Analytics,569,841,0.6766,0.3701,55762
CUST-0085,2025-10-04,Workflow Automation,569,841,0.6766,0.6609,35278
CUST-0085,2025-10-04,API Integration,569,841,0.6766,0.8293,25036
CUST-0085,2025-10-04,Executive Reporting,569,841,0.6766,0.7297,46089
CUST-0085,2025-10-04,Collaboration,569,841,0.6766,0.7871,44951
CUST-0085,2025-11-03,Analytics,540,841,0.6421,0.8777,21600
CUST-0085,2025-11-03,Workflow Automation,540,841,0.6421,0.527,54000
CUST-0085,2025-11-03,API Integration,540,841,0.6421,0.6156,43740
CUST-0085,2025-11-03,Executive Reporting,540,841,0.6421,0.8223,10800
CUST-0085,2025-11-03,Collaboration,540,841,0.6421,0.8567,34560
CUST-0085,2025-12-03,Analytics,558,841,0.6635,0.5566,6138
CUST-0085,2025-12-03,Workflow Automation,558,841,0.6635,0.4392,13950
CUST-0085,2025-12-03,API Integration,558,841,0.6635,0.4414,36828
CUST-0085,2025-12-03,Executive Reporting,558,841,0.6635,0.8284,13392
CUST-0085,2025-12-03,Collaboration,558,841,0.6635,0.3715,35712
CUST-0085,2026-01-02,Analytics,540,841,0.6421,0.6944,41580
CUST-0085,2026-01-02,Workflow Automation,540,841,0.6421,0.618,43200
CUST-0085,2026-01-02,API Integration,540,841,0.6421,0.58,5940
CUST-0085,2026-01-02,Executive Reporting,540,841,0.6421,0.5132,35100
CUST-0085,2026-01-02,Collaboration,540,841,0.6421,0.8977,51840
CUST-0085,2026-02-01,Analytics,521,841,0.6195,0.5273,29697
CUST-0085,2026-02-01,Workflow Automation,521,841,0.6195,0.6601,16151
CUST-0085,2026-02-01,API Integration,521,841,0.6195,0.4278,39596
CUST-0085,2026-02-01,Executive Reporting,521,841,0.6195,0.7268,45848
CUST-0085,2026-02-01,Collaboration,521,841,0.6195,0.8736,29697
CUST-0085,2026-03-03,Analytics,542,841,0.6445,0.4882,37398
CUST-0085,2026-03-03,Workflow Automation,542,841,0.6445,0.4658,28184
CUST-0085,2026-03-03,API Integration,542,841,0.6445,0.8599,14634
CUST-0085,2026-03-03,Executive Reporting,542,841,0.6445,0.4403,37940
CUST-0085,2026-03-03,Collaboration,542,841,0.6445,0.3554,34146
CUST-0085,2026-04-02,Analytics,513,841,0.61,0.6088,5130
CUST-0085,2026-04-02,Workflow Automation,513,841,0.61,0.5215,17442
CUST-0085,2026-04-02,API Integration,513,841,0.61,0.4596,11286
CUST-0085,2026-04-02,Executive Reporting,513,841,0.61,0.6458,26676
CUST-0085,2026-04-02,Collaboration,513,841,0.61,0.4021,45657
CUST-0085,2026-05-02,Analytics,538,841,0.6397,0.436,29052
CUST-0085,2026-05-02,Workflow Automation,538,841,0.6397,0.7,20444
CUST-0085,2026-05-02,API Integration,538,841,0.6397,0.5397,5918
CUST-0085,2026-05-02,Executive Reporting,538,841,0.6397,0.8603,24210
CUST-0085,2026-05-02,Collaboration,538,841,0.6397,0.5063,34432
CUST-0085,2026-06-01,Analytics,548,841,0.6516,0.5182,48772
CUST-0085,2026-06-01,Workflow Automation,548,841,0.6516,0.7718,23016
CUST-0085,2026-06-01,API Integration,548,841,0.6516,0.6586,50416
CUST-0085,2026-06-01,Executive Reporting,548,841,0.6516,0.7127,10412
CUST-0085,2026-06-01,Collaboration,548,841,0.6516,0.676,12604
CUST-0085,2026-07-01,Analytics,560,841,0.6659,0.504,24080
CUST-0085,2026-07-01,Workflow Automation,560,841,0.6659,0.66,14560
CUST-0085,2026-07-01,API Integration,560,841,0.6659,0.7883,47600
CUST-0085,2026-07-01,Executive Reporting,560,841,0.6659,0.7047,33040
CUST-0085,2026-07-01,Collaboration,560,841,0.6659,0.5316,47600
CUST-0085,2026-07-31,Analytics,550,841,0.654,0.8817,48400
CUST-0085,2026-07-31,Workflow Automation,550,841,0.654,0.7177,38500
CUST-0085,2026-07-31,API Integration,550,841,0.654,0.4651,5500
CUST-0085,2026-07-31,Executive Reporting,550,841,0.654,0.7809,20350
CUST-0085,2026-07-31,Collaboration,550,841,0.654,0.4002,48400
CUST-0086,2025-09-04,Analytics,189,244,0.7746,0.3501,3591
CUST-0086,2025-09-04,Workflow Automation,189,244,0.7746,0.8428,3024
CUST-0086,2025-09-04,API Integration,189,244,0.7746,0.4253,12474
CUST-0086,2025-09-04,Executive Reporting,189,244,0.7746,0.584,13230
CUST-0086,2025-09-04,Collaboration,189,244,0.7746,0.5299,13986
CUST-0086,2025-10-04,Analytics,197,244,0.8074,0.4824,11820
CUST-0086,2025-10-04,Workflow Automation,197,244,0.8074,0.5575,11623
CUST-0086,2025-10-04,API Integration,197,244,0.8074,0.7384,10835
CUST-0086,2025-10-04,Executive Reporting,197,244,0.8074,0.5215,14972
CUST-0086,2025-10-04,Collaboration,197,244,0.8074,0.5243,3940
CUST-0086,2025-11-03,Analytics,201,244,0.8238,0.8132,6231
CUST-0086,2025-11-03,Workflow Automation,201,244,0.8238,0.87,9045
CUST-0086,2025-11-03,API Integration,201,244,0.8238,0.7412,13065
CUST-0086,2025-11-03,Executive Reporting,201,244,0.8238,0.6583,14472
CUST-0086,2025-11-03,Collaboration,201,244,0.8238,0.7323,8442
CUST-0086,2025-12-03,Analytics,195,244,0.7992,0.6568,12675
CUST-0086,2025-12-03,Workflow Automation,195,244,0.7992,0.7087,6240
CUST-0086,2025-12-03,API Integration,195,244,0.7992,0.3639,10920
CUST-0086,2025-12-03,Executive Reporting,195,244,0.7992,0.8205,18525
CUST-0086,2025-12-03,Collaboration,195,244,0.7992,0.5403,12480
CUST-0086,2026-01-02,Analytics,181,244,0.7418,0.6579,6154
CUST-0086,2026-01-02,Workflow Automation,181,244,0.7418,0.5604,5792
CUST-0086,2026-01-02,API Integration,181,244,0.7418,0.8633,1991
CUST-0086,2026-01-02,Executive Reporting,181,244,0.7418,0.4577,10136
CUST-0086,2026-01-02,Collaboration,181,244,0.7418,0.6393,1810
CUST-0086,2026-02-01,Analytics,192,244,0.7869,0.5306,10944
CUST-0086,2026-02-01,Workflow Automation,192,244,0.7869,0.8537,14208
CUST-0086,2026-02-01,API Integration,192,244,0.7869,0.8569,16704
CUST-0086,2026-02-01,Executive Reporting,192,244,0.7869,0.5002,17664
CUST-0086,2026-02-01,Collaboration,192,244,0.7869,0.5012,13632
CUST-0086,2026-03-03,Analytics,186,244,0.7623,0.8977,18600
CUST-0086,2026-03-03,Workflow Automation,186,244,0.7623,0.4892,16740
CUST-0086,2026-03-03,API Integration,186,244,0.7623,0.3815,15438
CUST-0086,2026-03-03,Executive Reporting,186,244,0.7623,0.8028,13020
CUST-0086,2026-03-03,Collaboration,186,244,0.7623,0.8985,16740
CUST-0086,2026-04-02,Analytics,188,244,0.7705,0.4456,17296
CUST-0086,2026-04-02,Workflow Automation,188,244,0.7705,0.7628,4324
CUST-0086,2026-04-02,API Integration,188,244,0.7705,0.371,2444
CUST-0086,2026-04-02,Executive Reporting,188,244,0.7705,0.6871,5452
CUST-0086,2026-04-02,Collaboration,188,244,0.7705,0.7381,6016
CUST-0086,2026-05-02,Analytics,201,244,0.8238,0.4224,12663
CUST-0086,2026-05-02,Workflow Automation,201,244,0.8238,0.8087,5025
CUST-0086,2026-05-02,API Integration,201,244,0.8238,0.3808,18291
CUST-0086,2026-05-02,Executive Reporting,201,244,0.8238,0.7408,10050
CUST-0086,2026-05-02,Collaboration,201,244,0.8238,0.4036,15879
CUST-0086,2026-06-01,Analytics,183,244,0.75,0.8189,17019
CUST-0086,2026-06-01,Workflow Automation,183,244,0.75,0.6877,2196
CUST-0086,2026-06-01,API Integration,183,244,0.75,0.533,17568
CUST-0086,2026-06-01,Executive Reporting,183,244,0.75,0.8165,9150
CUST-0086,2026-06-01,Collaboration,183,244,0.75,0.8438,5673
CUST-0086,2026-07-01,Analytics,202,244,0.8279,0.6728,11312
CUST-0086,2026-07-01,Workflow Automation,202,244,0.8279,0.634,19190
CUST-0086,2026-07-01,API Integration,202,244,0.8279,0.5717,19190
CUST-0086,2026-07-01,Executive Reporting,202,244,0.8279,0.7183,3636
CUST-0086,2026-07-01,Collaboration,202,244,0.8279,0.4561,14948
CUST-0086,2026-07-31,Analytics,179,244,0.7336,0.4966,5728
CUST-0086,2026-07-31,Workflow Automation,179,244,0.7336,0.5939,8055
CUST-0086,2026-07-31,API Integration,179,244,0.7336,0.6847,17542
CUST-0086,2026-07-31,Executive Reporting,179,244,0.7336,0.628,5728
CUST-0086,2026-07-31,Collaboration,179,244,0.7336,0.6994,1790
CUST-0087,2025-09-04,Analytics,349,488,0.7152,0.5378,28618
CUST-0087,2025-09-04,Workflow Automation,349,488,0.7152,0.8099,7329
CUST-0087,2025-09-04,API Integration,349,488,0.7152,0.6614,24081
CUST-0087,2025-09-04,Executive Reporting,349,488,0.7152,0.3985,7329
CUST-0087,2025-09-04,Collaboration,349,488,0.7152,0.4504,7329
CUST-0087,2025-10-04,Analytics,339,488,0.6947,0.6751,4068
CUST-0087,2025-10-04,Workflow Automation,339,488,0.6947,0.7717,3729
CUST-0087,2025-10-04,API Integration,339,488,0.6947,0.4696,19323
CUST-0087,2025-10-04,Executive Reporting,339,488,0.6947,0.6032,13899
CUST-0087,2025-10-04,Collaboration,339,488,0.6947,0.5193,32883
CUST-0087,2025-11-03,Analytics,366,488,0.75,0.8458,12444
CUST-0087,2025-11-03,Workflow Automation,366,488,0.75,0.7611,9516
CUST-0087,2025-11-03,API Integration,366,488,0.75,0.5208,21228
CUST-0087,2025-11-03,Executive Reporting,366,488,0.75,0.7383,11712
CUST-0087,2025-11-03,Collaboration,366,488,0.75,0.5034,30012
CUST-0087,2025-12-03,Analytics,347,488,0.7111,0.4743,11798
CUST-0087,2025-12-03,Workflow Automation,347,488,0.7111,0.5,12145
CUST-0087,2025-12-03,API Integration,347,488,0.7111,0.4474,16309
CUST-0087,2025-12-03,Executive Reporting,347,488,0.7111,0.4926,22902
CUST-0087,2025-12-03,Collaboration,347,488,0.7111,0.4955,24984
CUST-0087,2026-01-02,Analytics,349,488,0.7152,0.55,32108
CUST-0087,2026-01-02,Workflow Automation,349,488,0.7152,0.6377,31410
CUST-0087,2026-01-02,API Integration,349,488,0.7152,0.7279,10819
CUST-0087,2026-01-02,Executive Reporting,349,488,0.7152,0.3702,29316
CUST-0087,2026-01-02,Collaboration,349,488,0.7152,0.5621,27222
CUST-0087,2026-02-01,Analytics,361,488,0.7398,0.8966,23465
CUST-0087,2026-02-01,Workflow Automation,361,488,0.7398,0.5408,35017
CUST-0087,2026-02-01,API Integration,361,488,0.7398,0.7879,12996
CUST-0087,2026-02-01,Executive Reporting,361,488,0.7398,0.5382,26714
CUST-0087,2026-02-01,Collaboration,361,488,0.7398,0.6534,15884
CUST-0087,2026-03-03,Analytics,334,488,0.6844,0.7754,14362
CUST-0087,2026-03-03,Workflow Automation,334,488,0.6844,0.47,14362
CUST-0087,2026-03-03,API Integration,334,488,0.6844,0.3673,8016
CUST-0087,2026-03-03,Executive Reporting,334,488,0.6844,0.6344,30060
CUST-0087,2026-03-03,Collaboration,334,488,0.6844,0.4525,9018
CUST-0087,2026-04-02,Analytics,356,488,0.7295,0.5276,29192
CUST-0087,2026-04-02,Workflow Automation,356,488,0.7295,0.5579,30260
CUST-0087,2026-04-02,API Integration,356,488,0.7295,0.8457,18156
CUST-0087,2026-04-02,Executive Reporting,356,488,0.7295,0.7357,32040
CUST-0087,2026-04-02,Collaboration,356,488,0.7295,0.5474,3916
CUST-0087,2026-05-02,Analytics,338,488,0.6926,0.6115,17914
CUST-0087,2026-05-02,Workflow Automation,338,488,0.6926,0.7063,7436
CUST-0087,2026-05-02,API Integration,338,488,0.6926,0.4529,18590
CUST-0087,2026-05-02,Executive Reporting,338,488,0.6926,0.5185,23322
CUST-0087,2026-05-02,Collaboration,338,488,0.6926,0.6507,4056
CUST-0087,2026-06-01,Analytics,354,488,0.7254,0.6891,30090
CUST-0087,2026-06-01,Workflow Automation,354,488,0.7254,0.6668,23010
CUST-0087,2026-06-01,API Integration,354,488,0.7254,0.752,24780
CUST-0087,2026-06-01,Executive Reporting,354,488,0.7254,0.8088,14868
CUST-0087,2026-06-01,Collaboration,354,488,0.7254,0.7479,30444
CUST-0087,2026-07-01,Analytics,348,488,0.7131,0.7232,16704
CUST-0087,2026-07-01,Workflow Automation,348,488,0.7131,0.3721,13572
CUST-0087,2026-07-01,API Integration,348,488,0.7131,0.7697,25752
CUST-0087,2026-07-01,Executive Reporting,348,488,0.7131,0.4093,22272
CUST-0087,2026-07-01,Collaboration,348,488,0.7131,0.7757,28884
CUST-0087,2026-07-31,Analytics,352,488,0.7213,0.3657,26400
CUST-0087,2026-07-31,Workflow Automation,352,488,0.7213,0.4415,16896
CUST-0087,2026-07-31,API Integration,352,488,0.7213,0.8376,34848
CUST-0087,2026-07-31,Executive Reporting,352,488,0.7213,0.8686,12320
CUST-0087,2026-07-31,Collaboration,352,488,0.7213,0.8733,28864
CUST-0088,2025-09-04,Analytics,177,232,0.7629,0.878,3717
CUST-0088,2025-09-04,Workflow Automation,177,232,0.7629,0.5201,4956
CUST-0088,2025-09-04,API Integration,177,232,0.7629,0.7908,12036
CUST-0088,2025-09-04,Executive Reporting,177,232,0.7629,0.5678,12036
CUST-0088,2025-09-04,Collaboration,177,232,0.7629,0.3505,4956
CUST-0088,2025-10-04,Analytics,173,232,0.7457,0.4446,8477
CUST-0088,2025-10-04,Workflow Automation,173,232,0.7457,0.3942,6920
CUST-0088,2025-10-04,API Integration,173,232,0.7457,0.8218,11245
CUST-0088,2025-10-04,Executive Reporting,173,232,0.7457,0.3996,7093
CUST-0088,2025-10-04,Collaboration,173,232,0.7457,0.4348,14013
CUST-0088,2025-11-03,Analytics,192,232,0.8276,0.5558,13632
CUST-0088,2025-11-03,Workflow Automation,192,232,0.8276,0.4376,4224
CUST-0088,2025-11-03,API Integration,192,232,0.8276,0.6089,18624
CUST-0088,2025-11-03,Executive Reporting,192,232,0.8276,0.5667,7104
CUST-0088,2025-11-03,Collaboration,192,232,0.8276,0.8521,18240
CUST-0088,2025-12-03,Analytics,178,232,0.7672,0.6049,7298
CUST-0088,2025-12-03,Workflow Automation,178,232,0.7672,0.7697,3916
CUST-0088,2025-12-03,API Integration,178,232,0.7672,0.5632,8900
CUST-0088,2025-12-03,Executive Reporting,178,232,0.7672,0.7697,4806
CUST-0088,2025-12-03,Collaboration,178,232,0.7672,0.5699,9078
CUST-0088,2026-01-02,Analytics,193,232,0.8319,0.8009,12352
CUST-0088,2026-01-02,Workflow Automation,193,232,0.8319,0.6783,15054
CUST-0088,2026-01-02,API Integration,193,232,0.8319,0.3894,13896
CUST-0088,2026-01-02,Executive Reporting,193,232,0.8319,0.7184,16405
CUST-0088,2026-01-02,Collaboration,193,232,0.8319,0.3648,16791
CUST-0088,2026-02-01,Analytics,172,232,0.7414,0.4793,9632
CUST-0088,2026-02-01,Workflow Automation,172,232,0.7414,0.5369,1720
CUST-0088,2026-02-01,API Integration,172,232,0.7414,0.6858,10320
CUST-0088,2026-02-01,Executive Reporting,172,232,0.7414,0.853,15824
CUST-0088,2026-02-01,Collaboration,172,232,0.7414,0.4765,12556
CUST-0088,2026-03-03,Analytics,172,232,0.7414,0.4662,11180
CUST-0088,2026-03-03,Workflow Automation,172,232,0.7414,0.4011,10148
CUST-0088,2026-03-03,API Integration,172,232,0.7414,0.7097,11008
CUST-0088,2026-03-03,Executive Reporting,172,232,0.7414,0.4329,8428
CUST-0088,2026-03-03,Collaboration,172,232,0.7414,0.5627,12212
CUST-0088,2026-04-02,Analytics,168,232,0.7241,0.8772,10584
CUST-0088,2026-04-02,Workflow Automation,168,232,0.7241,0.4487,10080
CUST-0088,2026-04-02,API Integration,168,232,0.7241,0.7253,3864
CUST-0088,2026-04-02,Executive Reporting,168,232,0.7241,0.6057,3360
CUST-0088,2026-04-02,Collaboration,168,232,0.7241,0.5405,3696
CUST-0088,2026-05-02,Analytics,186,232,0.8017,0.5725,2046
CUST-0088,2026-05-02,Workflow Automation,186,232,0.8017,0.4385,4836
CUST-0088,2026-05-02,API Integration,186,232,0.8017,0.6661,10974
CUST-0088,2026-05-02,Executive Reporting,186,232,0.8017,0.7275,2046
CUST-0088,2026-05-02,Collaboration,186,232,0.8017,0.6174,17670
CUST-0088,2026-06-01,Analytics,179,232,0.7716,0.7742,8592
CUST-0088,2026-06-01,Workflow Automation,179,232,0.7716,0.5837,16289
CUST-0088,2026-06-01,API Integration,179,232,0.7716,0.4138,11993
CUST-0088,2026-06-01,Executive Reporting,179,232,0.7716,0.6261,12530
CUST-0088,2026-06-01,Collaboration,179,232,0.7716,0.7416,13962
CUST-0088,2026-07-01,Analytics,195,232,0.8405,0.4114,6240
CUST-0088,2026-07-01,Workflow Automation,195,232,0.8405,0.8894,15210
CUST-0088,2026-07-01,API Integration,195,232,0.8405,0.7678,18720
CUST-0088,2026-07-01,Executive Reporting,195,232,0.8405,0.394,1950
CUST-0088,2026-07-01,Collaboration,195,232,0.8405,0.5354,19500
CUST-0088,2026-07-31,Analytics,184,232,0.7931,0.4587,16192
CUST-0088,2026-07-31,Workflow Automation,184,232,0.7931,0.7502,12512
CUST-0088,2026-07-31,API Integration,184,232,0.7931,0.5892,12696
CUST-0088,2026-07-31,Executive Reporting,184,232,0.7931,0.5049,4600
CUST-0088,2026-07-31,Collaboration,184,232,0.7931,0.8273,12512
CUST-0089,2025-09-04,Analytics,421,510,0.8255,0.5531,26944
CUST-0089,2025-09-04,Workflow Automation,421,510,0.8255,0.5356,19787
CUST-0089,2025-09-04,API Integration,421,510,0.8255,0.7718,5473
CUST-0089,2025-09-04,Executive Reporting,421,510,0.8255,0.6485,13472
CUST-0089,2025-09-04,Collaboration,421,510,0.8255,0.5113,26523
CUST-0089,2025-10-04,Analytics,382,510,0.749,0.5285,34762
CUST-0089,2025-10-04,Workflow Automation,382,510,0.749,0.3696,9168
CUST-0089,2025-10-04,API Integration,382,510,0.749,0.5465,5348
CUST-0089,2025-10-04,Executive Reporting,382,510,0.749,0.6422,22920
CUST-0089,2025-10-04,Collaboration,382,510,0.749,0.4867,7640
CUST-0089,2025-11-03,Analytics,417,510,0.8176,0.4193,11676
CUST-0089,2025-11-03,Workflow Automation,417,510,0.8176,0.6981,27105
CUST-0089,2025-11-03,API Integration,417,510,0.8176,0.841,22518
CUST-0089,2025-11-03,Executive Reporting,417,510,0.8176,0.8845,40866
CUST-0089,2025-11-03,Collaboration,417,510,0.8176,0.6895,32109
CUST-0089,2025-12-03,Analytics,419,510,0.8216,0.3724,21369
CUST-0089,2025-12-03,Workflow Automation,419,510,0.8216,0.555,11732
CUST-0089,2025-12-03,API Integration,419,510,0.8216,0.6851,38129
CUST-0089,2025-12-03,Executive Reporting,419,510,0.8216,0.7969,9218
CUST-0089,2025-12-03,Collaboration,419,510,0.8216,0.5601,8380
CUST-0089,2026-01-02,Analytics,404,510,0.7922,0.7002,19392
CUST-0089,2026-01-02,Workflow Automation,404,510,0.7922,0.5824,4848
CUST-0089,2026-01-02,API Integration,404,510,0.7922,0.4512,16968
CUST-0089,2026-01-02,Executive Reporting,404,510,0.7922,0.7469,8080
CUST-0089,2026-01-02,Collaboration,404,510,0.7922,0.8103,26260
CUST-0089,2026-02-01,Analytics,445,510,0.8725,0.7865,36935
CUST-0089,2026-02-01,Workflow Automation,445,510,0.8725,0.4935,21360
CUST-0089,2026-02-01,API Integration,445,510,0.8725,0.6886,35155
CUST-0089,2026-02-01,Executive Reporting,445,510,0.8725,0.8198,18245
CUST-0089,2026-02-01,Collaboration,445,510,0.8725,0.7318,7120
CUST-0089,2026-03-03,Analytics,406,510,0.7961,0.6101,26390
CUST-0089,2026-03-03,Workflow Automation,406,510,0.7961,0.5011,39788
CUST-0089,2026-03-03,API Integration,406,510,0.7961,0.7781,18270
CUST-0089,2026-03-03,Executive Reporting,406,510,0.7961,0.6259,6090
CUST-0089,2026-03-03,Collaboration,406,510,0.7961,0.6825,13398
CUST-0089,2026-04-02,Analytics,426,510,0.8353,0.5,26412
CUST-0089,2026-04-02,Workflow Automation,426,510,0.8353,0.4639,26838
CUST-0089,2026-04-02,API Integration,426,510,0.8353,0.7115,19170
CUST-0089,2026-04-02,Executive Reporting,426,510,0.8353,0.4969,36636
CUST-0089,2026-04-02,Collaboration,426,510,0.8353,0.7846,38766
CUST-0089,2026-05-02,Analytics,402,510,0.7882,0.4717,4824
CUST-0089,2026-05-02,Workflow Automation,402,510,0.7882,0.74,15276
CUST-0089,2026-05-02,API Integration,402,510,0.7882,0.385,18492
CUST-0089,2026-05-02,Executive Reporting,402,510,0.7882,0.7505,34974
CUST-0089,2026-05-02,Collaboration,402,510,0.7882,0.8048,34170
CUST-0089,2026-06-01,Analytics,409,510,0.802,0.6774,32311
CUST-0089,2026-06-01,Workflow Automation,409,510,0.802,0.564,33129
CUST-0089,2026-06-01,API Integration,409,510,0.802,0.3569,21677
CUST-0089,2026-06-01,Executive Reporting,409,510,0.802,0.5258,26994
CUST-0089,2026-06-01,Collaboration,409,510,0.802,0.4335,29857
CUST-0089,2026-07-01,Analytics,395,510,0.7745,0.7337,37920
CUST-0089,2026-07-01,Workflow Automation,395,510,0.7745,0.5645,24095
CUST-0089,2026-07-01,API Integration,395,510,0.7745,0.3677,32785
CUST-0089,2026-07-01,Executive Reporting,395,510,0.7745,0.8822,35550
CUST-0089,2026-07-01,Collaboration,395,510,0.7745,0.6176,21330
CUST-0089,2026-07-31,Analytics,387,510,0.7588,0.7614,29799
CUST-0089,2026-07-31,Workflow Automation,387,510,0.7588,0.5531,18189
CUST-0089,2026-07-31,API Integration,387,510,0.7588,0.763,25929
CUST-0089,2026-07-31,Executive Reporting,387,510,0.7588,0.721,5031
CUST-0089,2026-07-31,Collaboration,387,510,0.7588,0.4357,32508
CUST-0090,2025-09-04,Analytics,212,330,0.6424,0.5785,2544
CUST-0090,2025-09-04,Workflow Automation,212,330,0.6424,0.7633,9752
CUST-0090,2025-09-04,API Integration,212,330,0.6424,0.656,15264
CUST-0090,2025-09-04,Executive Reporting,212,330,0.6424,0.8943,12296
CUST-0090,2025-09-04,Collaboration,212,330,0.6424,0.8566,5512
CUST-0090,2025-10-04,Analytics,205,330,0.6212,0.8719,5125
CUST-0090,2025-10-04,Workflow Automation,205,330,0.6212,0.4033,7585
CUST-0090,2025-10-04,API Integration,205,330,0.6212,0.4662,4920
CUST-0090,2025-10-04,Executive Reporting,205,330,0.6212,0.6639,6560
CUST-0090,2025-10-04,Collaboration,205,330,0.6212,0.8257,12505
CUST-0090,2025-11-03,Analytics,211,330,0.6394,0.5436,7807
CUST-0090,2025-11-03,Workflow Automation,211,330,0.6394,0.58,18146
CUST-0090,2025-11-03,API Integration,211,330,0.6394,0.5034,11816
CUST-0090,2025-11-03,Executive Reporting,211,330,0.6394,0.6967,20045
CUST-0090,2025-11-03,Collaboration,211,330,0.6394,0.8366,19201
CUST-0090,2025-12-03,Analytics,218,330,0.6606,0.5248,17004
CUST-0090,2025-12-03,Workflow Automation,218,330,0.6606,0.6429,8284
CUST-0090,2025-12-03,API Integration,218,330,0.6606,0.8225,15914
CUST-0090,2025-12-03,Executive Reporting,218,330,0.6606,0.7663,10028
CUST-0090,2025-12-03,Collaboration,218,330,0.6606,0.8044,14606
CUST-0090,2026-01-02,Analytics,198,330,0.6,0.8303,12078
CUST-0090,2026-01-02,Workflow Automation,198,330,0.6,0.5086,15444
CUST-0090,2026-01-02,API Integration,198,330,0.6,0.8064,13662
CUST-0090,2026-01-02,Executive Reporting,198,330,0.6,0.7109,19206
CUST-0090,2026-01-02,Collaboration,198,330,0.6,0.849,11682
CUST-0090,2026-02-01,Analytics,212,330,0.6424,0.58,13356
CUST-0090,2026-02-01,Workflow Automation,212,330,0.6424,0.5757,19292
CUST-0090,2026-02-01,API Integration,212,330,0.6424,0.366,8056
CUST-0090,2026-02-01,Executive Reporting,212,330,0.6424,0.4262,18868
CUST-0090,2026-02-01,Collaboration,212,330,0.6424,0.6268,4240
CUST-0090,2026-03-03,Analytics,213,330,0.6455,0.7527,2556
CUST-0090,2026-03-03,Workflow Automation,213,330,0.6455,0.5288,8733
CUST-0090,2026-03-03,API Integration,213,330,0.6455,0.4416,19170
CUST-0090,2026-03-03,Executive Reporting,213,330,0.6455,0.6096,4473
CUST-0090,2026-03-03,Collaboration,213,330,0.6455,0.8735,2556
CUST-0090,2026-04-02,Analytics,218,330,0.6606,0.8359,20274
CUST-0090,2026-04-02,Workflow Automation,218,330,0.6606,0.5641,16350
CUST-0090,2026-04-02,API Integration,218,330,0.6606,0.8249,6540
CUST-0090,2026-04-02,Executive Reporting,218,330,0.6606,0.6018,8720
CUST-0090,2026-04-02,Collaboration,218,330,0.6606,0.4464,7630
CUST-0090,2026-05-02,Analytics,204,330,0.6182,0.5111,2652
CUST-0090,2026-05-02,Workflow Automation,204,330,0.6182,0.4639,14076
CUST-0090,2026-05-02,API Integration,204,330,0.6182,0.6026,19788
CUST-0090,2026-05-02,Executive Reporting,204,330,0.6182,0.6818,8160
CUST-0090,2026-05-02,Collaboration,204,330,0.6182,0.7882,14076
CUST-0090,2026-06-01,Analytics,210,330,0.6364,0.4111,18270
CUST-0090,2026-06-01,Workflow Automation,210,330,0.6364,0.8108,6300
CUST-0090,2026-06-01,API Integration,210,330,0.6364,0.4847,3780
CUST-0090,2026-06-01,Executive Reporting,210,330,0.6364,0.3538,2940
CUST-0090,2026-06-01,Collaboration,210,330,0.6364,0.7251,13020
CUST-0090,2026-07-01,Analytics,222,330,0.6727,0.8975,13098
CUST-0090,2026-07-01,Workflow Automation,222,330,0.6727,0.3887,13986
CUST-0090,2026-07-01,API Integration,222,330,0.6727,0.8767,17316
CUST-0090,2026-07-01,Executive Reporting,222,330,0.6727,0.4165,19314
CUST-0090,2026-07-01,Collaboration,222,330,0.6727,0.7059,17316
CUST-0090,2026-07-31,Analytics,217,330,0.6576,0.5912,3689
CUST-0090,2026-07-31,Workflow Automation,217,330,0.6576,0.5111,13020
CUST-0090,2026-07-31,API Integration,217,330,0.6576,0.8056,3255
CUST-0090,2026-07-31,Executive Reporting,217,330,0.6576,0.5499,16275
CUST-0090,2026-07-31,Collaboration,217,330,0.6576,0.6961,14322
CUST-0091,2025-09-04,Analytics,447,799,0.5594,0.8159,37548
CUST-0091,2025-09-04,Workflow Automation,447,799,0.5594,0.7645,10728
CUST-0091,2025-09-04,API Integration,447,799,0.5594,0.7471,25032
CUST-0091,2025-09-04,Executive Reporting,447,799,0.5594,0.5771,23691
CUST-0091,2025-09-04,Collaboration,447,799,0.5594,0.4281,18327
CUST-0091,2025-10-04,Analytics,505,799,0.632,0.4655,11221
CUST-0091,2025-10-04,Workflow Automation,505,799,0.632,0.5315,49984
CUST-0091,2025-10-04,API Integration,505,799,0.632,0.3907,51005
CUST-0091,2025-10-04,Executive Reporting,505,799,0.632,0.6204,20912
CUST-0091,2025-10-04,Collaboration,505,799,0.632,0.7663,27032
CUST-0091,2025-11-03,Analytics,471,799,0.5895,0.5946,32188
CUST-0091,2025-11-03,Workflow Automation,471,799,0.5895,0.7348,39394
CUST-0091,2025-11-03,API Integration,471,799,0.5895,0.5014,6725
CUST-0091,2025-11-03,Executive Reporting,471,799,0.5895,0.7687,13451
CUST-0091,2025-11-03,Collaboration,471,799,0.5895,0.637,6245
CUST-0091,2025-12-03,Analytics,470,799,0.5882,0.554,27109
CUST-0091,2025-12-03,Workflow Automation,470,799,0.5882,0.7426,23720
CUST-0091,2025-12-03,API Integration,470,799,0.5882,0.8696,14523
CUST-0091,2025-12-03,Executive Reporting,470,799,0.5882,0.6622,23720
CUST-0091,2025-12-03,Collaboration,470,799,0.5882,0.6114,31950
CUST-0091,2026-01-02,Analytics,510,799,0.6383,0.4349,51979
CUST-0091,2026-01-02,Workflow Automation,510,799,0.6383,0.4207,46144
CUST-0091,2026-01-02,API Integration,510,799,0.6383,0.5108,31293
CUST-0091,2026-01-02,Executive Reporting,510,799,0.6383,0.4915,20685
CUST-0091,2026-01-02,Collaboration,510,799,0.6383,0.3654,19624
CUST-0091,2026-02-01,Analytics,508,799,0.6358,0.4316,5867
CUST-0091,2026-02-01,Workflow Automation,508,799,0.6358,0.4927,40005
CUST-0091,2026-02-01,API Integration,508,799,0.6358,0.76,40538
CUST-0091,2026-02-01,Executive Reporting,508,799,0.6358,0.5732,47472
CUST-0091,2026-02-01,Collaboration,508,799,0.6358,0.845,28803
CUST-0091,2026-03-03,Analytics,518,799,0.6483,0.6729,40631
CUST-0091,2026-03-03,Workflow Automation,518,799,0.6483,0.5229,31297
CUST-0091,2026-03-03,API Integration,518,799,0.6483,0.5579,39533
CUST-0091,2026-03-03,Executive Reporting,518,799,0.6483,0.7066,42279
CUST-0091,2026-03-03,Collaboration,518,799,0.6483,0.6151,38984
CUST-0091,2026-04-02,Analytics,543,799,0.6796,0.3578,10458
CUST-0091,2026-04-02,Workflow Automation,543,799,0.6796,0.5383,28469
CUST-0091,2026-04-02,API Integration,543,799,0.6796,0.4635,16849
CUST-0091,2026-04-02,Executive Reporting,543,799,0.6796,0.5031,14525
CUST-0091,2026-04-02,Collaboration,543,799,0.6796,0.7075,31955
CUST-0091,2026-05-02,Analytics,516,799,0.6458,0.6632,50712
CUST-0091,2026-05-02,Workflow Automation,516,799,0.6458,0.8485,42910
CUST-0091,2026-05-02,API Integration,516,799,0.6458,0.844,19504
CUST-0091,2026-05-02,Executive Reporting,516,799,0.6458,0.55,7801
CUST-0091,2026-05-02,Collaboration,516,799,0.6458,0.5692,12260
CUST-0091,2026-06-01,Analytics,558,799,0.6984,0.6291,26761
CUST-0091,2026-06-01,Workflow Automation,558,799,0.6984,0.6543,47441
CUST-0091,2026-06-01,API Integration,558,799,0.6984,0.8156,47441
CUST-0091,2026-06-01,Executive Reporting,558,799,0.6984,0.8299,10339
CUST-0091,2026-06-01,Collaboration,558,799,0.6984,0.5956,46224
CUST-0091,2026-07-01,Analytics,504,799,0.6308,0.4908,18295
CUST-0091,2026-07-01,Workflow Automation,504,799,0.6308,0.7293,51559
CUST-0091,2026-07-01,API Integration,504,799,0.6308,0.8216,21621
CUST-0091,2026-07-01,Executive Reporting,504,799,0.6308,0.7293,37699
CUST-0091,2026-07-01,Collaboration,504,799,0.6308,0.4476,48232
CUST-0091,2026-07-31,Analytics,510,799,0.6383,0.5026,19247
CUST-0091,2026-07-31,Workflow Automation,510,799,0.6383,0.7533,10189
CUST-0091,2026-07-31,API Integration,510,799,0.6383,0.8484,14718
CUST-0091,2026-07-31,Executive Reporting,510,799,0.6383,0.6374,9623
CUST-0091,2026-07-31,Collaboration,510,799,0.6383,0.4643,23210
CUST-0092,2025-09-04,Analytics,531,780,0.6808,0.7798,26550
CUST-0092,2025-09-04,Workflow Automation,531,780,0.6808,0.7845,10089
CUST-0092,2025-09-04,API Integration,531,780,0.6808,0.458,12744
CUST-0092,2025-09-04,Executive Reporting,531,780,0.6808,0.593,37170
CUST-0092,2025-09-04,Collaboration,531,780,0.6808,0.4586,41949
CUST-0092,2025-10-04,Analytics,535,780,0.6859,0.6791,25680
CUST-0092,2025-10-04,Workflow Automation,535,780,0.6859,0.6631,44940
CUST-0092,2025-10-04,API Integration,535,780,0.6859,0.5864,12840
CUST-0092,2025-10-04,Executive Reporting,535,780,0.6859,0.746,35310
CUST-0092,2025-10-04,Collaboration,535,780,0.6859,0.7776,18190
CUST-0092,2025-11-03,Analytics,535,780,0.6859,0.6992,36380
CUST-0092,2025-11-03,Workflow Automation,535,780,0.6859,0.8957,22470
CUST-0092,2025-11-03,API Integration,535,780,0.6859,0.765,46010
CUST-0092,2025-11-03,Executive Reporting,535,780,0.6859,0.4989,48150
CUST-0092,2025-11-03,Collaboration,535,780,0.6859,0.4471,39590
CUST-0092,2025-12-03,Analytics,526,780,0.6744,0.5061,48392
CUST-0092,2025-12-03,Workflow Automation,526,780,0.6744,0.5148,41028
CUST-0092,2025-12-03,API Integration,526,780,0.6744,0.487,23670
CUST-0092,2025-12-03,Executive Reporting,526,780,0.6744,0.7228,38924
CUST-0092,2025-12-03,Collaboration,526,780,0.6744,0.5198,34716
CUST-0092,2026-01-02,Analytics,495,780,0.6346,0.7661,16335
CUST-0092,2026-01-02,Workflow Automation,495,780,0.6346,0.6182,24750
CUST-0092,2026-01-02,API Integration,495,780,0.6346,0.8414,37125
CUST-0092,2026-01-02,Executive Reporting,495,780,0.6346,0.6088,14850
CUST-0092,2026-01-02,Collaboration,495,780,0.6346,0.4483,32175
CUST-0092,2026-02-01,Analytics,542,780,0.6949,0.402,35772
CUST-0092,2026-02-01,Workflow Automation,542,780,0.6949,0.5383,52574
CUST-0092,2026-02-01,API Integration,542,780,0.6949,0.6462,17886
CUST-0092,2026-02-01,Executive Reporting,542,780,0.6949,0.4565,12466
CUST-0092,2026-02-01,Collaboration,542,780,0.6949,0.7696,20054
CUST-0092,2026-03-03,Analytics,511,780,0.6551,0.518,39347
CUST-0092,2026-03-03,Workflow Automation,511,780,0.6551,0.6095,49567
CUST-0092,2026-03-03,API Integration,511,780,0.6551,0.515,44968
CUST-0092,2026-03-03,Executive Reporting,511,780,0.6551,0.4657,49056
CUST-0092,2026-03-03,Collaboration,511,780,0.6551,0.435,15330
CUST-0092,2026-04-02,Analytics,501,780,0.6423,0.5679,15531
CUST-0092,2026-04-02,Workflow Automation,501,780,0.6423,0.8188,44088
CUST-0092,2026-04-02,API Integration,501,780,0.6423,0.7144,25551
CUST-0092,2026-04-02,Executive Reporting,501,780,0.6423,0.8762,35070
CUST-0092,2026-04-02,Collaboration,501,780,0.6423,0.7094,31563
CUST-0092,2026-05-02,Analytics,551,780,0.7064,0.4982,23693
CUST-0092,2026-05-02,Workflow Automation,551,780,0.7064,0.6096,26448
CUST-0092,2026-05-02,API Integration,551,780,0.7064,0.5539,26999
CUST-0092,2026-05-02,Executive Reporting,551,780,0.7064,0.5335,30305
CUST-0092,2026-05-02,Collaboration,551,780,0.7064,0.8061,27550
CUST-0092,2026-06-01,Analytics,523,780,0.6705,0.5839,31380
CUST-0092,2026-06-01,Workflow Automation,523,780,0.6705,0.7695,5230
CUST-0092,2026-06-01,API Integration,523,780,0.6705,0.7692,31903
CUST-0092,2026-06-01,Executive Reporting,523,780,0.6705,0.3804,32426
CUST-0092,2026-06-01,Collaboration,523,780,0.6705,0.5445,14121
CUST-0092,2026-07-01,Analytics,568,780,0.7282,0.7719,6816
CUST-0092,2026-07-01,Workflow Automation,568,780,0.7282,0.8002,19880
CUST-0092,2026-07-01,API Integration,568,780,0.7282,0.4647,23856
CUST-0092,2026-07-01,Executive Reporting,568,780,0.7282,0.5121,32376
CUST-0092,2026-07-01,Collaboration,568,780,0.7282,0.363,36352
CUST-0092,2026-07-31,Analytics,552,780,0.7077,0.5291,44712
CUST-0092,2026-07-31,Workflow Automation,552,780,0.7077,0.7565,20424
CUST-0092,2026-07-31,API Integration,552,780,0.7077,0.6897,36432
CUST-0092,2026-07-31,Executive Reporting,552,780,0.7077,0.821,12696
CUST-0092,2026-07-31,Collaboration,552,780,0.7077,0.3909,16560
CUST-0093,2025-09-04,Analytics,399,609,0.6552,0.6761,5985
CUST-0093,2025-09-04,Workflow Automation,399,609,0.6552,0.7797,23541
CUST-0093,2025-09-04,API Integration,399,609,0.6552,0.7283,39900
CUST-0093,2025-09-04,Executive Reporting,399,609,0.6552,0.6179,17955
CUST-0093,2025-09-04,Collaboration,399,609,0.6552,0.8928,33915
CUST-0093,2025-10-04,Analytics,369,609,0.6059,0.4058,33914
CUST-0093,2025-10-04,Workflow Automation,369,609,0.6059,0.5385,29069
CUST-0093,2025-10-04,API Integration,369,609,0.6059,0.5532,17143
CUST-0093,2025-10-04,Executive Reporting,369,609,0.6059,0.4111,10062
CUST-0093,2025-10-04,Collaboration,369,609,0.6059,0.8345,7081
CUST-0093,2025-11-03,Analytics,369,609,0.6059,0.7764,23335
CUST-0093,2025-11-03,Workflow Automation,369,609,0.6059,0.8034,10915
CUST-0093,2025-11-03,API Integration,369,609,0.6059,0.6744,31239
CUST-0093,2025-11-03,Executive Reporting,369,609,0.6059,0.46,7903
CUST-0093,2025-11-03,Collaboration,369,609,0.6059,0.591,19195
CUST-0093,2025-12-03,Analytics,388,609,0.6371,0.7695,17184
CUST-0093,2025-12-03,Workflow Automation,388,609,0.6371,0.6562,18783
CUST-0093,2025-12-03,API Integration,388,609,0.6371,0.7293,10790
CUST-0093,2025-12-03,Executive Reporting,388,609,0.6371,0.7747,7193
CUST-0093,2025-12-03,Collaboration,388,609,0.6371,0.8289,39564
CUST-0093,2026-01-02,Analytics,401,609,0.6585,0.5227,23354
CUST-0093,2026-01-02,Workflow Automation,401,609,0.6585,0.8478,27941
CUST-0093,2026-01-02,API Integration,401,609,0.6585,0.761,15430
CUST-0093,2026-01-02,Executive Reporting,401,609,0.6585,0.4513,28775
CUST-0093,2026-01-02,Collaboration,401,609,0.6585,0.4752,23354
CUST-0093,2026-02-01,Analytics,381,609,0.6256,0.7227,40005
CUST-0093,2026-02-01,Workflow Automation,381,609,0.6256,0.4925,34804
CUST-0093,2026-02-01,API Integration,381,609,0.6256,0.7612,4800
CUST-0093,2026-02-01,Executive Reporting,381,609,0.6256,0.4271,36804
CUST-0093,2026-02-01,Collaboration,381,609,0.6256,0.5759,24003
CUST-0093,2026-03-03,Analytics,414,609,0.6798,0.789,33790
CUST-0093,2026-03-03,Workflow Automation,414,609,0.6798,0.3832,32913
CUST-0093,2026-03-03,API Integration,414,609,0.6798,0.5554,35984
CUST-0093,2026-03-03,Executive Reporting,414,609,0.6798,0.5905,6143
CUST-0093,2026-03-03,Collaboration,414,609,0.6798,0.8779,22380
CUST-0093,2026-04-02,Analytics,417,609,0.6847,0.6206,37033
CUST-0093,2026-04-02,Workflow Automation,417,609,0.6847,0.5336,8031
CUST-0093,2026-04-02,API Integration,417,609,0.6847,0.7539,36587
CUST-0093,2026-04-02,Executive Reporting,417,609,0.6847,0.4007,36141
CUST-0093,2026-04-02,Collaboration,417,609,0.6847,0.7793,34802
CUST-0093,2026-05-02,Analytics,380,609,0.624,0.6324,8618
CUST-0093,2026-05-02,Workflow Automation,380,609,0.624,0.6657,28317
CUST-0093,2026-05-02,API Integration,380,609,0.624,0.6855,13953
CUST-0093,2026-05-02,Executive Reporting,380,609,0.624,0.7635,39808
CUST-0093,2026-05-02,Collaboration,380,609,0.624,0.587,18468
CUST-0093,2026-06-01,Analytics,404,609,0.6634,0.8391,12770
CUST-0093,2026-06-01,Workflow Automation,404,609,0.6634,0.7077,8366
CUST-0093,2026-06-01,API Integration,404,609,0.6634,0.4499,36549
CUST-0093,2026-06-01,Executive Reporting,404,609,0.6634,0.5369,33907
CUST-0093,2026-06-01,Collaboration,404,609,0.6634,0.7796,28623
CUST-0093,2026-07-01,Analytics,435,609,0.7143,0.5708,22489
CUST-0093,2026-07-01,Workflow Automation,435,609,0.7143,0.3535,28231
CUST-0093,2026-07-01,API Integration,435,609,0.7143,0.3604,18183
CUST-0093,2026-07-01,Executive Reporting,435,609,0.7143,0.5273,13876
CUST-0093,2026-07-01,Collaboration,435,609,0.7143,0.4924,18183
CUST-0093,2026-07-31,Analytics,419,609,0.688,0.7723,36277
CUST-0093,2026-07-31,Workflow Automation,419,609,0.688,0.6018,44183
CUST-0093,2026-07-31,API Integration,419,609,0.688,0.4602,38602
CUST-0093,2026-07-31,Executive Reporting,419,609,0.688,0.8589,38602
CUST-0093,2026-07-31,Collaboration,419,609,0.688,0.4339,13022
CUST-0094,2025-09-04,Analytics,234,347,0.6744,0.6434,3510
CUST-0094,2025-09-04,Workflow Automation,234,347,0.6744,0.7787,18486
CUST-0094,2025-09-04,API Integration,234,347,0.6744,0.5417,4212
CUST-0094,2025-09-04,Executive Reporting,234,347,0.6744,0.5301,11700
CUST-0094,2025-09-04,Collaboration,234,347,0.6744,0.8607,21996
CUST-0094,2025-10-04,Analytics,239,347,0.6888,0.5166,15296
CUST-0094,2025-10-04,Workflow Automation,239,347,0.6888,0.8951,9321
CUST-0094,2025-10-04,API Integration,239,347,0.6888,0.865,8843
CUST-0094,2025-10-04,Executive Reporting,239,347,0.6888,0.7748,3107
CUST-0094,2025-10-04,Collaboration,239,347,0.6888,0.4255,15774
CUST-0094,2025-11-03,Analytics,235,347,0.6772,0.8714,3055
CUST-0094,2025-11-03,Workflow Automation,235,347,0.6772,0.5942,8460
CUST-0094,2025-11-03,API Integration,235,347,0.6772,0.5592,15745
CUST-0094,2025-11-03,Executive Reporting,235,347,0.6772,0.5912,8225
CUST-0094,2025-11-03,Collaboration,235,347,0.6772,0.4631,13630
CUST-0094,2025-12-03,Analytics,254,347,0.732,0.4186,8128
CUST-0094,2025-12-03,Workflow Automation,254,347,0.732,0.6287,21336
CUST-0094,2025-12-03,API Integration,254,347,0.732,0.7485,6350
CUST-0094,2025-12-03,Executive Reporting,254,347,0.732,0.4396,9144
CUST-0094,2025-12-03,Collaboration,254,347,0.732,0.4162,18288
CUST-0094,2026-01-02,Analytics,260,347,0.7493,0.5471,13000
CUST-0094,2026-01-02,Workflow Automation,260,347,0.7493,0.5783,9360
CUST-0094,2026-01-02,API Integration,260,347,0.7493,0.8918,19240
CUST-0094,2026-01-02,Executive Reporting,260,347,0.7493,0.5479,10920
CUST-0094,2026-01-02,Collaboration,260,347,0.7493,0.6298,17680
CUST-0094,2026-02-01,Analytics,231,347,0.6657,0.559,14553
CUST-0094,2026-02-01,Workflow Automation,231,347,0.6657,0.5702,5082
CUST-0094,2026-02-01,API Integration,231,347,0.6657,0.5451,11319
CUST-0094,2026-02-01,Executive Reporting,231,347,0.6657,0.8101,15015
CUST-0094,2026-02-01,Collaboration,231,347,0.6657,0.8703,21483
CUST-0094,2026-03-03,Analytics,242,347,0.6974,0.8998,4840
CUST-0094,2026-03-03,Workflow Automation,242,347,0.6974,0.7077,14278
CUST-0094,2026-03-03,API Integration,242,347,0.6974,0.8318,2904
CUST-0094,2026-03-03,Executive Reporting,242,347,0.6974,0.8732,10890
CUST-0094,2026-03-03,Collaboration,242,347,0.6974,0.7513,12342
CUST-0094,2026-04-02,Analytics,232,347,0.6686,0.8161,7424
CUST-0094,2026-04-02,Workflow Automation,232,347,0.6686,0.6605,6032
CUST-0094,2026-04-02,API Integration,232,347,0.6686,0.6352,6264
CUST-0094,2026-04-02,Executive Reporting,232,347,0.6686,0.7323,3248
CUST-0094,2026-04-02,Collaboration,232,347,0.6686,0.3836,8352
CUST-0094,2026-05-02,Analytics,236,347,0.6801,0.635,11972
CUST-0094,2026-05-02,Workflow Automation,236,347,0.6801,0.6138,6301
CUST-0094,2026-05-02,API Integration,236,347,0.6801,0.5167,6721
CUST-0094,2026-05-02,Executive Reporting,236,347,0.6801,0.7698,6091
CUST-0094,2026-05-02,Collaboration,236,347,0.6801,0.6747,19953
CUST-0094,2026-06-01,Analytics,185,347,0.5331,0.6501,3463
CUST-0094,2026-06-01,Workflow Automation,185,347,0.5331,0.6104,1875
CUST-0094,2026-06-01,API Integration,185,347,0.5331,0.4865,7070
CUST-0094,2026-06-01,Executive Reporting,185,347,0.5331,0.4462,8225
CUST-0094,2026-06-01,Collaboration,185,347,0.5331,0.663,6204
CUST-0094,2026-07-01,Analytics,171,347,0.4928,0.245,1489
CUST-0094,2026-07-01,Workflow Automation,171,347,0.4928,0.3567,8019
CUST-0094,2026-07-01,API Integration,171,347,0.4928,0.2471,3207
CUST-0094,2026-07-01,Executive Reporting,171,347,0.4928,0.5712,1718
CUST-0094,2026-07-01,Collaboration,171,347,0.4928,0.4333,9853
CUST-0094,2026-07-31,Analytics,145,347,0.4179,0.2483,1786
CUST-0094,2026-07-31,Workflow Automation,145,347,0.4179,0.2006,3085
CUST-0094,2026-07-31,API Integration,145,347,0.4179,0.2244,1461
CUST-0094,2026-07-31,Executive Reporting,145,347,0.4179,0.2306,5684
CUST-0094,2026-07-31,Collaboration,145,347,0.4179,0.339,5115
CUST-0095,2025-09-04,Analytics,622,862,0.7216,0.7952,6220
CUST-0095,2025-09-04,Workflow Automation,622,862,0.7216,0.5213,43540
CUST-0095,2025-09-04,API Integration,622,862,0.7216,0.8448,26124
CUST-0095,2025-09-04,Executive Reporting,622,862,0.7216,0.4205,58468
CUST-0095,2025-09-04,Collaboration,622,862,0.7216,0.647,54736
CUST-0095,2025-10-04,Analytics,610,862,0.7077,0.403,44975
CUST-0095,2025-10-04,Workflow Automation,610,862,0.7077,0.7618,51136
CUST-0095,2025-10-04,API Integration,610,862,0.7077,0.458,23411
CUST-0095,2025-10-04,Executive Reporting,610,862,0.7077,0.6331,17250
CUST-0095,2025-10-04,Collaboration,610,862,0.7077,0.4741,12322
CUST-0095,2025-11-03,Analytics,624,862,0.7239,0.7445,29278
CUST-0095,2025-11-03,Workflow Automation,624,862,0.7239,0.8378,14639
CUST-0095,2025-11-03,API Integration,624,862,0.7239,0.4874,26732
CUST-0095,2025-11-03,Executive Reporting,624,862,0.7239,0.4515,59829
CUST-0095,2025-11-03,Collaboration,624,862,0.7239,0.5156,63648
CUST-0095,2025-12-03,Analytics,652,862,0.7564,0.7176,51038
CUST-0095,2025-12-03,Workflow Automation,652,862,0.7564,0.6343,29548
CUST-0095,2025-12-03,API Integration,652,862,0.7564,0.7679,17460
CUST-0095,2025-12-03,Executive Reporting,652,862,0.7564,0.5304,38278
CUST-0095,2025-12-03,Collaboration,652,862,0.7564,0.7137,56411
CUST-0095,2026-01-02,Analytics,635,862,0.7367,0.8179,38963
CUST-0095,2026-01-02,Workflow Automation,635,862,0.7367,0.6975,23114
CUST-0095,2026-01-02,API Integration,635,862,0.7367,0.8887,7264
CUST-0095,2026-01-02,Executive Reporting,635,862,0.7367,0.4286,9245
CUST-0095,2026-01-02,Collaboration,635,862,0.7367,0.8095,26416
CUST-0095,2026-02-01,Analytics,584,862,0.6775,0.5274,50895
CUST-0095,2026-02-01,Workflow Automation,584,862,0.6775,0.6144,33112
CUST-0095,2026-02-01,API Integration,584,862,0.6775,0.4533,50895
CUST-0095,2026-02-01,Executive Reporting,584,862,0.6775,0.5731,22688
CUST-0095,2026-02-01,Collaboration,584,862,0.6775,0.5993,26367
CUST-0095,2026-03-03,Analytics,628,862,0.7285,0.4148,29955
CUST-0095,2026-03-03,Workflow Automation,628,862,0.7285,0.7105,49926
CUST-0095,2026-03-03,API Integration,628,862,0.7285,0.8581,35281
CUST-0095,2026-03-03,Executive Reporting,628,862,0.7285,0.8982,21967
CUST-0095,2026-03-03,Collaboration,628,862,0.7285,0.4904,47928
CUST-0095,2026-04-02,Analytics,657,862,0.7622,0.601,15465
CUST-0095,2026-04-02,Workflow Automation,657,862,0.7622,0.7174,37258
CUST-0095,2026-04-02,API Integration,657,862,0.7622,0.7698,30228
CUST-0095,2026-04-02,Executive Reporting,657,862,0.7622,0.3847,39367
CUST-0095,2026-04-02,Collaboration,657,862,0.7622,0.5846,9138
CUST-0095,2026-05-02,Analytics,683,862,0.7923,0.4194,28767
CUST-0095,2026-05-02,Workflow Automation,683,862,0.7923,0.8863,17703
CUST-0095,2026-05-02,API Integration,683,862,0.7923,0.4162,34669
CUST-0095,2026-05-02,Executive Reporting,683,862,0.7923,0.4195,39832
CUST-0095,2026-05-02,Collaboration,683,862,0.7923,0.5189,47946
CUST-0095,2026-06-01,Analytics,647,862,0.7506,0.8668,52187
CUST-0095,2026-06-01,Workflow Automation,647,862,0.7506,0.4504,52892
CUST-0095,2026-06-01,API Integration,647,862,0.7506,0.4572,68407
CUST-0095,2026-06-01,Executive Reporting,647,862,0.7506,0.472,8462
CUST-0095,2026-06-01,Collaboration,647,862,0.7506,0.4593,38787
CUST-0095,2026-07-01,Analytics,650,862,0.7541,0.779,58630
CUST-0095,2026-07-01,Workflow Automation,650,862,0.7541,0.823,55055
CUST-0095,2026-07-01,API Integration,650,862,0.7541,0.3758,55770
CUST-0095,2026-07-01,Executive Reporting,650,862,0.7541,0.5495,27885
CUST-0095,2026-07-01,Collaboration,650,862,0.7541,0.7315,55055
CUST-0095,2026-07-31,Analytics,618,862,0.7169,0.4373,66540
CUST-0095,2026-07-31,Workflow Automation,618,862,0.7169,0.4411,62424
CUST-0095,2026-07-31,API Integration,618,862,0.7169,0.8224,26067
CUST-0095,2026-07-31,Executive Reporting,618,862,0.7169,0.8138,19893
CUST-0095,2026-07-31,Collaboration,618,862,0.7169,0.6475,60366
CUST-0096,2025-09-04,Analytics,457,812,0.5628,0.8775,27877
CUST-0096,2025-09-04,Workflow Automation,457,812,0.5628,0.5131,34732
CUST-0096,2025-09-04,API Integration,457,812,0.5628,0.8846,31990
CUST-0096,2025-09-04,Executive Reporting,457,812,0.5628,0.6074,12339
CUST-0096,2025-09-04,Collaboration,457,812,0.5628,0.7469,21936
CUST-0096,2025-10-04,Analytics,440,812,0.5419,0.4882,35996
CUST-0096,2025-10-04,Workflow Automation,440,812,0.5419,0.7175,15998
CUST-0096,2025-10-04,API Integration,440,812,0.5419,0.8577,39107
CUST-0096,2025-10-04,Executive Reporting,440,812,0.5419,0.6767,7999
CUST-0096,2025-10-04,Collaboration,440,812,0.5419,0.3826,27552
CUST-0096,2025-11-03,Analytics,455,812,0.5603,0.6145,13923
CUST-0096,2025-11-03,Workflow Automation,455,812,0.5603,0.7705,19028
CUST-0096,2025-11-03,API Integration,455,812,0.5603,0.5652,13923
CUST-0096,2025-11-03,Executive Reporting,455,812,0.5603,0.7053,27846
CUST-0096,2025-11-03,Collaboration,455,812,0.5603,0.6753,19028
CUST-0096,2025-12-03,Analytics,514,812,0.633,0.3888,23823
CUST-0096,2025-12-03,Workflow Automation,514,812,0.633,0.4272,32294
CUST-0096,2025-12-03,API Integration,514,812,0.633,0.4179,44471
CUST-0096,2025-12-03,Executive Reporting,514,812,0.633,0.8694,15353
CUST-0096,2025-12-03,Collaboration,514,812,0.633,0.4632,14823
CUST-0096,2026-01-02,Analytics,506,812,0.6232,0.7683,5788
CUST-0096,2026-01-02,Workflow Automation,506,812,0.6232,0.7002,39994
CUST-0096,2026-01-02,API Integration,506,812,0.6232,0.5211,12103
CUST-0096,2026-01-02,Executive Reporting,506,812,0.6232,0.7744,45256
CUST-0096,2026-01-02,Collaboration,506,812,0.6232,0.6091,49466
CUST-0096,2026-02-01,Analytics,492,812,0.6059,0.8022,40811
CUST-0096,2026-02-01,Workflow Automation,492,812,0.6059,0.7586,35128
CUST-0096,2026-02-01,API Integration,492,812,0.6059,0.4345,27379
CUST-0096,2026-02-01,Executive Reporting,492,812,0.6059,0.8314,7749
CUST-0096,2026-02-01,Collaboration,492,812,0.6059,0.5598,21697
CUST-0096,2026-03-03,Analytics,471,812,0.58,0.6066,41937
CUST-0096,2026-03-03,Workflow Automation,471,812,0.58,0.4427,49926
CUST-0096,2026-03-03,API Integration,471,812,0.58,0.7303,35946
CUST-0096,2026-03-03,Executive Reporting,471,812,0.58,0.7672,18971
CUST-0096,2026-03-03,Collaboration,471,812,0.58,0.6376,10484
CUST-0096,2026-04-02,Analytics,547,812,0.6736,0.6818,50334
CUST-0096,2026-04-02,Workflow Automation,547,812,0.6736,0.8258,23411
CUST-0096,2026-04-02,API Integration,547,812,0.6736,0.8281,55602
CUST-0096,2026-04-02,Executive Reporting,547,812,0.6736,0.622,57943
CUST-0096,2026-04-02,Collaboration,547,812,0.6736,0.8798,36873
CUST-0096,2026-05-02,Analytics,475,812,0.585,0.4079,23085
CUST-0096,2026-05-02,Workflow Automation,475,812,0.585,0.8133,23085
CUST-0096,2026-05-02,API Integration,475,812,0.585,0.8476,46683
CUST-0096,2026-05-02,Executive Reporting,475,812,0.585,0.6293,32319
CUST-0096,2026-05-02,Collaboration,475,812,0.585,0.7168,21546
CUST-0096,2026-06-01,Analytics,556,812,0.6847,0.3957,13332
CUST-0096,2026-06-01,Workflow Automation,556,812,0.6847,0.7422,43634
CUST-0096,2026-06-01,API Integration,556,812,0.6847,0.4835,44240
CUST-0096,2026-06-01,Executive Reporting,556,812,0.6847,0.4718,39392
CUST-0096,2026-06-01,Collaboration,556,812,0.6847,0.7161,13938
CUST-0096,2026-07-01,Analytics,562,812,0.6921,0.8044,44510
CUST-0096,2026-07-01,Workflow Automation,562,812,0.6921,0.6584,50692
CUST-0096,2026-07-01,API Integration,562,812,0.6921,0.5567,46983
CUST-0096,2026-07-01,Executive Reporting,562,812,0.6921,0.8287,58729
CUST-0096,2026-07-01,Collaboration,562,812,0.6921,0.5604,53783
CUST-0096,2026-07-31,Analytics,493,812,0.6071,0.811,50345
CUST-0096,2026-07-31,Workflow Automation,493,812,0.6071,0.8747,45420
CUST-0096,2026-07-31,API Integration,493,812,0.6071,0.4022,21889
CUST-0096,2026-07-31,Executive Reporting,493,812,0.6071,0.5484,52534
CUST-0096,2026-07-31,Collaboration,493,812,0.6071,0.7401,47609
CUST-0097,2025-09-04,Analytics,487,795,0.6126,0.3719,44804
CUST-0097,2025-09-04,Workflow Automation,487,795,0.6126,0.7835,33116
CUST-0097,2025-09-04,API Integration,487,795,0.6126,0.6653,37012
CUST-0097,2025-09-04,Executive Reporting,487,795,0.6126,0.3705,29707
CUST-0097,2025-09-04,Collaboration,487,795,0.6126,0.7972,43830
CUST-0097,2025-10-04,Analytics,494,795,0.6214,0.5875,6486
CUST-0097,2025-10-04,Workflow Automation,494,795,0.6214,0.4688,16465
CUST-0097,2025-10-04,API Integration,494,795,0.6214,0.3633,25944
CUST-0097,2025-10-04,Executive Reporting,494,795,0.6214,0.4043,30934
CUST-0097,2025-10-04,Collaboration,494,795,0.6214,0.791,33927
CUST-0097,2025-11-03,Analytics,507,795,0.6377,0.4894,50162
CUST-0097,2025-11-03,Workflow Automation,507,795,0.6377,0.5392,21202
CUST-0097,2025-11-03,API Integration,507,795,0.6377,0.5021,8274
CUST-0097,2025-11-03,Executive Reporting,507,795,0.6377,0.5285,51196
CUST-0097,2025-11-03,Collaboration,507,795,0.6377,0.895,22237
CUST-0097,2025-12-03,Analytics,505,795,0.6352,0.4383,42132
CUST-0097,2025-12-03,Workflow Automation,505,795,0.6352,0.7739,41612
CUST-0097,2025-12-03,API Integration,505,795,0.6352,0.7066,31729
CUST-0097,2025-12-03,Executive Reporting,505,795,0.6352,0.7643,16644
CUST-0097,2025-12-03,Collaboration,505,795,0.6352,0.8146,10923
CUST-0097,2026-01-02,Analytics,476,795,0.5987,0.689,19306
CUST-0097,2026-01-02,Workflow Automation,476,795,0.5987,0.5241,24256
CUST-0097,2026-01-02,API Integration,476,795,0.5987,0.4057,10395
CUST-0097,2026-01-02,Executive Reporting,476,795,0.5987,0.7017,24752
CUST-0097,2026-01-02,Collaboration,476,795,0.5987,0.692,45048
CUST-0097,2026-02-01,Analytics,469,795,0.5899,0.5605,21175
CUST-0097,2026-02-01,Workflow Automation,469,795,0.5899,0.8208,35456
CUST-0097,2026-02-01,API Integration,469,795,0.5899,0.5428,32501
CUST-0097,2026-02-01,Executive Reporting,469,795,0.5899,0.8427,14773
CUST-0097,2026-02-01,Collaboration,469,795,0.5899,0.8776,25114
CUST-0097,2026-03-03,Analytics,460,795,0.5786,0.4544,23892
CUST-0097,2026-03-03,Workflow Automation,460,795,0.5786,0.8499,48272
CUST-0097,2026-03-03,API Integration,460,795,0.5786,0.7033,22917
CUST-0097,2026-03-03,Executive Reporting,460,795,0.5786,0.7662,38032
CUST-0097,2026-03-03,Collaboration,460,795,0.5786,0.4478,43396
CUST-0097,2026-04-02,Analytics,519,795,0.6528,0.4592,11661
CUST-0097,2026-04-02,Workflow Automation,519,795,0.6528,0.7414,52201
CUST-0097,2026-04-02,API Integration,519,795,0.6528,0.5726,23879
CUST-0097,2026-04-02,Executive Reporting,519,795,0.6528,0.4302,29432
CUST-0097,2026-04-02,Collaboration,519,795,0.6528,0.6431,33319
CUST-0097,2026-05-02,Analytics,478,795,0.6013,0.5619,24263
CUST-0097,2026-05-02,Workflow Automation,478,795,0.6013,0.6874,10324
CUST-0097,2026-05-02,API Integration,478,795,0.6013,0.5281,19617
CUST-0097,2026-05-02,Executive Reporting,478,795,0.6013,0.5934,7743
CUST-0097,2026-05-02,Collaboration,478,795,0.6013,0.4852,14970
CUST-0097,2026-06-01,Analytics,527,795,0.6629,0.5006,41933
CUST-0097,2026-06-01,Workflow Automation,527,795,0.6629,0.4735,56294
CUST-0097,2026-06-01,API Integration,527,795,0.6629,0.8908,23551
CUST-0097,2026-06-01,Executive Reporting,527,795,0.6629,0.8313,37912
CUST-0097,2026-06-01,Collaboration,527,795,0.6629,0.7063,21253
CUST-0097,2026-07-01,Analytics,488,795,0.6138,0.5132,6441
CUST-0097,2026-07-01,Workflow Automation,488,795,0.6138,0.8216,38112
CUST-0097,2026-07-01,API Integration,488,795,0.6138,0.8109,33818
CUST-0097,2026-07-01,Executive Reporting,488,795,0.6138,0.656,44017
CUST-0097,2026-07-01,Collaboration,488,795,0.6138,0.4557,17714
CUST-0097,2026-07-31,Analytics,551,795,0.6931,0.6695,55044
CUST-0097,2026-07-31,Workflow Automation,551,795,0.6931,0.6665,36084
CUST-0097,2026-07-31,API Integration,551,795,0.6931,0.7607,61161
CUST-0097,2026-07-31,Executive Reporting,551,795,0.6931,0.7882,34250
CUST-0097,2026-07-31,Collaboration,551,795,0.6931,0.7919,26299
CUST-0098,2025-09-04,Analytics,511,684,0.7471,0.8653,25550
CUST-0098,2025-09-04,Workflow Automation,511,684,0.7471,0.6472,9709
CUST-0098,2025-09-04,API Integration,511,684,0.7471,0.877,13797
CUST-0098,2025-09-04,Executive Reporting,511,684,0.7471,0.5269,50589
CUST-0098,2025-09-04,Collaboration,511,684,0.7471,0.4858,39858
CUST-0098,2025-10-04,Analytics,491,684,0.7178,0.4031,36697
CUST-0098,2025-10-04,Workflow Automation,491,684,0.7178,0.7396,38680
CUST-0098,2025-10-04,API Integration,491,684,0.7178,0.5224,43144
CUST-0098,2025-10-04,Executive Reporting,491,684,0.7178,0.4753,26779
CUST-0098,2025-10-04,Collaboration,491,684,0.7178,0.7447,45623
CUST-0098,2025-11-03,Analytics,528,684,0.7719,0.8016,20465
CUST-0098,2025-11-03,Workflow Automation,528,684,0.7719,0.6059,44700
CUST-0098,2025-11-03,API Integration,528,684,0.7719,0.8101,36622
CUST-0098,2025-11-03,Executive Reporting,528,684,0.7719,0.6903,39314
CUST-0098,2025-11-03,Collaboration,528,684,0.7719,0.6751,9694
CUST-0098,2025-12-03,Analytics,531,684,0.7763,0.4442,44301
CUST-0098,2025-12-03,Workflow Automation,531,684,0.7763,0.5967,50864
CUST-0098,2025-12-03,API Integration,531,684,0.7763,0.3817,29534
CUST-0098,2025-12-03,Executive Reporting,531,684,0.7763,0.6121,54693
CUST-0098,2025-12-03,Collaboration,531,684,0.7763,0.4313,53052
CUST-0098,2026-01-02,Analytics,488,684,0.7135,0.8751,22838
CUST-0098,2026-01-02,Workflow Automation,488,684,0.7135,0.6634,6597
CUST-0098,2026-01-02,API Integration,488,684,0.7135,0.7425,36541
CUST-0098,2026-01-02,Executive Reporting,488,684,0.7135,0.587,13703
CUST-0098,2026-01-02,Collaboration,488,684,0.7135,0.8924,18778
CUST-0098,2026-02-01,Analytics,518,684,0.7573,0.5204,53846
CUST-0098,2026-02-01,Workflow Automation,518,684,0.7573,0.7211,28282
CUST-0098,2026-02-01,API Integration,518,684,0.7573,0.4779,40792
CUST-0098,2026-02-01,Executive Reporting,518,684,0.7573,0.8704,15229
CUST-0098,2026-02-01,Collaboration,518,684,0.7573,0.7715,52758
CUST-0098,2026-03-03,Analytics,516,684,0.7544,0.8245,48132
CUST-0098,2026-03-03,Workflow Automation,516,684,0.7544,0.3791,30082
CUST-0098,2026-03-03,API Integration,516,684,0.7544,0.6731,10392
CUST-0098,2026-03-03,Executive Reporting,516,684,0.7544,0.6876,42115
CUST-0098,2026-03-03,Collaboration,516,684,0.7544,0.5775,16408
CUST-0098,2026-04-02,Analytics,533,684,0.7792,0.4868,49046
CUST-0098,2026-04-02,Workflow Automation,533,684,0.7792,0.7756,18249
CUST-0098,2026-04-02,API Integration,533,684,0.7792,0.8097,7414
CUST-0098,2026-04-02,Executive Reporting,533,684,0.7792,0.7072,41632
CUST-0098,2026-04-02,Collaboration,533,684,0.7792,0.7508,29656
CUST-0098,2026-05-02,Analytics,485,684,0.7091,0.8704,43475
CUST-0098,2026-05-02,Workflow Automation,485,684,0.7091,0.7355,50808
CUST-0098,2026-05-02,API Integration,485,684,0.7091,0.5631,32475
CUST-0098,2026-05-02,Executive Reporting,485,684,0.7091,0.5597,36666
CUST-0098,2026-05-02,Collaboration,485,684,0.7091,0.4262,27761
CUST-0098,2026-06-01,Analytics,497,684,0.7266,0.5212,17335
CUST-0098,2026-06-01,Workflow Automation,497,684,0.7266,0.739,22752
CUST-0098,2026-06-01,API Integration,497,684,0.7266,0.6248,17877
CUST-0098,2026-06-01,Executive Reporting,497,684,0.7266,0.4933,18960
CUST-0098,2026-06-01,Collaboration,497,684,0.7266,0.4747,49839
CUST-0098,2026-07-01,Analytics,540,684,0.7895,0.5368,13068
CUST-0098,2026-07-01,Workflow Automation,540,684,0.7895,0.6381,7128
CUST-0098,2026-07-01,API Integration,540,684,0.7895,0.8336,10098
CUST-0098,2026-07-01,Executive Reporting,540,684,0.7895,0.8901,10098
CUST-0098,2026-07-01,Collaboration,540,684,0.7895,0.7255,13068
CUST-0098,2026-07-31,Analytics,505,684,0.7383,0.88,43162
CUST-0098,2026-07-31,Workflow Automation,505,684,0.7383,0.3569,28588
CUST-0098,2026-07-31,API Integration,505,684,0.7383,0.5616,7287
CUST-0098,2026-07-31,Executive Reporting,505,684,0.7383,0.79,45965
CUST-0098,2026-07-31,Collaboration,505,684,0.7383,0.6599,10089
CUST-0099,2025-09-04,Analytics,220,283,0.7774,0.45,8140
CUST-0099,2025-09-04,Workflow Automation,220,283,0.7774,0.8867,4840
CUST-0099,2025-09-04,API Integration,220,283,0.7774,0.8297,6380
CUST-0099,2025-09-04,Executive Reporting,220,283,0.7774,0.6798,18260
CUST-0099,2025-09-04,Collaboration,220,283,0.7774,0.4473,14520
CUST-0099,2025-10-04,Analytics,223,283,0.788,0.8338,7136
CUST-0099,2025-10-04,Workflow Automation,223,283,0.788,0.629,14718
CUST-0099,2025-10-04,API Integration,223,283,0.788,0.3667,3122
CUST-0099,2025-10-04,Executive Reporting,223,283,0.788,0.8644,5575
CUST-0099,2025-10-04,Collaboration,223,283,0.788,0.794,10927
CUST-0099,2025-11-03,Analytics,231,283,0.8163,0.4093,22407
CUST-0099,2025-11-03,Workflow Automation,231,283,0.8163,0.4492,17556
CUST-0099,2025-11-03,API Integration,231,283,0.8163,0.4421,5082
CUST-0099,2025-11-03,Executive Reporting,231,283,0.8163,0.6237,20097
CUST-0099,2025-11-03,Collaboration,231,283,0.8163,0.4354,20328
CUST-0099,2025-12-03,Analytics,230,283,0.8127,0.8658,21620
CUST-0099,2025-12-03,Workflow Automation,230,283,0.8127,0.6514,13570
CUST-0099,2025-12-03,API Integration,230,283,0.8127,0.7812,5520
CUST-0099,2025-12-03,Executive Reporting,230,283,0.8127,0.7178,4140
CUST-0099,2025-12-03,Collaboration,230,283,0.8127,0.5361,12880
CUST-0099,2026-01-02,Analytics,203,283,0.7173,0.8782,14616
CUST-0099,2026-01-02,Workflow Automation,203,283,0.7173,0.4536,12383
CUST-0099,2026-01-02,API Integration,203,283,0.7173,0.3729,3451
CUST-0099,2026-01-02,Executive Reporting,203,283,0.7173,0.8541,14413
CUST-0099,2026-01-02,Collaboration,203,283,0.7173,0.796,19082
CUST-0099,2026-02-01,Analytics,223,283,0.788,0.8115,4906
CUST-0099,2026-02-01,Workflow Automation,223,283,0.788,0.8163,4683
CUST-0099,2026-02-01,API Integration,223,283,0.788,0.7149,11373
CUST-0099,2026-02-01,Executive Reporting,223,283,0.788,0.8515,18286
CUST-0099,2026-02-01,Collaboration,223,283,0.788,0.6663,17394
CUST-0099,2026-03-03,Analytics,216,283,0.7633,0.7663,19872
CUST-0099,2026-03-03,Workflow Automation,216,283,0.7633,0.4605,11016
CUST-0099,2026-03-03,API Integration,216,283,0.7633,0.4245,7560
CUST-0099,2026-03-03,Executive Reporting,216,283,0.7633,0.5111,19440
CUST-0099,2026-03-03,Collaboration,216,283,0.7633,0.5845,14040
CUST-0099,2026-04-02,Analytics,211,283,0.7456,0.6198,15192
CUST-0099,2026-04-02,Workflow Automation,211,283,0.7456,0.4074,17091
CUST-0099,2026-04-02,API Integration,211,283,0.7456,0.6163,12449
CUST-0099,2026-04-02,Executive Reporting,211,283,0.7456,0.5182,9706
CUST-0099,2026-04-02,Collaboration,211,283,0.7456,0.774,20889
CUST-0099,2026-05-02,Analytics,200,283,0.7067,0.8072,6800
CUST-0099,2026-05-02,Workflow Automation,200,283,0.7067,0.8707,9800
CUST-0099,2026-05-02,API Integration,200,283,0.7067,0.8407,16600
CUST-0099,2026-05-02,Executive Reporting,200,283,0.7067,0.6485,18400
CUST-0099,2026-05-02,Collaboration,200,283,0.7067,0.5225,3200
CUST-0099,2026-06-01,Analytics,217,283,0.7668,0.376,10416
CUST-0099,2026-06-01,Workflow Automation,217,283,0.7668,0.5617,11935
CUST-0099,2026-06-01,API Integration,217,283,0.7668,0.8803,3472
CUST-0099,2026-06-01,Executive Reporting,217,283,0.7668,0.8031,21049
CUST-0099,2026-06-01,Collaboration,217,283,0.7668,0.8305,16275
CUST-0099,2026-07-01,Analytics,216,283,0.7633,0.4481,12312
CUST-0099,2026-07-01,Workflow Automation,216,283,0.7633,0.7246,3240
CUST-0099,2026-07-01,API Integration,216,283,0.7633,0.8509,4752
CUST-0099,2026-07-01,Executive Reporting,216,283,0.7633,0.6015,7128
CUST-0099,2026-07-01,Collaboration,216,283,0.7633,0.8408,10800
CUST-0099,2026-07-31,Analytics,201,283,0.7102,0.462,7236
CUST-0099,2026-07-31,Workflow Automation,201,283,0.7102,0.6641,17688
CUST-0099,2026-07-31,API Integration,201,283,0.7102,0.3586,11658
CUST-0099,2026-07-31,Executive Reporting,201,283,0.7102,0.4633,19698
CUST-0099,2026-07-31,Collaboration,201,283,0.7102,0.414,9447
CUST-0100,2025-09-04,Analytics,45,76,0.5921,0.8534,2340
CUST-0100,2025-09-04,Workflow Automation,45,76,0.5921,0.8914,2655
CUST-0100,2025-09-04,API Integration,45,76,0.5921,0.8046,2565
CUST-0100,2025-09-04,Executive Reporting,45,76,0.5921,0.8547,2745
CUST-0100,2025-09-04,Collaboration,45,76,0.5921,0.3746,1260
CUST-0100,2025-10-04,Analytics,45,76,0.5921,0.692,1954
CUST-0100,2025-10-04,Workflow Automation,45,76,0.5921,0.8351,2908
CUST-0100,2025-10-04,API Integration,45,76,0.5921,0.7242,4545
CUST-0100,2025-10-04,Executive Reporting,45,76,0.5921,0.8251,4090
CUST-0100,2025-10-04,Collaboration,45,76,0.5921,0.5204,4226
CUST-0100,2025-11-03,Analytics,46,76,0.6053,0.4999,4598
CUST-0100,2025-11-03,Workflow Automation,46,76,0.6053,0.3556,2909
CUST-0100,2025-11-03,API Integration,46,76,0.6053,0.5574,1595
CUST-0100,2025-11-03,Executive Reporting,46,76,0.6053,0.7992,3378
CUST-0100,2025-11-03,Collaboration,46,76,0.6053,0.4894,516
CUST-0100,2025-12-03,Analytics,46,76,0.6053,0.5675,4690
CUST-0100,2025-12-03,Workflow Automation,46,76,0.6053,0.7719,1231
CUST-0100,2025-12-03,API Integration,46,76,0.6053,0.7146,1800
CUST-0100,2025-12-03,Executive Reporting,46,76,0.6053,0.3888,1137
CUST-0100,2025-12-03,Collaboration,46,76,0.6053,0.4134,3411
CUST-0100,2026-01-02,Analytics,42,76,0.5526,0.6453,1354
CUST-0100,2026-01-02,Workflow Automation,42,76,0.5526,0.8689,1834
CUST-0100,2026-01-02,API Integration,42,76,0.5526,0.8754,4280
CUST-0100,2026-01-02,Executive Reporting,42,76,0.5526,0.569,3407
CUST-0100,2026-01-02,Collaboration,42,76,0.5526,0.5075,3581
CUST-0100,2026-02-01,Analytics,44,76,0.5789,0.7685,2772
CUST-0100,2026-02-01,Workflow Automation,44,76,0.5789,0.8026,1617
CUST-0100,2026-02-01,API Integration,44,76,0.5789,0.8726,3742
CUST-0100,2026-02-01,Executive Reporting,44,76,0.5789,0.8155,1617
CUST-0100,2026-02-01,Collaboration,44,76,0.5789,0.4199,646
CUST-0100,2026-03-03,Analytics,46,76,0.6053,0.4101,1901
CUST-0100,2026-03-03,Workflow Automation,46,76,0.6053,0.3709,2876
CUST-0100,2026-03-03,API Integration,46,76,0.6053,0.4515,4778
CUST-0100,2026-03-03,Executive Reporting,46,76,0.6053,0.7935,1950
CUST-0100,2026-03-03,Collaboration,46,76,0.6053,0.5898,2779
CUST-0100,2026-04-02,Analytics,46,76,0.6053,0.4285,4232
CUST-0100,2026-04-02,Workflow Automation,46,76,0.6053,0.773,4626
CUST-0100,2026-04-02,API Integration,46,76,0.6053,0.8635,1673
CUST-0100,2026-04-02,Executive Reporting,46,76,0.6053,0.7727,2461
CUST-0100,2026-04-02,Collaboration,46,76,0.6053,0.3741,541
CUST-0100,2026-05-02,Analytics,50,76,0.6579,0.5377,2268
CUST-0100,2026-05-02,Workflow Automation,50,76,0.6579,0.857,2916
CUST-0100,2026-05-02,API Integration,50,76,0.6579,0.6041,4968
CUST-0100,2026-05-02,Executive Reporting,50,76,0.6579,0.381,3132
CUST-0100,2026-05-02,Collaboration,50,76,0.6579,0.4342,2538
CUST-0100,2026-06-01,Analytics,48,76,0.6316,0.4739,4708
CUST-0100,2026-06-01,Workflow Automation,48,76,0.6316,0.4569,4918
CUST-0100,2026-06-01,API Integration,48,76,0.6316,0.7466,680
CUST-0100,2026-06-01,Executive Reporting,48,76,0.6316,0.8292,941
CUST-0100,2026-06-01,Collaboration,48,76,0.6316,0.8139,4551
CUST-0100,2026-07-01,Analytics,48,76,0.6316,0.6563,1478
CUST-0100,2026-07-01,Workflow Automation,48,76,0.6316,0.6509,2640
CUST-0100,2026-07-01,API Integration,48,76,0.6316,0.3812,5121
CUST-0100,2026-07-01,Executive Reporting,48,76,0.6316,0.3858,4012
CUST-0100,2026-07-01,Collaboration,48,76,0.6316,0.6439,4699
CUST-0100,2026-07-31,Analytics,50,76,0.6579,0.7482,2830
CUST-0100,2026-07-31,Workflow Automation,50,76,0.6579,0.5537,1554
CUST-0100,2026-07-31,API Integration,50,76,0.6579,0.8458,5383
CUST-0100,2026-07-31,Executive Reporting,50,76,0.6579,0.4785,3219
CUST-0100,2026-07-31,Collaboration,50,76,0.6579,0.3519,943
